Product ID,Product Name,Category,Quantity,MRP,Shelf Life (Months),Manufacturer,Manufacturer Address,Organic Certifications,Batch Number,Manufacture Date,Expiry Date,Arrival Date at Retailer,Retailer Name,Retailer Address,Current Stock,Batch Status,Blockchain Hash
ORG-MIL-IK32,Organic Whole Milk,Milk,500g,635,24,Jaggi-Salvi Organic Farms,"H.No. 583, Barad Path, Visakhapatnam",India Organic,ORG-MIL-IK32-20241027-TF24,27-10-2024,17-10-2026,29-10-2024,Green Fields,"Green Fields (Banjara Hills), Hyderabad",50,In Stock,04a96f563a548883c0cae17933019da0e5fa154dece7555ad29ea0eac3018aa5
ORG-MIL-IK32,Organic Whole Milk,Milk,500g,635,24,Jaggi-Salvi Organic Farms,"H.No. 583, Barad Path, Visakhapatnam",India Organic,ORG-MIL-IK32-20241105-QL97,05-11-2024,26-10-2026,11-11-2024,Eco Store,"Eco Store (Mavoor Road), Kozhikode",6,Low Stock,0bd29a78a8154d2ad144f82f446b65de7f44bd07cb5b39267f4171180b2d423e
ORG-MIL-IK32,Organic Whole Milk,Milk,500g,635,24,Jaggi-Salvi Organic Farms,"H.No. 583, Barad Path, Visakhapatnam",India Organic,ORG-MIL-IK32-20250206-iz03,06-02-2025,27-01-2027,17-02-2025,Coastal Organics,"Coastal Organics (Beach Road), Visakhapatnam",31,In Stock,4d5dc828e9ed41305ffc69650e13f9dacdb01c5e94ac5a14a5b816fd1d688e30
ORG-MIL-IK32,Organic Whole Milk,Milk,500g,635,24,Jaggi-Salvi Organic Farms,"H.No. 583, Barad Path, Visakhapatnam",India Organic,ORG-MIL-IK32-20241014-Mt73,14-10-2024,04-10-2026,27-10-2024,Eco Friendly,"Eco Friendly (Gachibowli), Hyderabad",11,In Stock,df098fa597bd254e02b0e912a9744c0b951da107a86be31fd55220e4810246fe
ORG-MIL-IK32,Organic Whole Milk,Milk,500g,635,24,Jaggi-Salvi Organic Farms,"H.No. 583, Barad Path, Visakhapatnam",India Organic,ORG-MIL-IK32-20240729-iS04,29-07-2024,19-07-2026,10-08-2024,Nature's Basket,"Nature's Basket (Kowdiar), Thiruvananthapuram",7,Low Stock,018f9707b24f20e2fed09e1c6ac99f49bce7f0c1553a57c05d882ef55958a154
ORG-MIL-IK32,Organic Whole Milk,Milk,500g,635,24,Jaggi-Salvi Organic Farms,"H.No. 583, Barad Path, Visakhapatnam",India Organic,ORG-MIL-IK32-20240626-zr80,26-06-2024,16-06-2026,02-07-2024,Pure Roots,"Pure Roots (RS Puram), Coimbatore",44,In Stock,9b4b48f98861cd914465908a38e189b0e57d0aefa03259712f90faab08925574
ORG-MIL-IK32,Organic Whole Milk,Milk,500g,635,24,Jaggi-Salvi Organic Farms,"H.No. 583, Barad Path, Visakhapatnam",India Organic,ORG-MIL-IK32-20241230-QN41,30-12-2024,20-12-2026,04-01-2025,Coastal Organics,"Coastal Organics (Beach Road), Visakhapatnam",48,In Stock,8a62cee293d6ba75d0c6e913300a18b4fca03c250f4c9e3d6374b33a424b05d7
ORG-MIL-IK32,Organic Whole Milk,Milk,500g,635,24,Jaggi-Salvi Organic Farms,"H.No. 583, Barad Path, Visakhapatnam",India Organic,ORG-MIL-IK32-20240829-ll23,29-08-2024,19-08-2026,13-09-2024,Nature's Basket,"Nature's Basket (Kowdiar), Thiruvananthapuram",48,In Stock,d8bcfc3bbb6b79cbcfdbce1e6d9c9d011f546b35b7f980ab1a9290aa5140ed78
ORG-MIL-IK32,Organic Whole Milk,Milk,500g,635,24,Jaggi-Salvi Organic Farms,"H.No. 583, Barad Path, Visakhapatnam",India Organic,ORG-MIL-IK32-20240908-VV84,08-09-2024,29-08-2026,18-09-2024,Eco Store,"Eco Store (Mavoor Road), Kozhikode",19,In Stock,f2753cd7ae8f5845be32709405031a4491e765004964a97ecaccbc2c3bdd3dc1
ORG-MIL-IK32,Organic Whole Milk,Milk,500g,635,24,Jaggi-Salvi Organic Farms,"H.No. 583, Barad Path, Visakhapatnam",India Organic,ORG-MIL-IK32-20250117-Nq25,17-01-2025,07-01-2027,25-01-2025,Green Mart,"Green Mart (Edappally), Ernakulam",19,In Stock,9e696bce50b313b927fee0f17c9978c9948e4d8d018422cfe44f556ea042fde2
ORG-MIL-IK32,Organic Whole Milk,Milk,500g,635,24,Jaggi-Salvi Organic Farms,"H.No. 583, Barad Path, Visakhapatnam",India Organic,ORG-MIL-IK32-20240614-Eu65,14-06-2024,04-06-2026,22-06-2024,Coastal Organics,"Coastal Organics (Beach Road), Visakhapatnam",10,Low Stock,f23da3c18b6026a752cb328b1c22d318fad62f6078082330746127ae99dd8c27
ORG-MIL-IK32,Organic Whole Milk,Milk,500g,635,24,Jaggi-Salvi Organic Farms,"H.No. 583, Barad Path, Visakhapatnam",India Organic,ORG-MIL-IK32-20241025-mp91,25-10-2024,15-10-2026,03-11-2024,Coastal Organics,"Coastal Organics (Beach Road), Visakhapatnam",33,In Stock,c720ace5a697a219176b369245df6d6e449a7d4cfcacf778c09115eca36aee07
ORG-MIL-IK32,Organic Whole Milk,Milk,500g,635,24,Jaggi-Salvi Organic Farms,"H.No. 583, Barad Path, Visakhapatnam",India Organic,ORG-MIL-IK32-20240825-ya40,25-08-2024,15-08-2026,03-09-2024,Eco Store,"Eco Store (Mavoor Road), Kozhikode",30,In Stock,087b6f5cee1d6476fc9e3c02899fad69f754077170663a266b83ca5a319cea2e
ORG-MIL-IK32,Organic Whole Milk,Milk,500g,635,24,Jaggi-Salvi Organic Farms,"H.No. 583, Barad Path, Visakhapatnam",India Organic,ORG-MIL-IK32-20240528-Nf55,28-05-2024,18-05-2026,06-06-2024,Earthly Delights,"Earthly Delights (Koramangala), Bangalore",42,In Stock,4174ae78c58e38411119746abac2a5721848589f97e1eca4e7e8d42a8441619b
ORG-MIL-IK32,Organic Whole Milk,Milk,500g,635,24,Jaggi-Salvi Organic Farms,"H.No. 583, Barad Path, Visakhapatnam",India Organic,ORG-MIL-IK32-20250122-In36,22-01-2025,12-01-2027,26-01-2025,Farm Fresh,"Farm Fresh (Vytilla), Ernakulam",11,In Stock,739d9874dbeb255fb39e1fbfd88f870947296eea4aa92edbda717f83f5e3d93b
ORG-MIL-IK32,Organic Whole Milk,Milk,500g,635,24,Jaggi-Salvi Organic Farms,"H.No. 583, Barad Path, Visakhapatnam",India Organic,ORG-MIL-IK32-20250201-Fq79,01-02-2025,22-01-2027,03-02-2025,Namma Organic,"Namma Organic (Vijaynagar), Mysore",12,In Stock,d7f65e8cf4be221864aa79f7e0f7cc683b4d07200a78392e92a28e576002d8a6
ORG-MIL-IK32,Organic Whole Milk,Milk,500g,635,24,Jaggi-Salvi Organic Farms,"H.No. 583, Barad Path, Visakhapatnam",India Organic,ORG-MIL-IK32-20250509-ul21,09-05-2025,29-04-2027,19-05-2025,Nature's Basket,"Nature's Basket (Kowdiar), Thiruvananthapuram",38,In Stock,dc1fb3411ea92b55d8769dd7080bd655bf39b8fa229ce7859543dfcf3d1239ec
ORG-MIL-IK32,Organic Whole Milk,Milk,500g,635,24,Jaggi-Salvi Organic Farms,"H.No. 583, Barad Path, Visakhapatnam",India Organic,ORG-MIL-IK32-20241211-XS55,11-12-2024,01-12-2026,24-12-2024,Coastal Organics,"Coastal Organics (Beach Road), Visakhapatnam",16,In Stock,8bba955e48d666aec2380671a22cea35ce14f566a2fa4f50b0e2eca28c9e7f4c
ORG-MIL-IK32,Organic Whole Milk,Milk,500g,635,24,Jaggi-Salvi Organic Farms,"H.No. 583, Barad Path, Visakhapatnam",India Organic,ORG-MIL-IK32-20250415-md62,15-04-2025,05-04-2027,23-04-2025,Organic World,"Organic World (Kadavanthara), Ernakulam",46,In Stock,bfd5236bec14aaab204aa61377383760fb9bcc3039b3f30c56e250794b77bb5f
ORG-MIL-IK32,Organic Whole Milk,Milk,500g,635,24,Jaggi-Salvi Organic Farms,"H.No. 583, Barad Path, Visakhapatnam",India Organic,ORG-MIL-IK32-20250308-sW03,08-03-2025,26-02-2027,15-03-2025,Coastal Organics,"Coastal Organics (Beach Road), Visakhapatnam",14,In Stock,0373fa072193c7743574e354ade8eca07bdffb3a13f98392d2798f5ca6540616
ORG-MIL-IK32,Organic Whole Milk,Milk,500g,635,24,Jaggi-Salvi Organic Farms,"H.No. 583, Barad Path, Visakhapatnam",India Organic,ORG-MIL-IK32-20250509-wS79,09-05-2025,29-04-2027,16-05-2025,Namma Organic,"Namma Organic (Vijaynagar), Mysore",29,In Stock,5b992fc0b9bb46c0fcc6ea8a327fccec7dd398a30f7fee1d09f35f6b38ec9bfc
ORG-MIL-IK32,Organic Whole Milk,Milk,500g,635,24,Jaggi-Salvi Organic Farms,"H.No. 583, Barad Path, Visakhapatnam",India Organic,ORG-MIL-IK32-20241126-Wn57,26-11-2024,16-11-2026,07-12-2024,Organic Heaven,"Organic Heaven (Adyar), Chennai",21,In Stock,e81096f9486c6762ac075d6aa86771970c0835ab77a58816f8f308630f136379
ORG-MIL-IK32,Organic Whole Milk,Milk,500g,635,24,Jaggi-Salvi Organic Farms,"H.No. 583, Barad Path, Visakhapatnam",India Organic,ORG-MIL-IK32-20250407-FI67,07-04-2025,28-03-2027,09-04-2025,Fresh Harvest,"Fresh Harvest (T. Nagar), Chennai",22,In Stock,f89b035d3225659b65714ae532a3e242f5bfb77c6de0fa922fac4741134f5245
ORG-MIL-IK32,Organic Whole Milk,Milk,500g,635,24,Jaggi-Salvi Organic Farms,"H.No. 583, Barad Path, Visakhapatnam",India Organic,ORG-MIL-IK32-20250116-Yv99,16-01-2025,06-01-2027,28-01-2025,Eco Store,"Eco Store (Mavoor Road), Kozhikode",2,Low Stock,4357465271945a9a4d85d877842a43f253790f7953489b2b61cec90d2e011830
ORG-MIL-IK32,Organic Whole Milk,Milk,500g,635,24,Jaggi-Salvi Organic Farms,"H.No. 583, Barad Path, Visakhapatnam",India Organic,ORG-MIL-IK32-20241022-hT86,22-10-2024,12-10-2026,25-10-2024,Fresh Harvest,"Fresh Harvest (T. Nagar), Chennai",46,In Stock,f2a5c12e39d565db29a7942d30ca79c5f294c2e43943c7996a38f76681492e28
ORG-MIL-IK32,Organic Whole Milk,Milk,500g,635,24,Jaggi-Salvi Organic Farms,"H.No. 583, Barad Path, Visakhapatnam",India Organic,ORG-MIL-IK32-20240812-Ry56,12-08-2024,02-08-2026,17-08-2024,Nature's Basket,"Nature's Basket (Kowdiar), Thiruvananthapuram",41,In Stock,0bc8794b8dea01d5a87bbac1474008b2ed5deb41036101b5e6d2df5e54ea057a
ORG-MIL-IK32,Organic Whole Milk,Milk,500g,635,24,Jaggi-Salvi Organic Farms,"H.No. 583, Barad Path, Visakhapatnam",India Organic,ORG-MIL-IK32-20241206-Ka10,06-12-2024,26-11-2026,08-12-2024,Green Valley,"Green Valley (Indiranagar), Bangalore",26,In Stock,a86cf26b95792b105bc84bdd8cd115f944cef50d6b3486c16cd9c8264776a26d
ORG-MIL-IK32,Organic Whole Milk,Milk,500g,635,24,Jaggi-Salvi Organic Farms,"H.No. 583, Barad Path, Visakhapatnam",India Organic,ORG-MIL-IK32-20250301-KG22,01-03-2025,19-02-2027,15-03-2025,Coastal Organics,"Coastal Organics (Beach Road), Visakhapatnam",9,Low Stock,3bb5701740c2cbb66eefe9dba87c3de0351af547839c61270435e8f29dec75e2
ORG-MIL-IK32,Organic Whole Milk,Milk,500g,635,24,Jaggi-Salvi Organic Farms,"H.No. 583, Barad Path, Visakhapatnam",India Organic,ORG-MIL-IK32-20241116-xV51,16-11-2024,06-11-2026,26-11-2024,Green Fields,"Green Fields (Banjara Hills), Hyderabad",4,Low Stock,9ccb5d5008d7f7f8e82291636d78846e56fa858f05aed185122f7a8ceb9ce801
ORG-MIL-IK32,Organic Whole Milk,Milk,500g,635,24,Jaggi-Salvi Organic Farms,"H.No. 583, Barad Path, Visakhapatnam",India Organic,ORG-MIL-IK32-20240715-Ak53,15-07-2024,05-07-2026,30-07-2024,Green Fields,"Green Fields (Banjara Hills), Hyderabad",17,In Stock,b069325cb42628bf4a4d2e7cc6f73e6dda260972ff3ded109b4574f20c80720a
ORG-MIL-IK32,Organic Whole Milk,Milk,500g,635,24,Jaggi-Salvi Organic Farms,"H.No. 583, Barad Path, Visakhapatnam",India Organic,ORG-MIL-IK32-20250504-bN18,04-05-2025,24-04-2027,10-05-2025,Namma Organic,"Namma Organic (Vijaynagar), Mysore",32,In Stock,0035e987982456478e06d320ab344485a6105aca0616fab1585ab1f4a0068cbd
ORG-MIL-IK32,Organic Whole Milk,Milk,500g,635,24,Jaggi-Salvi Organic Farms,"H.No. 583, Barad Path, Visakhapatnam",India Organic,ORG-MIL-IK32-20240923-sU72,23-09-2024,13-09-2026,27-09-2024,Nature's Basket,"Nature's Basket (Kowdiar), Thiruvananthapuram",19,In Stock,5e1f2c49856da67d7161308d22c07fa58519d39226020e9652d650482b7610dd
ORG-MIL-IK32,Organic Whole Milk,Milk,500g,635,24,Jaggi-Salvi Organic Farms,"H.No. 583, Barad Path, Visakhapatnam",India Organic,ORG-MIL-IK32-20250327-Tj99,27-03-2025,17-03-2027,10-04-2025,Fresh Harvest,"Fresh Harvest (T. Nagar), Chennai",39,In Stock,935b860a5e6923b2d5b62de93b5c09edeb1dfa9e29a9628e12a240b9051c1a16
ORG-MIL-IK32,Organic Whole Milk,Milk,500g,635,24,Jaggi-Salvi Organic Farms,"H.No. 583, Barad Path, Visakhapatnam",India Organic,ORG-MIL-IK32-20250227-SN90,27-02-2025,17-02-2027,11-03-2025,Coastal Organics,"Coastal Organics (Beach Road), Visakhapatnam",36,In Stock,088b9402ca8ddc0de063f4af794d44e34d48b42cc76ea1efa1151dc7c8b6ccbc
ORG-MIL-IK32,Organic Whole Milk,Milk,500g,635,24,Jaggi-Salvi Organic Farms,"H.No. 583, Barad Path, Visakhapatnam",India Organic,ORG-MIL-IK32-20250412-SE71,12-04-2025,02-04-2027,24-04-2025,Coastal Organics,"Coastal Organics (Beach Road), Visakhapatnam",17,In Stock,05fe16b7737c711b976e54aaf499279c3676b6a4fcadbcb5f7c30da8ce913ae8
ORG-MIL-IK32,Organic Whole Milk,Milk,500g,635,24,Jaggi-Salvi Organic Farms,"H.No. 583, Barad Path, Visakhapatnam",India Organic,ORG-MIL-IK32-20240619-Jy20,19-06-2024,09-06-2026,21-06-2024,Organic World,"Organic World (Kadavanthara), Ernakulam",30,In Stock,025e44b2d5c243155436da8877a2b492d850ec261628017539150e2a5432afdb
ORG-MIL-IK32,Organic Whole Milk,Milk,500g,635,24,Jaggi-Salvi Organic Farms,"H.No. 583, Barad Path, Visakhapatnam",India Organic,ORG-MIL-IK32-20240609-hW72,09-06-2024,30-05-2026,20-06-2024,Earthly Delights,"Earthly Delights (Koramangala), Bangalore",12,In Stock,bd5be933e8a32759aa7f874110ffea5fe18b2351414d43a13c1582913769924d
ORG-MIL-IK32,Organic Whole Milk,Milk,500g,635,24,Jaggi-Salvi Organic Farms,"H.No. 583, Barad Path, Visakhapatnam",India Organic,ORG-MIL-IK32-20241016-xX64,16-10-2024,06-10-2026,22-10-2024,Fresh Harvest,"Fresh Harvest (T. Nagar), Chennai",22,In Stock,b0376a6cd4b52c5f6a85dc7cec5a845862af1ab6c8fb3fcbdfb7a7c035925c53
ORG-MIL-IK32,Organic Whole Milk,Milk,500g,635,24,Jaggi-Salvi Organic Farms,"H.No. 583, Barad Path, Visakhapatnam",India Organic,ORG-MIL-IK32-20250329-Vf70,29-03-2025,19-03-2027,07-04-2025,Namma Organic,"Namma Organic (Vijaynagar), Mysore",50,In Stock,ff46913b84d6965fca9bf838571eca8d83a704fca875bc54bb69a8fae8ecb7cb
ORG-MIL-IK32,Organic Whole Milk,Milk,500g,635,24,Jaggi-Salvi Organic Farms,"H.No. 583, Barad Path, Visakhapatnam",India Organic,ORG-MIL-IK32-20241103-vk99,03-11-2024,24-10-2026,18-11-2024,Coastal Organics,"Coastal Organics (Beach Road), Visakhapatnam",30,In Stock,0936f507b3a971d9b030ce26b7efad0374c41d4401385ca8bed2dc6a22e50d45
ORG-MIL-IK32,Organic Whole Milk,Milk,500g,635,24,Jaggi-Salvi Organic Farms,"H.No. 583, Barad Path, Visakhapatnam",India Organic,ORG-MIL-IK32-20240911-tZ45,11-09-2024,01-09-2026,14-09-2024,Organic Heaven,"Organic Heaven (Adyar), Chennai",48,In Stock,b6b6b0506ea4a1972e0c11991ef216404555c2a3495b524b3a4efe6c1317db01
ORG-MIL-IK32,Organic Whole Milk,Milk,500g,635,24,Jaggi-Salvi Organic Farms,"H.No. 583, Barad Path, Visakhapatnam",India Organic,ORG-MIL-IK32-20240723-Nw09,23-07-2024,13-07-2026,01-08-2024,Green Mart,"Green Mart (Edappally), Ernakulam",29,In Stock,6b9e816b94c80bdb60b1bf9ac39c6be3ddaed63842f935c8bb1de3d0aab39994
ORG-MIL-IK32,Organic Whole Milk,Milk,500g,635,24,Jaggi-Salvi Organic Farms,"H.No. 583, Barad Path, Visakhapatnam",India Organic,ORG-MIL-IK32-20250208-XD06,08-02-2025,29-01-2027,14-02-2025,Namma Organic,"Namma Organic (Vijaynagar), Mysore",42,In Stock,40fd9f9cd3f04b48b810fd926fd450911957dd2411e38fd2b52e67eddc6f161b
ORG-MIL-IK32,Organic Whole Milk,Milk,500g,635,24,Jaggi-Salvi Organic Farms,"H.No. 583, Barad Path, Visakhapatnam",India Organic,ORG-MIL-IK32-20250429-dY77,29-04-2025,19-04-2027,05-05-2025,Namma Organic,"Namma Organic (Vijaynagar), Mysore",48,In Stock,fe7541cd85837f8ec2384499d17870d176e21d669ece21019116bea7d7d10e45
ORG-MIL-IK32,Organic Whole Milk,Milk,500g,635,24,Jaggi-Salvi Organic Farms,"H.No. 583, Barad Path, Visakhapatnam",India Organic,ORG-MIL-IK32-20241119-AG68,19-11-2024,09-11-2026,04-12-2024,Namma Organic,"Namma Organic (Vijaynagar), Mysore",42,In Stock,e38e99e6f10c64bbf6efe207e1c7d0ce80028cb3307ae89fefac6463ddfdc435
ORG-MIL-IK32,Organic Whole Milk,Milk,500g,635,24,Jaggi-Salvi Organic Farms,"H.No. 583, Barad Path, Visakhapatnam",India Organic,ORG-MIL-IK32-20240812-FK26,12-08-2024,02-08-2026,13-08-2024,Nature's Basket,"Nature's Basket (Kowdiar), Thiruvananthapuram",6,Low Stock,24db3c6aac54525419631e7449826de45aa0a6d60148e2f80419ca5175bcd250
ORG-MIL-IK32,Organic Whole Milk,Milk,500g,635,24,Jaggi-Salvi Organic Farms,"H.No. 583, Barad Path, Visakhapatnam",India Organic,ORG-MIL-IK32-20241105-RW67,05-11-2024,26-10-2026,06-11-2024,Namma Organic,"Namma Organic (Vijaynagar), Mysore",22,In Stock,9900f39c2442fc89bfce4f0b415a5550f5375dc4c2582d751ae93862f50900fb
ORG-MIL-IK32,Organic Whole Milk,Milk,500g,635,24,Jaggi-Salvi Organic Farms,"H.No. 583, Barad Path, Visakhapatnam",India Organic,ORG-MIL-IK32-20240512-lC08,12-05-2024,02-05-2026,21-05-2024,Coastal Organics,"Coastal Organics (Beach Road), Visakhapatnam",8,Low Stock,7b8a25f59b4b1ed6b6bb6d2bb7e5d92775849a5e24b3470a21bd0efbfddcbb97
ORG-MIL-IK32,Organic Whole Milk,Milk,500g,635,24,Jaggi-Salvi Organic Farms,"H.No. 583, Barad Path, Visakhapatnam",India Organic,ORG-MIL-IK32-20241115-Zl77,15-11-2024,05-11-2026,18-11-2024,Pure Roots,"Pure Roots (RS Puram), Coimbatore",1,Low Stock,332f307d5739c7d9a1f4a0780af2ed494fd2fa16d41240a12496e73ce4b22e0a
ORG-MIL-IK32,Organic Whole Milk,Milk,500g,635,24,Jaggi-Salvi Organic Farms,"H.No. 583, Barad Path, Visakhapatnam",India Organic,ORG-MIL-IK32-20250218-oi71,18-02-2025,08-02-2027,05-03-2025,Farm Fresh,"Farm Fresh (Vytilla), Ernakulam",48,In Stock,85a033f38fdd45d2cd6a040c951c85dee702392fc72c5b8398238be66cf15c30
ORG-MIL-JR45,Organic Toned Milk,Milk,1L,845,18,Ramesh Inc Organic Farms,"13/086, Mistry Zila, Thiruvananthapuram",India Organic,ORG-MIL-JR45-20241117-YU88,17-11-2024,11-05-2026,22-11-2024,Green Fields,"Green Fields (Banjara Hills), Hyderabad",11,In Stock,b9bf0a0b4b2c36b89e8cd21939c4bc145f2c6d031ae461b49df26c519b7dd0c1
ORG-MIL-JR45,Organic Toned Milk,Milk,1L,845,18,Ramesh Inc Organic Farms,"13/086, Mistry Zila, Thiruvananthapuram",India Organic,ORG-MIL-JR45-20250107-Vl71,07-01-2025,01-07-2026,18-01-2025,Nature's Basket,"Nature's Basket (Kowdiar), Thiruvananthapuram",28,In Stock,2e04f21182b636c336a5f9c9edabe89ed327ecca4930fa73dec6f460eb2c832c
ORG-MIL-JR45,Organic Toned Milk,Milk,1L,845,18,Ramesh Inc Organic Farms,"13/086, Mistry Zila, Thiruvananthapuram",India Organic,ORG-MIL-JR45-20241213-ny00,13-12-2024,06-06-2026,23-12-2024,Farm Fresh,"Farm Fresh (Vytilla), Ernakulam",35,In Stock,31521f8b4410adc121bd2a5fee7494da9d2d55f8533bb7a666a1ca6c329cf5bf
ORG-MIL-JR45,Organic Toned Milk,Milk,1L,845,18,Ramesh Inc Organic Farms,"13/086, Mistry Zila, Thiruvananthapuram",India Organic,ORG-MIL-JR45-20240918-WP34,18-09-2024,12-03-2026,02-10-2024,Coastal Organics,"Coastal Organics (Beach Road), Visakhapatnam",50,In Stock,bd2a7b69ec00d889684ed6ea4dac111caecd737954d46bc1af4c6871b18e6103
ORG-MIL-JR45,Organic Toned Milk,Milk,1L,845,18,Ramesh Inc Organic Farms,"13/086, Mistry Zila, Thiruvananthapuram",India Organic,ORG-MIL-JR45-20250218-iU88,18-02-2025,12-08-2026,03-03-2025,Earthly Delights,"Earthly Delights (Koramangala), Bangalore",19,In Stock,0b9aa9bc21ce1fb49a4a72cf2139e101f1ef09f00fb4e7342eb9e28960a0a06f
ORG-MIL-JR45,Organic Toned Milk,Milk,1L,845,18,Ramesh Inc Organic Farms,"13/086, Mistry Zila, Thiruvananthapuram",India Organic,ORG-MIL-JR45-20241116-KJ35,16-11-2024,10-05-2026,23-11-2024,Coastal Organics,"Coastal Organics (Beach Road), Visakhapatnam",41,In Stock,6d315aa388dd5a05b06d97cb1c648146191e9c1ee2ff7b59c1670f9ea6809764
ORG-MIL-JR45,Organic Toned Milk,Milk,1L,845,18,Ramesh Inc Organic Farms,"13/086, Mistry Zila, Thiruvananthapuram",India Organic,ORG-MIL-JR45-20250208-oP65,08-02-2025,02-08-2026,20-02-2025,Pure Roots,"Pure Roots (RS Puram), Coimbatore",10,Low Stock,65b5a26a870890b14105eb84958c2117de4b4e43259ddb3a6151f0135ea95969
ORG-MIL-JR45,Organic Toned Milk,Milk,1L,845,18,Ramesh Inc Organic Farms,"13/086, Mistry Zila, Thiruvananthapuram",India Organic,ORG-MIL-JR45-20240729-Qg32,29-07-2024,20-01-2026,12-08-2024,Green Valley,"Green Valley (Indiranagar), Bangalore",26,In Stock,b0bad341849162c9a77dd6bddfd97ab27168a20bea7ba115cbac029994ec4e27
ORG-MIL-JR45,Organic Toned Milk,Milk,1L,845,18,Ramesh Inc Organic Farms,"13/086, Mistry Zila, Thiruvananthapuram",India Organic,ORG-MIL-JR45-20250219-ZO28,19-02-2025,13-08-2026,23-02-2025,Pure Roots,"Pure Roots (RS Puram), Coimbatore",3,Low Stock,a89941452475b850d526883128efea45c4d0d32700609d78829910b9f8ba2389
ORG-MIL-JR45,Organic Toned Milk,Milk,1L,845,18,Ramesh Inc Organic Farms,"13/086, Mistry Zila, Thiruvananthapuram",India Organic,ORG-MIL-JR45-20240723-Zj73,23-07-2024,14-01-2026,29-07-2024,Pure Roots,"Pure Roots (RS Puram), Coimbatore",18,In Stock,a227942856ce8e97bf7b1c6ef90b1dd3cb4152add8ec68a0b6f5a4508008ccbb
ORG-MIL-JR45,Organic Toned Milk,Milk,1L,845,18,Ramesh Inc Organic Farms,"13/086, Mistry Zila, Thiruvananthapuram",India Organic,ORG-MIL-JR45-20250107-bA15,07-01-2025,01-07-2026,08-01-2025,Eco Store,"Eco Store (Mavoor Road), Kozhikode",5,Low Stock,449248dbbc7ac9d3246e448b06ec3a62456ff12c5429d5de3e671aac7131fd25
ORG-MIL-JR45,Organic Toned Milk,Milk,1L,845,18,Ramesh Inc Organic Farms,"13/086, Mistry Zila, Thiruvananthapuram",India Organic,ORG-MIL-JR45-20250320-Iy43,20-03-2025,11-09-2026,04-04-2025,Eco Store,"Eco Store (Mavoor Road), Kozhikode",6,Low Stock,f9896231daf82f7ed3ab93877fec8ba1bb115dc9deba5e08b03f4393a833ee29
ORG-MIL-JR45,Organic Toned Milk,Milk,1L,845,18,Ramesh Inc Organic Farms,"13/086, Mistry Zila, Thiruvananthapuram",India Organic,ORG-MIL-JR45-20241208-aI86,08-12-2024,01-06-2026,09-12-2024,Organic World,"Organic World (Kadavanthara), Ernakulam",15,In Stock,62535574dade4aa4e932299900feeacc1d359f2280556949827bfa126f8c522f
ORG-MIL-JR45,Organic Toned Milk,Milk,1L,845,18,Ramesh Inc Organic Farms,"13/086, Mistry Zila, Thiruvananthapuram",India Organic,ORG-MIL-JR45-20250505-gP52,05-05-2025,27-10-2026,11-05-2025,Pure Roots,"Pure Roots (RS Puram), Coimbatore",9,Low Stock,1c4411bd919724dfef6536772b001f24c470e25003cf3e1400f21cfdf9dc1d7f
ORG-MIL-JR45,Organic Toned Milk,Milk,1L,845,18,Ramesh Inc Organic Farms,"13/086, Mistry Zila, Thiruvananthapuram",India Organic,ORG-MIL-JR45-20250405-Oc53,05-04-2025,27-09-2026,13-04-2025,Pure Roots,"Pure Roots (RS Puram), Coimbatore",48,In Stock,144016185adacb9c5077ae69f600fd10cd1d5b0e0196eb47d61dc3e7ba8b4d2d
ORG-MIL-JR45,Organic Toned Milk,Milk,1L,845,18,Ramesh Inc Organic Farms,"13/086, Mistry Zila, Thiruvananthapuram",India Organic,ORG-MIL-JR45-20241111-mQ53,11-11-2024,05-05-2026,22-11-2024,Nature's Basket,"Nature's Basket (Kowdiar), Thiruvananthapuram",44,In Stock,b34ef9c5f8d2b16eee11c86015285e6426c6638749b0a000946ed6bfcdd9d485
ORG-MIL-JR45,Organic Toned Milk,Milk,1L,845,18,Ramesh Inc Organic Farms,"13/086, Mistry Zila, Thiruvananthapuram",India Organic,ORG-MIL-JR45-20241130-rk53,30-11-2024,24-05-2026,08-12-2024,Organic World,"Organic World (Kadavanthara), Ernakulam",38,In Stock,cd6efb6420449d366385d09e8bdb3e53cf6ef8b620ea366d7f205c3c8b13ab62
ORG-MIL-JR45,Organic Toned Milk,Milk,1L,845,18,Ramesh Inc Organic Farms,"13/086, Mistry Zila, Thiruvananthapuram",India Organic,ORG-MIL-JR45-20250321-yc45,21-03-2025,12-09-2026,25-03-2025,Pure Roots,"Pure Roots (RS Puram), Coimbatore",15,In Stock,b4d319543fe547b1259118a803e23d4ec0774527334bda4c161bd0f406fc56a2
ORG-MIL-JR45,Organic Toned Milk,Milk,1L,845,18,Ramesh Inc Organic Farms,"13/086, Mistry Zila, Thiruvananthapuram",India Organic,ORG-MIL-JR45-20250104-OC39,04-01-2025,28-06-2026,14-01-2025,Namma Organic,"Namma Organic (Vijaynagar), Mysore",16,In Stock,51e15bfb4acfa92d0f634d74790841fe92b4b866479c6b068776fac2153b1641
ORG-MIL-JR45,Organic Toned Milk,Milk,1L,845,18,Ramesh Inc Organic Farms,"13/086, Mistry Zila, Thiruvananthapuram",India Organic,ORG-MIL-JR45-20241030-gI64,30-10-2024,23-04-2026,09-11-2024,Coastal Organics,"Coastal Organics (Beach Road), Visakhapatnam",46,In Stock,fb4c9d5c2f02416eb64c2162e4de64ee9cb3095af1fc9ebdb42ff795a517ca22
ORG-MIL-JR45,Organic Toned Milk,Milk,1L,845,18,Ramesh Inc Organic Farms,"13/086, Mistry Zila, Thiruvananthapuram",India Organic,ORG-MIL-JR45-20240827-Wi50,27-08-2024,18-02-2026,28-08-2024,Namma Organic,"Namma Organic (Vijaynagar), Mysore",22,In Stock,a4e06edf3ce3af4f82e3ac0709fdf08550d0696b89cb98f657754411c93bce01
ORG-MIL-JR45,Organic Toned Milk,Milk,1L,845,18,Ramesh Inc Organic Farms,"13/086, Mistry Zila, Thiruvananthapuram",India Organic,ORG-MIL-JR45-20241024-sV76,24-10-2024,17-04-2026,07-11-2024,Pure Roots,"Pure Roots (RS Puram), Coimbatore",34,In Stock,08139c430fe681e449c47fdf652e4101ccdfa74f17495d50916441b0bf26a377
ORG-MIL-JR45,Organic Toned Milk,Milk,1L,845,18,Ramesh Inc Organic Farms,"13/086, Mistry Zila, Thiruvananthapuram",India Organic,ORG-MIL-JR45-20240712-Mg81,12-07-2024,03-01-2026,19-07-2024,Pure Roots,"Pure Roots (RS Puram), Coimbatore",4,Low Stock,483344ed06b101b19b08adc4d34319a503da23512b45ffaab7593b53d6d3e9df
ORG-MIL-JR45,Organic Toned Milk,Milk,1L,845,18,Ramesh Inc Organic Farms,"13/086, Mistry Zila, Thiruvananthapuram",India Organic,ORG-MIL-JR45-20240821-QL65,21-08-2024,12-02-2026,30-08-2024,Farm Fresh,"Farm Fresh (Vytilla), Ernakulam",43,In Stock,6edcf83103eff46cdb87f9edb32f9f0ed772ba9b992c7862c0413dc4f363975a
ORG-MIL-JR45,Organic Toned Milk,Milk,1L,845,18,Ramesh Inc Organic Farms,"13/086, Mistry Zila, Thiruvananthapuram",India Organic,ORG-MIL-JR45-20250503-ih57,03-05-2025,25-10-2026,15-05-2025,Fresh Harvest,"Fresh Harvest (T. Nagar), Chennai",14,In Stock,43cd96ed602883e4458985f0820f943f74cd212da7c80c01c473ceff3f7d13c1
ORG-MIL-JR45,Organic Toned Milk,Milk,1L,845,18,Ramesh Inc Organic Farms,"13/086, Mistry Zila, Thiruvananthapuram",India Organic,ORG-MIL-JR45-20240809-Na38,09-08-2024,31-01-2026,20-08-2024,Coastal Organics,"Coastal Organics (Beach Road), Visakhapatnam",47,In Stock,8129f239f40aa613186782cae5dcf49dea6c6c3f2db9c52f6bd8ed75a4f3ea3c
ORG-MIL-JR45,Organic Toned Milk,Milk,1L,845,18,Ramesh Inc Organic Farms,"13/086, Mistry Zila, Thiruvananthapuram",India Organic,ORG-MIL-JR45-20240717-AY92,17-07-2024,08-01-2026,28-07-2024,Green Valley,"Green Valley (Indiranagar), Bangalore",17,In Stock,4ad4b203877c63ca7df768ca8715a15d6c68d19bc3172cf284d029df5f9a95e2
ORG-MIL-JR45,Organic Toned Milk,Milk,1L,845,18,Ramesh Inc Organic Farms,"13/086, Mistry Zila, Thiruvananthapuram",India Organic,ORG-MIL-JR45-20250119-xf48,19-01-2025,13-07-2026,26-01-2025,Green Fields,"Green Fields (Banjara Hills), Hyderabad",47,In Stock,61e559d0c8954ba8a998866d34b0f35db3e137e3535f3171edaf774b658706d6
ORG-MIL-JR45,Organic Toned Milk,Milk,1L,845,18,Ramesh Inc Organic Farms,"13/086, Mistry Zila, Thiruvananthapuram",India Organic,ORG-MIL-JR45-20240731-iw58,31-07-2024,22-01-2026,07-08-2024,Eco Store,"Eco Store (Mavoor Road), Kozhikode",21,In Stock,a5dbf3227f03c0978c2f01b854ff32c206f1bc60512658b608a69c5a8b49ce31
ORG-MIL-JR45,Organic Toned Milk,Milk,1L,845,18,Ramesh Inc Organic Farms,"13/086, Mistry Zila, Thiruvananthapuram",India Organic,ORG-MIL-JR45-20250114-wa89,14-01-2025,08-07-2026,19-01-2025,Namma Organic,"Namma Organic (Vijaynagar), Mysore",35,In Stock,60c8583a7fabc63741b98270843c5d265aee12fee65bd49bf9bd143cbe675000
ORG-MIL-JR45,Organic Toned Milk,Milk,1L,845,18,Ramesh Inc Organic Farms,"13/086, Mistry Zila, Thiruvananthapuram",India Organic,ORG-MIL-JR45-20240728-sO58,28-07-2024,19-01-2026,29-07-2024,Green Mart,"Green Mart (Edappally), Ernakulam",34,In Stock,cd484ebf7d683dc0a660e1fbcc54ef5a226d691dd7bc2db9b025cb77240d37dd
ORG-MIL-JR45,Organic Toned Milk,Milk,1L,845,18,Ramesh Inc Organic Farms,"13/086, Mistry Zila, Thiruvananthapuram",India Organic,ORG-MIL-JR45-20241204-yD30,04-12-2024,28-05-2026,13-12-2024,Pure Roots,"Pure Roots (RS Puram), Coimbatore",16,In Stock,7a09c3e9b4b46921e86372ef410f7c532091d54b1a8b0e69b4a532607b73a955
ORG-MIL-JR45,Organic Toned Milk,Milk,1L,845,18,Ramesh Inc Organic Farms,"13/086, Mistry Zila, Thiruvananthapuram",India Organic,ORG-MIL-JR45-20240828-dt04,28-08-2024,19-02-2026,31-08-2024,Fresh Harvest,"Fresh Harvest (T. Nagar), Chennai",1,Low Stock,fb27516d76ebe0321592bf44e2f427bef94ffe9b494037661d0ae69429dd85b5
ORG-MIL-JR45,Organic Toned Milk,Milk,1L,845,18,Ramesh Inc Organic Farms,"13/086, Mistry Zila, Thiruvananthapuram",India Organic,ORG-MIL-JR45-20241011-Jl11,11-10-2024,04-04-2026,15-10-2024,Coastal Organics,"Coastal Organics (Beach Road), Visakhapatnam",9,Low Stock,223656aeb6163e8b80f6f9fc433ceb6879261324ccdcd1c51ba79ba10e87f01d
ORG-MIL-JR45,Organic Toned Milk,Milk,1L,845,18,Ramesh Inc Organic Farms,"13/086, Mistry Zila, Thiruvananthapuram",India Organic,ORG-MIL-JR45-20240803-MS55,03-08-2024,25-01-2026,10-08-2024,Green Valley,"Green Valley (Indiranagar), Bangalore",46,In Stock,7f96cb914e9b6ce113272db6b04e8fbbde7631e1aedfa23417b245582d4fc417
ORG-MIL-JR45,Organic Toned Milk,Milk,1L,845,18,Ramesh Inc Organic Farms,"13/086, Mistry Zila, Thiruvananthapuram",India Organic,ORG-MIL-JR45-20250416-Gc81,16-04-2025,08-10-2026,18-04-2025,Eco Store,"Eco Store (Mavoor Road), Kozhikode",14,In Stock,3b18233d2d3e8db091bd8a1c7594f18512d4dd9a92d9feb9301b38ed85aca41c
ORG-MIL-JR45,Organic Toned Milk,Milk,1L,845,18,Ramesh Inc Organic Farms,"13/086, Mistry Zila, Thiruvananthapuram",India Organic,ORG-MIL-JR45-20240801-qY57,01-08-2024,23-01-2026,02-08-2024,Namma Organic,"Namma Organic (Vijaynagar), Mysore",45,In Stock,9620ae0dcf3d37d3e7087a4936d523bb9f453a915b924f222bbf89c480812424
ORG-MIL-JR45,Organic Toned Milk,Milk,1L,845,18,Ramesh Inc Organic Farms,"13/086, Mistry Zila, Thiruvananthapuram",India Organic,ORG-MIL-JR45-20240712-mA82,12-07-2024,03-01-2026,24-07-2024,Fresh Harvest,"Fresh Harvest (T. Nagar), Chennai",41,In Stock,aa9052904a0e0331e712a6a249f67e43bc810f44ee6ca32e456e795b47ecbe9d
ORG-MIL-JR45,Organic Toned Milk,Milk,1L,845,18,Ramesh Inc Organic Farms,"13/086, Mistry Zila, Thiruvananthapuram",India Organic,ORG-MIL-JR45-20240727-KO94,27-07-2024,18-01-2026,09-08-2024,Nature's Basket,"Nature's Basket (Kowdiar), Thiruvananthapuram",18,In Stock,5d783c2f3cecdb350a94bcbec49a5a46e822c47c7af1f17c47d4d0c44d4c4a1d
ORG-MIL-JR45,Organic Toned Milk,Milk,1L,845,18,Ramesh Inc Organic Farms,"13/086, Mistry Zila, Thiruvananthapuram",India Organic,ORG-MIL-JR45-20250312-ga54,12-03-2025,03-09-2026,24-03-2025,Pure Roots,"Pure Roots (RS Puram), Coimbatore",33,In Stock,bbd6e77cb389776a605da0dc0ee1d6038708b7f2a06de87e79572f2f4c0dfe69
ORG-MIL-JR45,Organic Toned Milk,Milk,1L,845,18,Ramesh Inc Organic Farms,"13/086, Mistry Zila, Thiruvananthapuram",India Organic,ORG-MIL-JR45-20250406-SF89,06-04-2025,28-09-2026,13-04-2025,Earthly Delights,"Earthly Delights (Koramangala), Bangalore",42,In Stock,0f0fc197ded3a58ecd9d3553bf16852fe89e227feccdc6a158711e17ea822130
ORG-MIL-JR45,Organic Toned Milk,Milk,1L,845,18,Ramesh Inc Organic Farms,"13/086, Mistry Zila, Thiruvananthapuram",India Organic,ORG-MIL-JR45-20250228-hU03,28-02-2025,22-08-2026,05-03-2025,Green Fields,"Green Fields (Banjara Hills), Hyderabad",45,In Stock,45af029dc786c1a8c3651a2ef6f7b8e3d5107e92f59cf7f020ab382a33d86b0c
ORG-MIL-JR45,Organic Toned Milk,Milk,1L,845,18,Ramesh Inc Organic Farms,"13/086, Mistry Zila, Thiruvananthapuram",India Organic,ORG-MIL-JR45-20240729-Ap96,29-07-2024,20-01-2026,31-07-2024,Green Valley,"Green Valley (Indiranagar), Bangalore",37,In Stock,47f6fff5a8738a49055fa6cb87e2af2ba6ab47b195980e5de873bbb7a0097f2d
ORG-MIL-JR45,Organic Toned Milk,Milk,1L,845,18,Ramesh Inc Organic Farms,"13/086, Mistry Zila, Thiruvananthapuram",India Organic,ORG-MIL-JR45-20250221-Yv72,21-02-2025,15-08-2026,23-02-2025,Coastal Organics,"Coastal Organics (Beach Road), Visakhapatnam",5,Low Stock,4e27c4522e6db2cf75b486c8799d2a5fc928f8bfd92af564f97cd3685f7ebe26
ORG-MIL-JR45,Organic Toned Milk,Milk,1L,845,18,Ramesh Inc Organic Farms,"13/086, Mistry Zila, Thiruvananthapuram",India Organic,ORG-MIL-JR45-20250204-dq66,04-02-2025,29-07-2026,13-02-2025,Fresh Harvest,"Fresh Harvest (T. Nagar), Chennai",34,In Stock,0b916ce426dc5e354e48d5254aa0022afab53680615feceb1ef5fd7ff1374513
ORG-MIL-JR45,Organic Toned Milk,Milk,1L,845,18,Ramesh Inc Organic Farms,"13/086, Mistry Zila, Thiruvananthapuram",India Organic,ORG-MIL-JR45-20241226-zX73,26-12-2024,19-06-2026,30-12-2024,Earthly Delights,"Earthly Delights (Koramangala), Bangalore",10,Low Stock,92133463a472ac9659106c4a4dc6dd782a1c1c84a3b49a63aafbab4637f0281f
ORG-MIL-JR45,Organic Toned Milk,Milk,1L,845,18,Ramesh Inc Organic Farms,"13/086, Mistry Zila, Thiruvananthapuram",India Organic,ORG-MIL-JR45-20241102-ed20,02-11-2024,26-04-2026,07-11-2024,Nature's Basket,"Nature's Basket (Kowdiar), Thiruvananthapuram",10,Low Stock,68bc1c1add65f762fba1fa0919a31631e6b55f0f5d2de7c2bd5719eebd05ce45
ORG-MIL-JR45,Organic Toned Milk,Milk,1L,845,18,Ramesh Inc Organic Farms,"13/086, Mistry Zila, Thiruvananthapuram",India Organic,ORG-MIL-JR45-20250109-aT13,09-01-2025,03-07-2026,22-01-2025,Eco Friendly,"Eco Friendly (Gachibowli), Hyderabad",0,Out of Stock,16c66d36acaef2331cd973ddded2f4b3cb4de6eb53eff159447358bea12e2a48
ORG-MIL-JR45,Organic Toned Milk,Milk,1L,845,18,Ramesh Inc Organic Farms,"13/086, Mistry Zila, Thiruvananthapuram",India Organic,ORG-MIL-JR45-20250510-rk94,10-05-2025,01-11-2026,12-05-2025,Coastal Organics,"Coastal Organics (Beach Road), Visakhapatnam",49,In Stock,71bc54529885bde323ce93171a790eb3eb9fdf50b7118037d2a1688e5063eeb7
ORG-MIL-JR45,Organic Toned Milk,Milk,1L,845,18,Ramesh Inc Organic Farms,"13/086, Mistry Zila, Thiruvananthapuram",India Organic,ORG-MIL-JR45-20240824-bP97,24-08-2024,15-02-2026,29-08-2024,Namma Organic,"Namma Organic (Vijaynagar), Mysore",45,In Stock,60ba5334b454c3aac9554084f1e9250f65a6af06efe7c4342b0c4e0551d1085b
ORG-MIL-GD34,Organic A2 Milk,Milk,500g,516,18,Chopra PLC Organic Farms,"121, Sahota Nagar, Bangalore",USDA Organic,ORG-MIL-GD34-20250225-Kw51,25-02-2025,19-08-2026,06-03-2025,Coastal Organics,"Coastal Organics (Beach Road), Visakhapatnam",44,In Stock,9299626b09ba6f2b162fad3edd3d24d4cd860083526f9c288e07c0701a69490a
ORG-MIL-GD34,Organic A2 Milk,Milk,500g,516,18,Chopra PLC Organic Farms,"121, Sahota Nagar, Bangalore",USDA Organic,ORG-MIL-GD34-20240716-VC77,16-07-2024,07-01-2026,26-07-2024,Coastal Organics,"Coastal Organics (Beach Road), Visakhapatnam",45,In Stock,2fb577c40ab5da1a6dc41ced909d565f6757758f8bdb9b782821e40f6ae02113
ORG-MIL-GD34,Organic A2 Milk,Milk,500g,516,18,Chopra PLC Organic Farms,"121, Sahota Nagar, Bangalore",USDA Organic,ORG-MIL-GD34-20240728-Wb90,28-07-2024,19-01-2026,03-08-2024,Organic Heaven,"Organic Heaven (Adyar), Chennai",35,In Stock,87579ade4b9344ab659f3f8df86f3f8ab84f1c510abb95353b3f21ef13434757
ORG-MIL-GD34,Organic A2 Milk,Milk,500g,516,18,Chopra PLC Organic Farms,"121, Sahota Nagar, Bangalore",USDA Organic,ORG-MIL-GD34-20241114-sN76,14-11-2024,08-05-2026,18-11-2024,Earthly Delights,"Earthly Delights (Koramangala), Bangalore",6,Low Stock,75001c2dd5c4bbe2c4ac8e6e3e627b7a9770754228242166b89c0789e3bff070
ORG-MIL-GD34,Organic A2 Milk,Milk,500g,516,18,Chopra PLC Organic Farms,"121, Sahota Nagar, Bangalore",USDA Organic,ORG-MIL-GD34-20240724-ef42,24-07-2024,15-01-2026,08-08-2024,Earthly Delights,"Earthly Delights (Koramangala), Bangalore",13,In Stock,20573183b0c3e9fd0aec47a25f556bf874c73ad123a0d4d3eb3167e2bd27bb9c
ORG-MIL-GD34,Organic A2 Milk,Milk,500g,516,18,Chopra PLC Organic Farms,"121, Sahota Nagar, Bangalore",USDA Organic,ORG-MIL-GD34-20250119-lx75,19-01-2025,13-07-2026,03-02-2025,Organic Heaven,"Organic Heaven (Adyar), Chennai",27,In Stock,9247722ef6de5c4efea9f835ab4d481938239add80233b274be42458deacef28
ORG-MIL-GD34,Organic A2 Milk,Milk,500g,516,18,Chopra PLC Organic Farms,"121, Sahota Nagar, Bangalore",USDA Organic,ORG-MIL-GD34-20240901-Fi08,01-09-2024,23-02-2026,11-09-2024,Coastal Organics,"Coastal Organics (Beach Road), Visakhapatnam",20,In Stock,878af1c2e1f1df48ebac04486d33742d1d4f8302c1c2360275cbf53f8acb6311
ORG-MIL-GD34,Organic A2 Milk,Milk,500g,516,18,Chopra PLC Organic Farms,"121, Sahota Nagar, Bangalore",USDA Organic,ORG-MIL-GD34-20250422-PH29,22-04-2025,14-10-2026,23-04-2025,Green Fields,"Green Fields (Banjara Hills), Hyderabad",50,In Stock,6f7d3f17a235f5dd589ae1b42fd991b0d9f0204c4ec51625cf4aa21020bec1d9
ORG-MIL-GD34,Organic A2 Milk,Milk,500g,516,18,Chopra PLC Organic Farms,"121, Sahota Nagar, Bangalore",USDA Organic,ORG-MIL-GD34-20250430-TP04,30-04-2025,22-10-2026,03-05-2025,Nature's Basket,"Nature's Basket (Kowdiar), Thiruvananthapuram",6,Low Stock,f596389d7d1266fab07a38b7073a13b2036714ea87f911de99e3d8ddfbbf0094
ORG-MIL-GD34,Organic A2 Milk,Milk,500g,516,18,Chopra PLC Organic Farms,"121, Sahota Nagar, Bangalore",USDA Organic,ORG-MIL-GD34-20241130-uE37,30-11-2024,24-05-2026,07-12-2024,Eco Store,"Eco Store (Mavoor Road), Kozhikode",44,In Stock,d7cdba060b8940e8ebe164f37bb59e4105a0b9a3ba45961e43a02a79c3474698
ORG-MIL-GD34,Organic A2 Milk,Milk,500g,516,18,Chopra PLC Organic Farms,"121, Sahota Nagar, Bangalore",USDA Organic,ORG-MIL-GD34-20240918-rC42,18-09-2024,12-03-2026,02-10-2024,Green Mart,"Green Mart (Edappally), Ernakulam",41,In Stock,e8282e3d0cb7e9c7e46c9a8091058196c43c32b0680714b1a778b0cd4f6f47da
ORG-MIL-GD34,Organic A2 Milk,Milk,500g,516,18,Chopra PLC Organic Farms,"121, Sahota Nagar, Bangalore",USDA Organic,ORG-MIL-GD34-20240712-br11,12-07-2024,03-01-2026,24-07-2024,Earthly Delights,"Earthly Delights (Koramangala), Bangalore",28,In Stock,08a5f0a39097d9a6eac03c3749c924f7523a675daec2ca8dc2e7f1c2aa519924
ORG-MIL-GD34,Organic A2 Milk,Milk,500g,516,18,Chopra PLC Organic Farms,"121, Sahota Nagar, Bangalore",USDA Organic,ORG-MIL-GD34-20250322-Hp44,22-03-2025,13-09-2026,31-03-2025,Coastal Organics,"Coastal Organics (Beach Road), Visakhapatnam",38,In Stock,8c78bbf1c83902913d5702b2b5f7cc05af7db0fe5f51130c77c900f2efbd1a7f
ORG-MIL-GD34,Organic A2 Milk,Milk,500g,516,18,Chopra PLC Organic Farms,"121, Sahota Nagar, Bangalore",USDA Organic,ORG-MIL-GD34-20240718-uZ83,18-07-2024,09-01-2026,28-07-2024,Pure Roots,"Pure Roots (RS Puram), Coimbatore",35,In Stock,605c9b0e626b995600c5a43a798bdce0d1c4b90e37564b216326bedc7baa3760
ORG-MIL-GD34,Organic A2 Milk,Milk,500g,516,18,Chopra PLC Organic Farms,"121, Sahota Nagar, Bangalore",USDA Organic,ORG-MIL-GD34-20250203-AB29,03-02-2025,28-07-2026,05-02-2025,Organic World,"Organic World (Kadavanthara), Ernakulam",28,In Stock,88267e39cff5b3b83089f8f9b2bcccb3b40e68a3884ab5176fc60b0de11a93f4
ORG-MIL-GD34,Organic A2 Milk,Milk,500g,516,18,Chopra PLC Organic Farms,"121, Sahota Nagar, Bangalore",USDA Organic,ORG-MIL-GD34-20240915-nh16,15-09-2024,09-03-2026,24-09-2024,Green Valley,"Green Valley (Indiranagar), Bangalore",45,In Stock,baa013b931d7da01e5d97f260db285ce5440cd04a2a0fbe9c8e07b4970675889
ORG-MIL-GD34,Organic A2 Milk,Milk,500g,516,18,Chopra PLC Organic Farms,"121, Sahota Nagar, Bangalore",USDA Organic,ORG-MIL-GD34-20241010-kh77,10-10-2024,03-04-2026,13-10-2024,Organic World,"Organic World (Kadavanthara), Ernakulam",49,In Stock,025926d4c6f30df95c2a925462222db8c008223a6aacb9b09500a20326ef3917
ORG-MIL-GD34,Organic A2 Milk,Milk,500g,516,18,Chopra PLC Organic Farms,"121, Sahota Nagar, Bangalore",USDA Organic,ORG-MIL-GD34-20250319-Ft31,19-03-2025,10-09-2026,01-04-2025,Nature's Basket,"Nature's Basket (Kowdiar), Thiruvananthapuram",19,In Stock,0a228c9e76e16f388541c18d1c9b12d92a46493792148867aae9bb2798771886
ORG-MIL-GD34,Organic A2 Milk,Milk,500g,516,18,Chopra PLC Organic Farms,"121, Sahota Nagar, Bangalore",USDA Organic,ORG-MIL-GD34-20240729-bq07,29-07-2024,20-01-2026,02-08-2024,Nature's Basket,"Nature's Basket (Kowdiar), Thiruvananthapuram",29,In Stock,1fa05b69c669ce8fe8d06ef32f951f7d3e9753d4d617efce6acb5885408bd897
ORG-MIL-GD34,Organic A2 Milk,Milk,500g,516,18,Chopra PLC Organic Farms,"121, Sahota Nagar, Bangalore",USDA Organic,ORG-MIL-GD34-20241017-Jz71,17-10-2024,10-04-2026,20-10-2024,Pure Roots,"Pure Roots (RS Puram), Coimbatore",6,Low Stock,d5f2c4c8fbfaba2b32ade666d5d07b57880d54a87c82f3266805a157800d2780
ORG-MIL-GD34,Organic A2 Milk,Milk,500g,516,18,Chopra PLC Organic Farms,"121, Sahota Nagar, Bangalore",USDA Organic,ORG-MIL-GD34-20250201-Pj54,01-02-2025,26-07-2026,13-02-2025,Organic World,"Organic World (Kadavanthara), Ernakulam",28,In Stock,05be608255ed05c799a7a9ed5afe1d785ba1b3c00eb84e9513eb07c357ce56a6
ORG-MIL-GD34,Organic A2 Milk,Milk,500g,516,18,Chopra PLC Organic Farms,"121, Sahota Nagar, Bangalore",USDA Organic,ORG-MIL-GD34-20250330-lI85,30-03-2025,21-09-2026,02-04-2025,Coastal Organics,"Coastal Organics (Beach Road), Visakhapatnam",37,In Stock,4d6a716c5e2db5aa5aca27d2124dd9bee8d10b6761ff2e6493c0784ad872a2d3
ORG-MIL-GD34,Organic A2 Milk,Milk,500g,516,18,Chopra PLC Organic Farms,"121, Sahota Nagar, Bangalore",USDA Organic,ORG-MIL-GD34-20250503-Dq16,03-05-2025,25-10-2026,11-05-2025,Namma Organic,"Namma Organic (Vijaynagar), Mysore",19,In Stock,53722a8b96d93c293ea687a8245e6c8f539f565a4cacdd2d4b6b12acbd23e347
ORG-MIL-GD34,Organic A2 Milk,Milk,500g,516,18,Chopra PLC Organic Farms,"121, Sahota Nagar, Bangalore",USDA Organic,ORG-MIL-GD34-20240727-eS85,27-07-2024,18-01-2026,10-08-2024,Green Fields,"Green Fields (Banjara Hills), Hyderabad",24,In Stock,029f8ed52a4ec4fa69d0692e76515cc2bb6a91e14e29b91b0c2c3bc8d1fcd1cb
ORG-MIL-GD34,Organic A2 Milk,Milk,500g,516,18,Chopra PLC Organic Farms,"121, Sahota Nagar, Bangalore",USDA Organic,ORG-MIL-GD34-20250406-IC43,06-04-2025,28-09-2026,08-04-2025,Green Fields,"Green Fields (Banjara Hills), Hyderabad",23,In Stock,4ce9cd8297504647a57a7f2298fec93dda179f7b530eaf9519c581f1888dcb55
ORG-MIL-GD34,Organic A2 Milk,Milk,500g,516,18,Chopra PLC Organic Farms,"121, Sahota Nagar, Bangalore",USDA Organic,ORG-MIL-GD34-20241105-bO75,05-11-2024,29-04-2026,17-11-2024,Pure Roots,"Pure Roots (RS Puram), Coimbatore",18,In Stock,701ae3dfbbb49c79faa505e5d6ceef91e4aebfd69b9b206a3ffd8fad5bc67408
ORG-MIL-GD34,Organic A2 Milk,Milk,500g,516,18,Chopra PLC Organic Farms,"121, Sahota Nagar, Bangalore",USDA Organic,ORG-MIL-GD34-20240921-WN91,21-09-2024,15-03-2026,22-09-2024,Eco Store,"Eco Store (Mavoor Road), Kozhikode",1,Low Stock,1ba2af497c13530706dbcf71bd5e81e9d81e694365816ee72bb09a259801cec0
ORG-MIL-GD34,Organic A2 Milk,Milk,500g,516,18,Chopra PLC Organic Farms,"121, Sahota Nagar, Bangalore",USDA Organic,ORG-MIL-GD34-20241130-cS49,30-11-2024,24-05-2026,03-12-2024,Pure Roots,"Pure Roots (RS Puram), Coimbatore",14,In Stock,92395db6e09e5369c579edf55babd3d79a3ac314f580874747c8cef71d60b60c
ORG-MIL-GD34,Organic A2 Milk,Milk,500g,516,18,Chopra PLC Organic Farms,"121, Sahota Nagar, Bangalore",USDA Organic,ORG-MIL-GD34-20250505-Zg81,05-05-2025,27-10-2026,18-05-2025,Nature's Basket,"Nature's Basket (Kowdiar), Thiruvananthapuram",47,In Stock,e7462baf66388c416cb22516a0f570a141b8d01a29eec427f950c69bace5c0cd
ORG-MIL-GD34,Organic A2 Milk,Milk,500g,516,18,Chopra PLC Organic Farms,"121, Sahota Nagar, Bangalore",USDA Organic,ORG-MIL-GD34-20241108-Yt24,08-11-2024,02-05-2026,15-11-2024,Fresh Harvest,"Fresh Harvest (T. Nagar), Chennai",2,Low Stock,adc9e9badb8c5c365fa8af433f928aadf77df30689563678bb7e39117ab5a054
ORG-MIL-GD34,Organic A2 Milk,Milk,500g,516,18,Chopra PLC Organic Farms,"121, Sahota Nagar, Bangalore",USDA Organic,ORG-MIL-GD34-20241127-jh30,27-11-2024,21-05-2026,30-11-2024,Green Valley,"Green Valley (Indiranagar), Bangalore",38,In Stock,e407251bda4e97b524183b5c7371769c970c8b587d85f6424c41ce929725b8fc
ORG-MIL-GD34,Organic A2 Milk,Milk,500g,516,18,Chopra PLC Organic Farms,"121, Sahota Nagar, Bangalore",USDA Organic,ORG-MIL-GD34-20250219-cW22,19-02-2025,13-08-2026,05-03-2025,Namma Organic,"Namma Organic (Vijaynagar), Mysore",28,In Stock,663079ea3a236eb63a3fd81d1a5e530e218a7f60e8fd0685bacedf92a2b22c7a
ORG-MIL-GD34,Organic A2 Milk,Milk,500g,516,18,Chopra PLC Organic Farms,"121, Sahota Nagar, Bangalore",USDA Organic,ORG-MIL-GD34-20241204-lC12,04-12-2024,28-05-2026,12-12-2024,Organic World,"Organic World (Kadavanthara), Ernakulam",38,In Stock,2542e095a0367e3fdcb9a33fd659ce2e5fb6ff79939a03a0346db0802d948420
ORG-MIL-GD34,Organic A2 Milk,Milk,500g,516,18,Chopra PLC Organic Farms,"121, Sahota Nagar, Bangalore",USDA Organic,ORG-MIL-GD34-20241114-Dr01,14-11-2024,08-05-2026,21-11-2024,Eco Store,"Eco Store (Mavoor Road), Kozhikode",26,In Stock,aa102d5208bb29af91ab7752bb57519b984aadf09b1849475e3fe0d2c269ea53
ORG-MIL-GD34,Organic A2 Milk,Milk,500g,516,18,Chopra PLC Organic Farms,"121, Sahota Nagar, Bangalore",USDA Organic,ORG-MIL-GD34-20250216-Fd03,16-02-2025,10-08-2026,25-02-2025,Pure Roots,"Pure Roots (RS Puram), Coimbatore",46,In Stock,3728616eccc331432f919d540d1c88f99d0cbb929f9241d9c0cab1f290389083
ORG-MIL-GD34,Organic A2 Milk,Milk,500g,516,18,Chopra PLC Organic Farms,"121, Sahota Nagar, Bangalore",USDA Organic,ORG-MIL-GD34-20250206-TO59,06-02-2025,31-07-2026,18-02-2025,Pure Roots,"Pure Roots (RS Puram), Coimbatore",34,In Stock,010f99031357bc85f226a69aaa39183ea4ac50eb81cdfcb8081dea40a4e4e9a1
ORG-MIL-GD34,Organic A2 Milk,Milk,500g,516,18,Chopra PLC Organic Farms,"121, Sahota Nagar, Bangalore",USDA Organic,ORG-MIL-GD34-20240801-WA60,01-08-2024,23-01-2026,14-08-2024,Namma Organic,"Namma Organic (Vijaynagar), Mysore",46,In Stock,570c50e451bf88cc35c04b56a8aee8618de7eccfc7246bb6a77d7102f3fe6b91
ORG-MIL-GD34,Organic A2 Milk,Milk,500g,516,18,Chopra PLC Organic Farms,"121, Sahota Nagar, Bangalore",USDA Organic,ORG-MIL-GD34-20250106-nZ59,06-01-2025,30-06-2026,11-01-2025,Organic Heaven,"Organic Heaven (Adyar), Chennai",21,In Stock,fa9a95c1554e7e3f8b79696694c109d9476f2c7cacba4fbacf6696933858b124
ORG-MIL-GD34,Organic A2 Milk,Milk,500g,516,18,Chopra PLC Organic Farms,"121, Sahota Nagar, Bangalore",USDA Organic,ORG-MIL-GD34-20241124-bU69,24-11-2024,18-05-2026,29-11-2024,Eco Store,"Eco Store (Mavoor Road), Kozhikode",28,In Stock,b481b84c79b86102bf2eb65d29eb646086a8d9ed8456320dc864a77e36378ffc
ORG-MIL-GD34,Organic A2 Milk,Milk,500g,516,18,Chopra PLC Organic Farms,"121, Sahota Nagar, Bangalore",USDA Organic,ORG-MIL-GD34-20250331-PO32,31-03-2025,22-09-2026,14-04-2025,Eco Store,"Eco Store (Mavoor Road), Kozhikode",41,In Stock,b36e98f0d47273663be453bc5bfb06fa4709ef584445c36acc67be4d4bcd18ad
ORG-MIL-GD34,Organic A2 Milk,Milk,500g,516,18,Chopra PLC Organic Farms,"121, Sahota Nagar, Bangalore",USDA Organic,ORG-MIL-GD34-20250107-Gl18,07-01-2025,01-07-2026,14-01-2025,Organic Heaven,"Organic Heaven (Adyar), Chennai",34,In Stock,c81c062dd169a21dac8d40e600d3d9c0c7e29b526397474f7f29627427ec8396
ORG-MIL-GD34,Organic A2 Milk,Milk,500g,516,18,Chopra PLC Organic Farms,"121, Sahota Nagar, Bangalore",USDA Organic,ORG-MIL-GD34-20240721-fz18,21-07-2024,12-01-2026,27-07-2024,Eco Friendly,"Eco Friendly (Gachibowli), Hyderabad",3,Low Stock,ea9328579881d9f61696bb89aaef8111c8be66535e3047ebf2bf5b13b43a9732
ORG-MIL-GD34,Organic A2 Milk,Milk,500g,516,18,Chopra PLC Organic Farms,"121, Sahota Nagar, Bangalore",USDA Organic,ORG-MIL-GD34-20241014-JK75,14-10-2024,07-04-2026,15-10-2024,Farm Fresh,"Farm Fresh (Vytilla), Ernakulam",25,In Stock,c72241cf2f1ce23002389d8d5a378c7e163837503a9c389e81b5abb61ef4340d
ORG-MIL-GD34,Organic A2 Milk,Milk,500g,516,18,Chopra PLC Organic Farms,"121, Sahota Nagar, Bangalore",USDA Organic,ORG-MIL-GD34-20240806-LO67,06-08-2024,28-01-2026,07-08-2024,Farm Fresh,"Farm Fresh (Vytilla), Ernakulam",7,Low Stock,736a31205482a71cc6695c9cf6e2d7637fe90c812a48c59095f86d2649a06dbe
ORG-MIL-GD34,Organic A2 Milk,Milk,500g,516,18,Chopra PLC Organic Farms,"121, Sahota Nagar, Bangalore",USDA Organic,ORG-MIL-GD34-20240720-Hk14,20-07-2024,11-01-2026,27-07-2024,Fresh Harvest,"Fresh Harvest (T. Nagar), Chennai",6,Low Stock,a0c867e28a67518ee2cbc5ca8458d8c3cb77c10ff8f855500968e80d79bbb96a
ORG-MIL-GD34,Organic A2 Milk,Milk,500g,516,18,Chopra PLC Organic Farms,"121, Sahota Nagar, Bangalore",USDA Organic,ORG-MIL-GD34-20240918-Cc78,18-09-2024,12-03-2026,26-09-2024,Nature's Basket,"Nature's Basket (Kowdiar), Thiruvananthapuram",26,In Stock,2ab53f5f34697abaf35e07a7d00f709a233d5f6343788dcd3d3adfc9d61962d7
ORG-MIL-GD34,Organic A2 Milk,Milk,500g,516,18,Chopra PLC Organic Farms,"121, Sahota Nagar, Bangalore",USDA Organic,ORG-MIL-GD34-20241215-IU03,15-12-2024,08-06-2026,30-12-2024,Namma Organic,"Namma Organic (Vijaynagar), Mysore",29,In Stock,cf9fc075dcc6dbcfa30865ded8d1aceaa2c13cc3bbc15f323636fa2f78a38e39
ORG-MIL-GD34,Organic A2 Milk,Milk,500g,516,18,Chopra PLC Organic Farms,"121, Sahota Nagar, Bangalore",USDA Organic,ORG-MIL-GD34-20241212-Hm07,12-12-2024,05-06-2026,22-12-2024,Green Valley,"Green Valley (Indiranagar), Bangalore",9,Low Stock,98daa433659b6591515b69528f8e5867faa160ff27a3b80d133e55fc02ae6305
ORG-MIL-GD34,Organic A2 Milk,Milk,500g,516,18,Chopra PLC Organic Farms,"121, Sahota Nagar, Bangalore",USDA Organic,ORG-MIL-GD34-20241226-EZ90,26-12-2024,19-06-2026,30-12-2024,Eco Store,"Eco Store (Mavoor Road), Kozhikode",19,In Stock,813dec209c4f53a1c2a30f53e0fe3e3351d6fcd21bcf63ca05628ab471159f3c
ORG-MIL-GD34,Organic A2 Milk,Milk,500g,516,18,Chopra PLC Organic Farms,"121, Sahota Nagar, Bangalore",USDA Organic,ORG-MIL-GD34-20241028-LK11,28-10-2024,21-04-2026,09-11-2024,Green Fields,"Green Fields (Banjara Hills), Hyderabad",35,In Stock,b7845c36a603fba4bb030127897d4b523015950adf4e1fb6d5d6c96784b6c94b
ORG-MIL-PQ23,Organic Flavored Milk,Milk,25 Bags,164,12,Pillay Inc Organic Farms,"37, Savant, Bangalore",USDA Organic,ORG-MIL-PQ23-20250213-eF18,13-02-2025,08-02-2026,27-02-2025,Coastal Organics,"Coastal Organics (Beach Road), Visakhapatnam",4,Low Stock,29522522b6de708713d781653fa021d4f933b6f4aa2fcaf0fd81655c3be5e69e
ORG-MIL-PQ23,Organic Flavored Milk,Milk,25 Bags,164,12,Pillay Inc Organic Farms,"37, Savant, Bangalore",USDA Organic,ORG-MIL-PQ23-20250107-Oo34,07-01-2025,02-01-2026,10-01-2025,Namma Organic,"Namma Organic (Vijaynagar), Mysore",6,Low Stock,16bfceaae49b969f8a4f2e44df08ba9b34aa281bc5a5f2f3b8543f59edce0a62
ORG-MIL-PQ23,Organic Flavored Milk,Milk,25 Bags,164,12,Pillay Inc Organic Farms,"37, Savant, Bangalore",USDA Organic,ORG-MIL-PQ23-20250113-qC29,13-01-2025,08-01-2026,26-01-2025,Green Mart,"Green Mart (Edappally), Ernakulam",35,In Stock,d504a2cc9f71bb53dd5b26e0d14bd199d0ff970e311e42d8a0b9af842e460c70
ORG-MIL-PQ23,Organic Flavored Milk,Milk,25 Bags,164,12,Pillay Inc Organic Farms,"37, Savant, Bangalore",USDA Organic,ORG-MIL-PQ23-20250108-wj09,08-01-2025,03-01-2026,22-01-2025,Pure Roots,"Pure Roots (RS Puram), Coimbatore",22,In Stock,b2bcbfab0245f2e540c1f23dc612c4b28c7c033034574df42aa576ae93d51e7a
ORG-MIL-PQ23,Organic Flavored Milk,Milk,25 Bags,164,12,Pillay Inc Organic Farms,"37, Savant, Bangalore",USDA Organic,ORG-MIL-PQ23-20250119-dv24,19-01-2025,14-01-2026,26-01-2025,Nature's Basket,"Nature's Basket (Kowdiar), Thiruvananthapuram",17,In Stock,1126cd6740cf41f74ff4f2ef3027433e5d501534ced5f640cf74bb17386da47b
ORG-MIL-PQ23,Organic Flavored Milk,Milk,25 Bags,164,12,Pillay Inc Organic Farms,"37, Savant, Bangalore",USDA Organic,ORG-MIL-PQ23-20250121-Zz11,21-01-2025,16-01-2026,01-02-2025,Eco Store,"Eco Store (Mavoor Road), Kozhikode",39,In Stock,7cc55fe7d1c48c784f7a66e854f3a67b1b6c45666d3cd8e50bddc2295cb9917b
ORG-MIL-PQ23,Organic Flavored Milk,Milk,25 Bags,164,12,Pillay Inc Organic Farms,"37, Savant, Bangalore",USDA Organic,ORG-MIL-PQ23-20250126-Ku77,26-01-2025,21-01-2026,06-02-2025,Farm Fresh,"Farm Fresh (Vytilla), Ernakulam",3,Low Stock,4df0edef39894053cb021efabb6cb7e2f1470bb3b321f72849c07d07ea7f6f4c
ORG-MIL-PQ23,Organic Flavored Milk,Milk,25 Bags,164,12,Pillay Inc Organic Farms,"37, Savant, Bangalore",USDA Organic,ORG-MIL-PQ23-20250429-sD20,29-04-2025,24-04-2026,10-05-2025,Green Valley,"Green Valley (Indiranagar), Bangalore",5,Low Stock,7bb91e01c784988560af5f2f928eee1c99cccf378db6f4e5e5e07b684f272dd6
ORG-MIL-PQ23,Organic Flavored Milk,Milk,25 Bags,164,12,Pillay Inc Organic Farms,"37, Savant, Bangalore",USDA Organic,ORG-MIL-PQ23-20250120-rh58,20-01-2025,15-01-2026,29-01-2025,Pure Roots,"Pure Roots (RS Puram), Coimbatore",20,In Stock,7477421462802a8c7cbaec3cdd9f7ea296123931f7cd3d8b5eab79dcc9c88dac
ORG-MIL-PQ23,Organic Flavored Milk,Milk,25 Bags,164,12,Pillay Inc Organic Farms,"37, Savant, Bangalore",USDA Organic,ORG-MIL-PQ23-20250507-ww28,07-05-2025,02-05-2026,19-05-2025,Nature's Basket,"Nature's Basket (Kowdiar), Thiruvananthapuram",40,In Stock,4cb3ec3d66040869e1bc6d93a0057880988d61619c990049ddcaf55004f0cf4f
ORG-MIL-PQ23,Organic Flavored Milk,Milk,25 Bags,164,12,Pillay Inc Organic Farms,"37, Savant, Bangalore",USDA Organic,ORG-MIL-PQ23-20250112-hh45,12-01-2025,07-01-2026,17-01-2025,Eco Friendly,"Eco Friendly (Gachibowli), Hyderabad",29,In Stock,d48984e41c21afdba95322cdf0fbaf359e6b5147df299f4d736d81ba44273742
ORG-MIL-PQ23,Organic Flavored Milk,Milk,25 Bags,164,12,Pillay Inc Organic Farms,"37, Savant, Bangalore",USDA Organic,ORG-MIL-PQ23-20250311-dm67,11-03-2025,06-03-2026,16-03-2025,Eco Store,"Eco Store (Mavoor Road), Kozhikode",36,In Stock,c994d537041a8a81dd53c91a0fbb9828c7ee075dd92a26c18375d66a2e5dba09
ORG-MIL-PQ23,Organic Flavored Milk,Milk,25 Bags,164,12,Pillay Inc Organic Farms,"37, Savant, Bangalore",USDA Organic,ORG-MIL-PQ23-20250115-kC01,15-01-2025,10-01-2026,30-01-2025,Pure Roots,"Pure Roots (RS Puram), Coimbatore",24,In Stock,6a546f8937bdd816b0c36589457c33c76e956fff61afaa9d54093595e9d516a6
ORG-MIL-PQ23,Organic Flavored Milk,Milk,25 Bags,164,12,Pillay Inc Organic Farms,"37, Savant, Bangalore",USDA Organic,ORG-MIL-PQ23-20250411-ay53,11-04-2025,06-04-2026,24-04-2025,Namma Organic,"Namma Organic (Vijaynagar), Mysore",9,Low Stock,7dc797a1a62fcf6738d62e599caa48421f3baff546b5865cffae5aa5953b1b54
ORG-MIL-PQ23,Organic Flavored Milk,Milk,25 Bags,164,12,Pillay Inc Organic Farms,"37, Savant, Bangalore",USDA Organic,ORG-MIL-PQ23-20250120-Ag18,20-01-2025,15-01-2026,26-01-2025,Farm Fresh,"Farm Fresh (Vytilla), Ernakulam",11,In Stock,209b74ba78eabe052a40afa6f57e9ba4efcdf0e298c4f45def90cd23bbdcb6af
ORG-MIL-PQ23,Organic Flavored Milk,Milk,25 Bags,164,12,Pillay Inc Organic Farms,"37, Savant, Bangalore",USDA Organic,ORG-MIL-PQ23-20250106-nT08,06-01-2025,01-01-2026,08-01-2025,Green Mart,"Green Mart (Edappally), Ernakulam",18,In Stock,98b1c621f34d4128203a871e1c441901db0e16eb4032400d4e30c2ac2cacb9c9
ORG-MIL-PQ23,Organic Flavored Milk,Milk,25 Bags,164,12,Pillay Inc Organic Farms,"37, Savant, Bangalore",USDA Organic,ORG-MIL-PQ23-20250115-kd26,15-01-2025,10-01-2026,22-01-2025,Green Fields,"Green Fields (Banjara Hills), Hyderabad",46,In Stock,dce4b61f8892b7445dfb6ccc8aa434ce1207f906057461877cc46664f2b00a3d
ORG-MIL-PQ23,Organic Flavored Milk,Milk,25 Bags,164,12,Pillay Inc Organic Farms,"37, Savant, Bangalore",USDA Organic,ORG-MIL-PQ23-20250411-NP63,11-04-2025,06-04-2026,17-04-2025,Nature's Basket,"Nature's Basket (Kowdiar), Thiruvananthapuram",35,In Stock,b1c6190dca9b0e4ca15beba45ef616b9b72360298044346e6aa5fd1d1f12af2d
ORG-MIL-PQ23,Organic Flavored Milk,Milk,25 Bags,164,12,Pillay Inc Organic Farms,"37, Savant, Bangalore",USDA Organic,ORG-MIL-PQ23-20250127-uw16,27-01-2025,22-01-2026,04-02-2025,Green Fields,"Green Fields (Banjara Hills), Hyderabad",49,In Stock,035b20f5f57daf3a9a101553d771cc91b43514b798a471de9b1a3ef7af5950ee
ORG-MIL-PQ23,Organic Flavored Milk,Milk,25 Bags,164,12,Pillay Inc Organic Farms,"37, Savant, Bangalore",USDA Organic,ORG-MIL-PQ23-20250110-SM45,10-01-2025,05-01-2026,21-01-2025,Pure Roots,"Pure Roots (RS Puram), Coimbatore",5,Low Stock,74584924d5e0fdc57c570f9582859a5bc5fadfe83a43ed3aa4db3d9ad6d450f4
ORG-MIL-PQ23,Organic Flavored Milk,Milk,25 Bags,164,12,Pillay Inc Organic Farms,"37, Savant, Bangalore",USDA Organic,ORG-MIL-PQ23-20250118-uD00,18-01-2025,13-01-2026,29-01-2025,Eco Friendly,"Eco Friendly (Gachibowli), Hyderabad",2,Low Stock,c2a587ed1d264e314d46571ab27504aecb59a6c1ddcfd834f659c1e46121b23e
ORG-MIL-PQ23,Organic Flavored Milk,Milk,25 Bags,164,12,Pillay Inc Organic Farms,"37, Savant, Bangalore",USDA Organic,ORG-MIL-PQ23-20250226-cZ87,26-02-2025,21-02-2026,07-03-2025,Namma Organic,"Namma Organic (Vijaynagar), Mysore",18,In Stock,02bacf8e8090d1648b2ff7f7815c79acaf9a222b33b2748f47c06e19b1e6a8a2
ORG-MIL-PQ23,Organic Flavored Milk,Milk,25 Bags,164,12,Pillay Inc Organic Farms,"37, Savant, Bangalore",USDA Organic,ORG-MIL-PQ23-20250121-Pk94,21-01-2025,16-01-2026,27-01-2025,Coastal Organics,"Coastal Organics (Beach Road), Visakhapatnam",46,In Stock,d4ba2941dfb3450bcbadb421f2327914e739af6407bb6e582634ef71cdd19b97
ORG-MIL-PQ23,Organic Flavored Milk,Milk,25 Bags,164,12,Pillay Inc Organic Farms,"37, Savant, Bangalore",USDA Organic,ORG-MIL-PQ23-20250201-Lp96,01-02-2025,27-01-2026,11-02-2025,Eco Store,"Eco Store (Mavoor Road), Kozhikode",17,In Stock,b7ae313d709093ccb0f6908c129d6edd2b571081146d16de2bb49d8fa9a15739
ORG-MIL-PQ23,Organic Flavored Milk,Milk,25 Bags,164,12,Pillay Inc Organic Farms,"37, Savant, Bangalore",USDA Organic,ORG-MIL-PQ23-20250202-zA32,02-02-2025,28-01-2026,11-02-2025,Fresh Harvest,"Fresh Harvest (T. Nagar), Chennai",25,In Stock,9c2a516ccabdd55a46c1e60e4c55822e53c0fddc2595dcbd2990eabad7f4ee2f
ORG-MIL-PQ23,Organic Flavored Milk,Milk,25 Bags,164,12,Pillay Inc Organic Farms,"37, Savant, Bangalore",USDA Organic,ORG-MIL-PQ23-20250115-db08,15-01-2025,10-01-2026,25-01-2025,Namma Organic,"Namma Organic (Vijaynagar), Mysore",11,In Stock,04a31b3686119a52a676984ba8b4a765294989e1b8866699377c4f7735490861
ORG-MIL-PQ23,Organic Flavored Milk,Milk,25 Bags,164,12,Pillay Inc Organic Farms,"37, Savant, Bangalore",USDA Organic,ORG-MIL-PQ23-20250110-Ls52,10-01-2025,05-01-2026,15-01-2025,Nature's Basket,"Nature's Basket (Kowdiar), Thiruvananthapuram",10,Low Stock,49ece2dce6a7ab9af68a5872c05237d0a58270d9c66cee4b80a52e346f5acd2d
ORG-MIL-PQ23,Organic Flavored Milk,Milk,25 Bags,164,12,Pillay Inc Organic Farms,"37, Savant, Bangalore",USDA Organic,ORG-MIL-PQ23-20250122-Is16,22-01-2025,17-01-2026,28-01-2025,Organic Heaven,"Organic Heaven (Adyar), Chennai",30,In Stock,241ba9798930ff928c5e0ec31724b76d5aca6b1c8477f5ded6732a3a9efaec51
ORG-MIL-PQ23,Organic Flavored Milk,Milk,25 Bags,164,12,Pillay Inc Organic Farms,"37, Savant, Bangalore",USDA Organic,ORG-MIL-PQ23-20250201-lv54,01-02-2025,27-01-2026,12-02-2025,Green Fields,"Green Fields (Banjara Hills), Hyderabad",22,In Stock,5cb355bcf5fee9e63c7d08f827e0249224b7c04a1003834ab2be012fcbd7f961
ORG-MIL-PQ23,Organic Flavored Milk,Milk,25 Bags,164,12,Pillay Inc Organic Farms,"37, Savant, Bangalore",USDA Organic,ORG-MIL-PQ23-20250201-SJ39,01-02-2025,27-01-2026,04-02-2025,Nature's Basket,"Nature's Basket (Kowdiar), Thiruvananthapuram",30,In Stock,ae38f621f8f1808f82b1bd932f6760e713a43ccb2c3c38394fa9f7d52a8f2966
ORG-MIL-PQ23,Organic Flavored Milk,Milk,25 Bags,164,12,Pillay Inc Organic Farms,"37, Savant, Bangalore",USDA Organic,ORG-MIL-PQ23-20250409-ko43,09-04-2025,04-04-2026,13-04-2025,Earthly Delights,"Earthly Delights (Koramangala), Bangalore",31,In Stock,59a7cf39cc284a6465a3961e550e630b52bfffb6ab861c2aee762b75861a5061
ORG-MIL-PQ23,Organic Flavored Milk,Milk,25 Bags,164,12,Pillay Inc Organic Farms,"37, Savant, Bangalore",USDA Organic,ORG-MIL-PQ23-20250121-ax70,21-01-2025,16-01-2026,23-01-2025,Namma Organic,"Namma Organic (Vijaynagar), Mysore",19,In Stock,6af944bedc8dbbd687c61dc9c47caf54d59ad48f765b8781eadf5c9ec56ff4e1
ORG-MIL-PQ23,Organic Flavored Milk,Milk,25 Bags,164,12,Pillay Inc Organic Farms,"37, Savant, Bangalore",USDA Organic,ORG-MIL-PQ23-20250113-jg98,13-01-2025,08-01-2026,26-01-2025,Farm Fresh,"Farm Fresh (Vytilla), Ernakulam",43,In Stock,1a352ee39794871e122f69247bd874255494d817c78cf740a5b4c4d7ab89269c
ORG-MIL-PQ23,Organic Flavored Milk,Milk,25 Bags,164,12,Pillay Inc Organic Farms,"37, Savant, Bangalore",USDA Organic,ORG-MIL-PQ23-20250201-fO53,01-02-2025,27-01-2026,10-02-2025,Nature's Basket,"Nature's Basket (Kowdiar), Thiruvananthapuram",36,In Stock,1e7066a9f6802a3f415cdd37457728ecf848da60d858fa12e93b537517b9006c
ORG-MIL-PQ23,Organic Flavored Milk,Milk,25 Bags,164,12,Pillay Inc Organic Farms,"37, Savant, Bangalore",USDA Organic,ORG-MIL-PQ23-20250126-cQ74,26-01-2025,21-01-2026,09-02-2025,Namma Organic,"Namma Organic (Vijaynagar), Mysore",7,Low Stock,e12083764014c527c97497526190963657f5df838aa5e5949683daccede2d985
ORG-MIL-PQ23,Organic Flavored Milk,Milk,25 Bags,164,12,Pillay Inc Organic Farms,"37, Savant, Bangalore",USDA Organic,ORG-MIL-PQ23-20250118-yy65,18-01-2025,13-01-2026,24-01-2025,Pure Roots,"Pure Roots (RS Puram), Coimbatore",17,In Stock,0066b77c46a5c7ab6763518ff0a878f8f69c58d2e560be9b4c38defdc4825350
ORG-MIL-PQ23,Organic Flavored Milk,Milk,25 Bags,164,12,Pillay Inc Organic Farms,"37, Savant, Bangalore",USDA Organic,ORG-MIL-PQ23-20250221-bg33,21-02-2025,16-02-2026,08-03-2025,Green Mart,"Green Mart (Edappally), Ernakulam",21,In Stock,345798927088ae8fe3387348a090221ee17b1fb1163d053bc7fbfa72915bf5d5
ORG-MIL-PQ23,Organic Flavored Milk,Milk,25 Bags,164,12,Pillay Inc Organic Farms,"37, Savant, Bangalore",USDA Organic,ORG-MIL-PQ23-20250324-Ez17,24-03-2025,19-03-2026,31-03-2025,Green Fields,"Green Fields (Banjara Hills), Hyderabad",46,In Stock,03972bed24dc81ed0f1384a02a07857a13f62bd6867f18193ef20137e2795251
ORG-MIL-PQ23,Organic Flavored Milk,Milk,25 Bags,164,12,Pillay Inc Organic Farms,"37, Savant, Bangalore",USDA Organic,ORG-MIL-PQ23-20250215-OX50,15-02-2025,10-02-2026,20-02-2025,Fresh Harvest,"Fresh Harvest (T. Nagar), Chennai",16,In Stock,ebab95ff4a11fb012c1e5084da174ba72dffe6d66a920eaa5b6a553a78f4c1c6
ORG-MIL-PQ23,Organic Flavored Milk,Milk,25 Bags,164,12,Pillay Inc Organic Farms,"37, Savant, Bangalore",USDA Organic,ORG-MIL-PQ23-20250105-UG74,05-01-2025,31-12-2025,08-01-2025,Green Mart,"Green Mart (Edappally), Ernakulam",42,In Stock,793a447f115c8764169ba370290fb5093d869aadee92cb100b26f548ce23b723
ORG-MIL-PQ23,Organic Flavored Milk,Milk,25 Bags,164,12,Pillay Inc Organic Farms,"37, Savant, Bangalore",USDA Organic,ORG-MIL-PQ23-20250127-wt25,27-01-2025,22-01-2026,31-01-2025,Farm Fresh,"Farm Fresh (Vytilla), Ernakulam",8,Low Stock,bd45df43bbee5d7cddee867de94d953473cbb7dc08a43d39405cb308add10796
ORG-MIL-PQ23,Organic Flavored Milk,Milk,25 Bags,164,12,Pillay Inc Organic Farms,"37, Savant, Bangalore",USDA Organic,ORG-MIL-PQ23-20250120-sm32,20-01-2025,15-01-2026,21-01-2025,Coastal Organics,"Coastal Organics (Beach Road), Visakhapatnam",13,In Stock,dbb0e06acc3773aeda4df281da907cf4fc8786a9c2827c0915f06c552a9724d9
ORG-MIL-PQ23,Organic Flavored Milk,Milk,25 Bags,164,12,Pillay Inc Organic Farms,"37, Savant, Bangalore",USDA Organic,ORG-MIL-PQ23-20250203-Om59,03-02-2025,29-01-2026,04-02-2025,Nature's Basket,"Nature's Basket (Kowdiar), Thiruvananthapuram",25,In Stock,da2ca02f8e94d4961ee97e49fb54e7d5fbcbb5a554685e5ee830d238be628a7d
ORG-MIL-PQ23,Organic Flavored Milk,Milk,25 Bags,164,12,Pillay Inc Organic Farms,"37, Savant, Bangalore",USDA Organic,ORG-MIL-PQ23-20250202-RR82,02-02-2025,28-01-2026,12-02-2025,Earthly Delights,"Earthly Delights (Koramangala), Bangalore",15,In Stock,41c628784f7a431a73bddb123e323a81e1257b5b895bb09de5b5ff70c2259bd2
ORG-MIL-PQ23,Organic Flavored Milk,Milk,25 Bags,164,12,Pillay Inc Organic Farms,"37, Savant, Bangalore",USDA Organic,ORG-MIL-PQ23-20250213-di88,13-02-2025,08-02-2026,15-02-2025,Nature's Basket,"Nature's Basket (Kowdiar), Thiruvananthapuram",30,In Stock,ad68299519e92d95ccd76305ba95e9ff64f18e3aa32e78684e3837d194cc0b1a
ORG-MIL-PQ23,Organic Flavored Milk,Milk,25 Bags,164,12,Pillay Inc Organic Farms,"37, Savant, Bangalore",USDA Organic,ORG-MIL-PQ23-20250415-wi10,15-04-2025,10-04-2026,19-04-2025,Earthly Delights,"Earthly Delights (Koramangala), Bangalore",14,In Stock,162bec9eb1d8fcbc7dda696b105c19606570848c874f25ef01b69dd9f80aa309
ORG-MIL-PQ23,Organic Flavored Milk,Milk,25 Bags,164,12,Pillay Inc Organic Farms,"37, Savant, Bangalore",USDA Organic,ORG-MIL-PQ23-20250328-Vi47,28-03-2025,23-03-2026,03-04-2025,Nature's Basket,"Nature's Basket (Kowdiar), Thiruvananthapuram",30,In Stock,b042f674e4c8e766aa5f7d4f540ed62c4eccfc4458a62f474f0d315acc6be7be
ORG-MIL-PQ23,Organic Flavored Milk,Milk,25 Bags,164,12,Pillay Inc Organic Farms,"37, Savant, Bangalore",USDA Organic,ORG-MIL-PQ23-20250114-iu25,14-01-2025,09-01-2026,15-01-2025,Coastal Organics,"Coastal Organics (Beach Road), Visakhapatnam",20,In Stock,5cf307c5973d8b40af83e1becf2eac0916b97c7131fdd97c9071a615a37ee70a
ORG-MIL-PQ23,Organic Flavored Milk,Milk,25 Bags,164,12,Pillay Inc Organic Farms,"37, Savant, Bangalore",USDA Organic,ORG-MIL-PQ23-20250505-Oq01,05-05-2025,30-04-2026,09-05-2025,Pure Roots,"Pure Roots (RS Puram), Coimbatore",4,Low Stock,a2e09b178d79b609da5fbe13d804327bd64b2f8341c8d07543c205a4811a349b
ORG-MIL-PQ23,Organic Flavored Milk,Milk,25 Bags,164,12,Pillay Inc Organic Farms,"37, Savant, Bangalore",USDA Organic,ORG-MIL-PQ23-20250116-tv73,16-01-2025,11-01-2026,24-01-2025,Nature's Basket,"Nature's Basket (Kowdiar), Thiruvananthapuram",36,In Stock,2c5d968c54b7f356119c43fb1b4c5b7cf76d05c8f674ea19d9a35cd12b53a88c
ORG-GHE-VI92,Organic Cow Ghee,Ghee,500ml,700,12,Natt-Sami Organic Farms,"604, Sibal Zila, Kochi",Jaivik Bharat,ORG-GHE-VI92-20250118-kR06,18-01-2025,13-01-2026,02-02-2025,Eco Store,"Eco Store (Mavoor Road), Kozhikode",32,In Stock,50693db95ca689e3ef828e93c01a301f00497586b97a719964bf3911266efb8b
ORG-GHE-VI92,Organic Cow Ghee,Ghee,500ml,700,12,Natt-Sami Organic Farms,"604, Sibal Zila, Kochi",Jaivik Bharat,ORG-GHE-VI92-20250501-Lq02,01-05-2025,26-04-2026,05-05-2025,Organic Heaven,"Organic Heaven (Adyar), Chennai",15,In Stock,144104fb83e78462ee35e0d95ab2d04d1972724e08d2733dd1d941c0e02b308e
ORG-GHE-VI92,Organic Cow Ghee,Ghee,500ml,700,12,Natt-Sami Organic Farms,"604, Sibal Zila, Kochi",Jaivik Bharat,ORG-GHE-VI92-20250123-WU10,23-01-2025,18-01-2026,28-01-2025,Organic World,"Organic World (Kadavanthara), Ernakulam",37,In Stock,5355fd67aee518da123faf4f23f45f43b9636e482fe5ddd37d59d53220a33e0c
ORG-GHE-VI92,Organic Cow Ghee,Ghee,500ml,700,12,Natt-Sami Organic Farms,"604, Sibal Zila, Kochi",Jaivik Bharat,ORG-GHE-VI92-20250117-FT98,17-01-2025,12-01-2026,19-01-2025,Green Valley,"Green Valley (Indiranagar), Bangalore",35,In Stock,410b251b32aa894575f0c62d035342de2f788328f5019a89acbc2b0d9036366e
ORG-GHE-VI92,Organic Cow Ghee,Ghee,500ml,700,12,Natt-Sami Organic Farms,"604, Sibal Zila, Kochi",Jaivik Bharat,ORG-GHE-VI92-20250121-VK99,21-01-2025,16-01-2026,03-02-2025,Namma Organic,"Namma Organic (Vijaynagar), Mysore",36,In Stock,42f3db8f22c5dd9321dad6f0ae1a05cf60295197ffd7bddacf8c61cdf8343385
ORG-GHE-VI92,Organic Cow Ghee,Ghee,500ml,700,12,Natt-Sami Organic Farms,"604, Sibal Zila, Kochi",Jaivik Bharat,ORG-GHE-VI92-20250114-IH40,14-01-2025,09-01-2026,25-01-2025,Nature's Basket,"Nature's Basket (Kowdiar), Thiruvananthapuram",35,In Stock,483219d64d4baa662794d8f24e47ab02ec82d304a8a785afdc6d7574c0b9ab08
ORG-GHE-VI92,Organic Cow Ghee,Ghee,500ml,700,12,Natt-Sami Organic Farms,"604, Sibal Zila, Kochi",Jaivik Bharat,ORG-GHE-VI92-20250116-BY62,16-01-2025,11-01-2026,18-01-2025,Eco Friendly,"Eco Friendly (Gachibowli), Hyderabad",1,Low Stock,126ea2fe46575131c18f45bbf37518cac6851659a9e53ee172a26d99b1f2bfd9
ORG-GHE-VI92,Organic Cow Ghee,Ghee,500ml,700,12,Natt-Sami Organic Farms,"604, Sibal Zila, Kochi",Jaivik Bharat,ORG-GHE-VI92-20250414-rd00,14-04-2025,09-04-2026,17-04-2025,Green Mart,"Green Mart (Edappally), Ernakulam",12,In Stock,57bad6eade9b55b70dae4c7682985f962d3598bd8f3bd6681eaa65fb54d468ee
ORG-GHE-VI92,Organic Cow Ghee,Ghee,500ml,700,12,Natt-Sami Organic Farms,"604, Sibal Zila, Kochi",Jaivik Bharat,ORG-GHE-VI92-20250119-RK92,19-01-2025,14-01-2026,21-01-2025,Green Valley,"Green Valley (Indiranagar), Bangalore",3,Low Stock,a2ecdf87c8651a206d74c8830f832768a626043ce536e8578144477fd714c96e
ORG-GHE-VI92,Organic Cow Ghee,Ghee,500ml,700,12,Natt-Sami Organic Farms,"604, Sibal Zila, Kochi",Jaivik Bharat,ORG-GHE-VI92-20250502-Kj73,02-05-2025,27-04-2026,11-05-2025,Farm Fresh,"Farm Fresh (Vytilla), Ernakulam",24,In Stock,8d6006005e548959e5a4f0e32e88c23e5d2489436abe7553e557315e134e85df
ORG-GHE-VI92,Organic Cow Ghee,Ghee,500ml,700,12,Natt-Sami Organic Farms,"604, Sibal Zila, Kochi",Jaivik Bharat,ORG-GHE-VI92-20250130-JG61,30-01-2025,25-01-2026,04-02-2025,Green Fields,"Green Fields (Banjara Hills), Hyderabad",3,Low Stock,4d2b72a37fc387c250da993d46b333b1fbceae8c1035420814fd847c4244e43d
ORG-GHE-VI92,Organic Cow Ghee,Ghee,500ml,700,12,Natt-Sami Organic Farms,"604, Sibal Zila, Kochi",Jaivik Bharat,ORG-GHE-VI92-20250322-kp30,22-03-2025,17-03-2026,03-04-2025,Organic World,"Organic World (Kadavanthara), Ernakulam",12,In Stock,ac60cc05df90dd5c601e942529e64a61b63382e7328d6c8648ae547b7a831060
ORG-GHE-VI92,Organic Cow Ghee,Ghee,500ml,700,12,Natt-Sami Organic Farms,"604, Sibal Zila, Kochi",Jaivik Bharat,ORG-GHE-VI92-20250202-Kx04,02-02-2025,28-01-2026,06-02-2025,Coastal Organics,"Coastal Organics (Beach Road), Visakhapatnam",33,In Stock,19a9d9fd91794951552ee5826936a9bd12b9f1b4586b87952907308b6dd29bcf
ORG-GHE-VI92,Organic Cow Ghee,Ghee,500ml,700,12,Natt-Sami Organic Farms,"604, Sibal Zila, Kochi",Jaivik Bharat,ORG-GHE-VI92-20250110-VR30,10-01-2025,05-01-2026,14-01-2025,Green Fields,"Green Fields (Banjara Hills), Hyderabad",43,In Stock,b0a7e863e469355d9e66feca51274bf11c89fcee574aa5fac2921d82516b925a
ORG-GHE-VI92,Organic Cow Ghee,Ghee,500ml,700,12,Natt-Sami Organic Farms,"604, Sibal Zila, Kochi",Jaivik Bharat,ORG-GHE-VI92-20250114-ax47,14-01-2025,09-01-2026,26-01-2025,Eco Store,"Eco Store (Mavoor Road), Kozhikode",21,In Stock,696b2c61a2128b9b7711242d4511b4376e78ee8d5c95e84fb2ddd07337033b29
ORG-GHE-VI92,Organic Cow Ghee,Ghee,500ml,700,12,Natt-Sami Organic Farms,"604, Sibal Zila, Kochi",Jaivik Bharat,ORG-GHE-VI92-20250113-ZI22,13-01-2025,08-01-2026,23-01-2025,Farm Fresh,"Farm Fresh (Vytilla), Ernakulam",21,In Stock,109d8c19fa14604b88467109899bc002d020e7ab76bfb0a7370ccc9f5c6dc4e1
ORG-GHE-VI92,Organic Cow Ghee,Ghee,500ml,700,12,Natt-Sami Organic Farms,"604, Sibal Zila, Kochi",Jaivik Bharat,ORG-GHE-VI92-20250201-kM39,01-02-2025,27-01-2026,07-02-2025,Coastal Organics,"Coastal Organics (Beach Road), Visakhapatnam",35,In Stock,be77b6abd2a7a12bbc7c721f2cea4733af2f657843c35fc19e56aeaa018907b5
ORG-GHE-VI92,Organic Cow Ghee,Ghee,500ml,700,12,Natt-Sami Organic Farms,"604, Sibal Zila, Kochi",Jaivik Bharat,ORG-GHE-VI92-20250110-Ho06,10-01-2025,05-01-2026,12-01-2025,Eco Store,"Eco Store (Mavoor Road), Kozhikode",12,In Stock,9ea60f4e6844a6ca29c37c66f79b36b34165f6cd593922100f38b2b09b6c149c
ORG-GHE-VI92,Organic Cow Ghee,Ghee,500ml,700,12,Natt-Sami Organic Farms,"604, Sibal Zila, Kochi",Jaivik Bharat,ORG-GHE-VI92-20250109-Aj03,09-01-2025,04-01-2026,11-01-2025,Organic Heaven,"Organic Heaven (Adyar), Chennai",19,In Stock,a5aa139d326de0501e6bccf14247d2fabc6680da277706ec62e4c39240778d65
ORG-GHE-VI92,Organic Cow Ghee,Ghee,500ml,700,12,Natt-Sami Organic Farms,"604, Sibal Zila, Kochi",Jaivik Bharat,ORG-GHE-VI92-20250509-IA64,09-05-2025,04-05-2026,18-05-2025,Nature's Basket,"Nature's Basket (Kowdiar), Thiruvananthapuram",27,In Stock,78eee0b1afbcbb84455edb35c869ca72b0dfd456025011957829bc18ac8200cd
ORG-GHE-VI92,Organic Cow Ghee,Ghee,500ml,700,12,Natt-Sami Organic Farms,"604, Sibal Zila, Kochi",Jaivik Bharat,ORG-GHE-VI92-20250121-fo16,21-01-2025,16-01-2026,27-01-2025,Earthly Delights,"Earthly Delights (Koramangala), Bangalore",0,Out of Stock,1cff8078bf517839e74b3f196b898f0bbae5f06a36bd24547c61043bb97e1b1b
ORG-GHE-VI92,Organic Cow Ghee,Ghee,500ml,700,12,Natt-Sami Organic Farms,"604, Sibal Zila, Kochi",Jaivik Bharat,ORG-GHE-VI92-20250125-nH37,25-01-2025,20-01-2026,02-02-2025,Namma Organic,"Namma Organic (Vijaynagar), Mysore",17,In Stock,bb6e464b59fa0f69b8f0584e67467b8f8a6cf3419480a386075d8204d185d5e6
ORG-GHE-VI92,Organic Cow Ghee,Ghee,500ml,700,12,Natt-Sami Organic Farms,"604, Sibal Zila, Kochi",Jaivik Bharat,ORG-GHE-VI92-20250121-xm47,21-01-2025,16-01-2026,01-02-2025,Eco Store,"Eco Store (Mavoor Road), Kozhikode",45,In Stock,17b5e113bafe78188eab3d73640519e32d82f6906ed76081d6649f9de9189023
ORG-GHE-VI92,Organic Cow Ghee,Ghee,500ml,700,12,Natt-Sami Organic Farms,"604, Sibal Zila, Kochi",Jaivik Bharat,ORG-GHE-VI92-20250202-nI41,02-02-2025,28-01-2026,05-02-2025,Eco Store,"Eco Store (Mavoor Road), Kozhikode",1,Low Stock,83c77b2f0b198f0fa7ca058f55fc62198d327b5f9e66eb0a3ab8d1ac4f8e12f6
ORG-GHE-VI92,Organic Cow Ghee,Ghee,500ml,700,12,Natt-Sami Organic Farms,"604, Sibal Zila, Kochi",Jaivik Bharat,ORG-GHE-VI92-20250201-gD44,01-02-2025,27-01-2026,15-02-2025,Eco Friendly,"Eco Friendly (Gachibowli), Hyderabad",44,In Stock,a10322abf32afd1ae7a1dea7e1eb67234dd4c89fcade9c945513908ab74d954c
ORG-GHE-VI92,Organic Cow Ghee,Ghee,500ml,700,12,Natt-Sami Organic Farms,"604, Sibal Zila, Kochi",Jaivik Bharat,ORG-GHE-VI92-20250203-Ed47,03-02-2025,29-01-2026,13-02-2025,Green Fields,"Green Fields (Banjara Hills), Hyderabad",37,In Stock,a2b87f228edb36800793eed93b9cc0c0abcdd3506f4113ec90d353742f63e529
ORG-GHE-VI92,Organic Cow Ghee,Ghee,500ml,700,12,Natt-Sami Organic Farms,"604, Sibal Zila, Kochi",Jaivik Bharat,ORG-GHE-VI92-20250126-mc46,26-01-2025,21-01-2026,30-01-2025,Namma Organic,"Namma Organic (Vijaynagar), Mysore",36,In Stock,398062adb4ca8ae52c8115a5338ea66770206118fd9d0de7156677e9a2762b40
ORG-GHE-VI92,Organic Cow Ghee,Ghee,500ml,700,12,Natt-Sami Organic Farms,"604, Sibal Zila, Kochi",Jaivik Bharat,ORG-GHE-VI92-20250224-tJ63,24-02-2025,19-02-2026,28-02-2025,Coastal Organics,"Coastal Organics (Beach Road), Visakhapatnam",4,Low Stock,c705410ea46044c76d7fb74637608f0c5e750f866f868febdc2c10ba1a46571f
ORG-GHE-VI92,Organic Cow Ghee,Ghee,500ml,700,12,Natt-Sami Organic Farms,"604, Sibal Zila, Kochi",Jaivik Bharat,ORG-GHE-VI92-20250128-NA30,28-01-2025,23-01-2026,29-01-2025,Coastal Organics,"Coastal Organics (Beach Road), Visakhapatnam",38,In Stock,d96e0242cdf3896fa81c35785012b001d32c02fc0c571ef6b6f0faf92bfb33ad
ORG-GHE-VI92,Organic Cow Ghee,Ghee,500ml,700,12,Natt-Sami Organic Farms,"604, Sibal Zila, Kochi",Jaivik Bharat,ORG-GHE-VI92-20250217-hZ58,17-02-2025,12-02-2026,01-03-2025,Green Valley,"Green Valley (Indiranagar), Bangalore",44,In Stock,e7cbd161827a5d96a61a3f863e23b8dccc7740fe09df168cf577a52832f0eb8d
ORG-GHE-VI92,Organic Cow Ghee,Ghee,500ml,700,12,Natt-Sami Organic Farms,"604, Sibal Zila, Kochi",Jaivik Bharat,ORG-GHE-VI92-20250124-lO30,24-01-2025,19-01-2026,26-01-2025,Eco Friendly,"Eco Friendly (Gachibowli), Hyderabad",25,In Stock,7c9332f1492e754a1abc9367d13f11e2456184f1ca4d8aa8c86d72be3098d16e
ORG-GHE-VI92,Organic Cow Ghee,Ghee,500ml,700,12,Natt-Sami Organic Farms,"604, Sibal Zila, Kochi",Jaivik Bharat,ORG-GHE-VI92-20250107-Pl04,07-01-2025,02-01-2026,12-01-2025,Organic Heaven,"Organic Heaven (Adyar), Chennai",1,Low Stock,5e3b2d77b5c9cbe5d0b551472e51e29c19973108319a3bd51ebd287324731be4
ORG-GHE-VI92,Organic Cow Ghee,Ghee,500ml,700,12,Natt-Sami Organic Farms,"604, Sibal Zila, Kochi",Jaivik Bharat,ORG-GHE-VI92-20250114-Ox44,14-01-2025,09-01-2026,19-01-2025,Fresh Harvest,"Fresh Harvest (T. Nagar), Chennai",15,In Stock,8222f632e874359486b05fbf42feb12e990fad0ee79905352d94573ad4f012e0
ORG-GHE-VI92,Organic Cow Ghee,Ghee,500ml,700,12,Natt-Sami Organic Farms,"604, Sibal Zila, Kochi",Jaivik Bharat,ORG-GHE-VI92-20250201-Kd47,01-02-2025,27-01-2026,16-02-2025,Organic World,"Organic World (Kadavanthara), Ernakulam",33,In Stock,eda0ed5970707d3c5de0514646e1422f978386073ff02b3177f8364f7170f45f
ORG-GHE-VI92,Organic Cow Ghee,Ghee,500ml,700,12,Natt-Sami Organic Farms,"604, Sibal Zila, Kochi",Jaivik Bharat,ORG-GHE-VI92-20250113-EP78,13-01-2025,08-01-2026,23-01-2025,Namma Organic,"Namma Organic (Vijaynagar), Mysore",11,In Stock,f3aeefcf1b85c4beee40af3267cbeac4a233b1e31270ee35344710d8ea5569d0
ORG-GHE-VI92,Organic Cow Ghee,Ghee,500ml,700,12,Natt-Sami Organic Farms,"604, Sibal Zila, Kochi",Jaivik Bharat,ORG-GHE-VI92-20250429-Wi25,29-04-2025,24-04-2026,07-05-2025,Eco Friendly,"Eco Friendly (Gachibowli), Hyderabad",38,In Stock,050cc89bbba075e167cbf3508150497c82898170c1e9662bcf97178abd7e4c7d
ORG-GHE-VI92,Organic Cow Ghee,Ghee,500ml,700,12,Natt-Sami Organic Farms,"604, Sibal Zila, Kochi",Jaivik Bharat,ORG-GHE-VI92-20250113-NL71,13-01-2025,08-01-2026,19-01-2025,Nature's Basket,"Nature's Basket (Kowdiar), Thiruvananthapuram",27,In Stock,91fc48fa6fcb38a6337e7ac51b0353e246205cf0e7e01f90583ed340a9097638
ORG-GHE-VI92,Organic Cow Ghee,Ghee,500ml,700,12,Natt-Sami Organic Farms,"604, Sibal Zila, Kochi",Jaivik Bharat,ORG-GHE-VI92-20250121-FJ09,21-01-2025,16-01-2026,03-02-2025,Earthly Delights,"Earthly Delights (Koramangala), Bangalore",11,In Stock,69d24b789b85f6ac26fc5ea0b08c9f6b38bdbe0fe00e20a5a40d8d37d43ddd83
ORG-GHE-VI92,Organic Cow Ghee,Ghee,500ml,700,12,Natt-Sami Organic Farms,"604, Sibal Zila, Kochi",Jaivik Bharat,ORG-GHE-VI92-20250121-sV24,21-01-2025,16-01-2026,05-02-2025,Fresh Harvest,"Fresh Harvest (T. Nagar), Chennai",0,Out of Stock,7e64254c87798152b2f95c7862f6adb94b6d444383651747a831ca8f4682ce3e
ORG-GHE-VI92,Organic Cow Ghee,Ghee,500ml,700,12,Natt-Sami Organic Farms,"604, Sibal Zila, Kochi",Jaivik Bharat,ORG-GHE-VI92-20250301-MZ68,01-03-2025,24-02-2026,04-03-2025,Eco Friendly,"Eco Friendly (Gachibowli), Hyderabad",10,Low Stock,61a24b3cd52669539285ac76d988da8699460cb12ccec524c878baf9317ad798
ORG-GHE-VI92,Organic Cow Ghee,Ghee,500ml,700,12,Natt-Sami Organic Farms,"604, Sibal Zila, Kochi",Jaivik Bharat,ORG-GHE-VI92-20250201-xJ37,01-02-2025,27-01-2026,14-02-2025,Eco Friendly,"Eco Friendly (Gachibowli), Hyderabad",12,In Stock,d68e814b41567441fa9fc9c0f60c0e87f2b8a862bf68cb3f5911fa3971e54576
ORG-GHE-VI92,Organic Cow Ghee,Ghee,500ml,700,12,Natt-Sami Organic Farms,"604, Sibal Zila, Kochi",Jaivik Bharat,ORG-GHE-VI92-20250119-nh81,19-01-2025,14-01-2026,28-01-2025,Nature's Basket,"Nature's Basket (Kowdiar), Thiruvananthapuram",24,In Stock,a482a914f6881a8963aeea31bab34bfa824a4229882f9c86dfbd63c4430f29d7
ORG-GHE-VI92,Organic Cow Ghee,Ghee,500ml,700,12,Natt-Sami Organic Farms,"604, Sibal Zila, Kochi",Jaivik Bharat,ORG-GHE-VI92-20250415-sg37,15-04-2025,10-04-2026,24-04-2025,Coastal Organics,"Coastal Organics (Beach Road), Visakhapatnam",12,In Stock,832f5058877d3a4e8d794fddff22013eedd4082484c341d14db51170414c20a6
ORG-GHE-VI92,Organic Cow Ghee,Ghee,500ml,700,12,Natt-Sami Organic Farms,"604, Sibal Zila, Kochi",Jaivik Bharat,ORG-GHE-VI92-20250128-gO49,28-01-2025,23-01-2026,04-02-2025,Eco Friendly,"Eco Friendly (Gachibowli), Hyderabad",25,In Stock,597fc84cff85e924b1c0ad0dd9cfb29b030ec07f50058ed8c61529f6a07801b8
ORG-GHE-VI92,Organic Cow Ghee,Ghee,500ml,700,12,Natt-Sami Organic Farms,"604, Sibal Zila, Kochi",Jaivik Bharat,ORG-GHE-VI92-20250507-BO14,07-05-2025,02-05-2026,09-05-2025,Eco Store,"Eco Store (Mavoor Road), Kozhikode",23,In Stock,240e9e9a1f8ad5a8018a579f0d1ae41956806ddab76d3018d6b414519ed8fbb9
ORG-GHE-VI92,Organic Cow Ghee,Ghee,500ml,700,12,Natt-Sami Organic Farms,"604, Sibal Zila, Kochi",Jaivik Bharat,ORG-GHE-VI92-20250118-DO44,18-01-2025,13-01-2026,25-01-2025,Green Mart,"Green Mart (Edappally), Ernakulam",14,In Stock,bfa03cc85b9f6644209a693f08f21598e39d0287e897b9dfd00d7f89c2511516
ORG-GHE-VI92,Organic Cow Ghee,Ghee,500ml,700,12,Natt-Sami Organic Farms,"604, Sibal Zila, Kochi",Jaivik Bharat,ORG-GHE-VI92-20250126-SA03,26-01-2025,21-01-2026,03-02-2025,Coastal Organics,"Coastal Organics (Beach Road), Visakhapatnam",38,In Stock,6efc59c713dc614bf7791c16c034cdf465fe459ca23407ad899d0d35005fd307
ORG-GHE-VI92,Organic Cow Ghee,Ghee,500ml,700,12,Natt-Sami Organic Farms,"604, Sibal Zila, Kochi",Jaivik Bharat,ORG-GHE-VI92-20250112-zi31,12-01-2025,07-01-2026,16-01-2025,Green Mart,"Green Mart (Edappally), Ernakulam",24,In Stock,78965527da72d55ceb79332a11d0c46352e5fcfcc7f577ca37dea595a3ed26a9
ORG-GHE-VI92,Organic Cow Ghee,Ghee,500ml,700,12,Natt-Sami Organic Farms,"604, Sibal Zila, Kochi",Jaivik Bharat,ORG-GHE-VI92-20250121-xj24,21-01-2025,16-01-2026,02-02-2025,Earthly Delights,"Earthly Delights (Koramangala), Bangalore",1,Low Stock,0980df8b6839e357407ad66ae4b0e19d0136097bf231e39bbccbce70c349338b
ORG-GHE-VI92,Organic Cow Ghee,Ghee,500ml,700,12,Natt-Sami Organic Farms,"604, Sibal Zila, Kochi",Jaivik Bharat,ORG-GHE-VI92-20250113-tp07,13-01-2025,08-01-2026,14-01-2025,Nature's Basket,"Nature's Basket (Kowdiar), Thiruvananthapuram",44,In Stock,aac4aee9a7b5a1aaaf8c24283a935fed25ec86010c780d8eac6e5d44caed0094
ORG-GHE-BB86,Organic Buffalo Ghee,Ghee,250g,482,6,Bhat-Tella Organic Farms,"558, Grewal Chowk, Mysore",Jaivik Bharat,ORG-GHE-BB86-20250730-Sk46,30-07-2025,26-01-2026,14-08-2025,Coastal Organics,"Coastal Organics (Beach Road), Visakhapatnam",44,In Stock,8a417fda4a330942835e3872ee3d68ce62dcee593f1c9125ad096d44f72a9d74
ORG-GHE-BB86,Organic Buffalo Ghee,Ghee,250g,482,6,Bhat-Tella Organic Farms,"558, Grewal Chowk, Mysore",Jaivik Bharat,ORG-GHE-BB86-20250728-GP53,28-07-2025,24-01-2026,29-07-2025,Eco Store,"Eco Store (Mavoor Road), Kozhikode",1,Low Stock,81670b052ccbe19045223783b135d81a183f7d282c4d3118db1b030de417410d
ORG-GHE-BB86,Organic Buffalo Ghee,Ghee,250g,482,6,Bhat-Tella Organic Farms,"558, Grewal Chowk, Mysore",Jaivik Bharat,ORG-GHE-BB86-20250722-Cj80,22-07-2025,18-01-2026,29-07-2025,Namma Organic,"Namma Organic (Vijaynagar), Mysore",47,In Stock,cbd489946e66d7c79b4545bb51a04d5eaa1d86ccfc8459c4576eec5e4ae36594
ORG-GHE-BB86,Organic Buffalo Ghee,Ghee,250g,482,6,Bhat-Tella Organic Farms,"558, Grewal Chowk, Mysore",Jaivik Bharat,ORG-GHE-BB86-20250705-pZ95,05-07-2025,01-01-2026,08-07-2025,Pure Roots,"Pure Roots (RS Puram), Coimbatore",33,In Stock,13b3e3394baa9c7824a9d312a8767d9249af83bdb19a417c4023a673db9c05c8
ORG-GHE-BB86,Organic Buffalo Ghee,Ghee,250g,482,6,Bhat-Tella Organic Farms,"558, Grewal Chowk, Mysore",Jaivik Bharat,ORG-GHE-BB86-20250801-vR49,01-08-2025,28-01-2026,09-08-2025,Farm Fresh,"Farm Fresh (Vytilla), Ernakulam",50,In Stock,c47e7f8641678dc3fd810ea8830cb6b7d903101051f3a743c5da885c6f2b1bab
ORG-GHE-BB86,Organic Buffalo Ghee,Ghee,250g,482,6,Bhat-Tella Organic Farms,"558, Grewal Chowk, Mysore",Jaivik Bharat,ORG-GHE-BB86-20250727-fg63,27-07-2025,23-01-2026,10-08-2025,Green Mart,"Green Mart (Edappally), Ernakulam",32,In Stock,1a07f22af226520f81a5f568b12c6582855b2b875963ba2bf9f3ac14aa9815ce
ORG-GHE-BB86,Organic Buffalo Ghee,Ghee,250g,482,6,Bhat-Tella Organic Farms,"558, Grewal Chowk, Mysore",Jaivik Bharat,ORG-GHE-BB86-20250719-pC10,19-07-2025,15-01-2026,01-08-2025,Green Valley,"Green Valley (Indiranagar), Bangalore",48,In Stock,d528d0c8f4e6192a4f5027fab60bb99367f0245ec5851e80250bbe438e8bbf61
ORG-GHE-BB86,Organic Buffalo Ghee,Ghee,250g,482,6,Bhat-Tella Organic Farms,"558, Grewal Chowk, Mysore",Jaivik Bharat,ORG-GHE-BB86-20250721-xO06,21-07-2025,17-01-2026,26-07-2025,Coastal Organics,"Coastal Organics (Beach Road), Visakhapatnam",25,In Stock,251d554408c59dfc92d4fcb7766d95994c86fd653a61401d253e55359d128fe3
ORG-GHE-BB86,Organic Buffalo Ghee,Ghee,250g,482,6,Bhat-Tella Organic Farms,"558, Grewal Chowk, Mysore",Jaivik Bharat,ORG-GHE-BB86-20250802-gy74,02-08-2025,29-01-2026,10-08-2025,Eco Store,"Eco Store (Mavoor Road), Kozhikode",34,In Stock,e817ca7b21cdca9467d4a963e6a535d7c8c5993af68a22beeac88d470badcf52
ORG-GHE-BB86,Organic Buffalo Ghee,Ghee,250g,482,6,Bhat-Tella Organic Farms,"558, Grewal Chowk, Mysore",Jaivik Bharat,ORG-GHE-BB86-20250802-Pe14,02-08-2025,29-01-2026,16-08-2025,Organic World,"Organic World (Kadavanthara), Ernakulam",17,In Stock,9a8c3a0f88672cc8fee641cffd318663113dc5f8e37f01b0ce1923237851c347
ORG-GHE-BB86,Organic Buffalo Ghee,Ghee,250g,482,6,Bhat-Tella Organic Farms,"558, Grewal Chowk, Mysore",Jaivik Bharat,ORG-GHE-BB86-20250723-IZ80,23-07-2025,19-01-2026,26-07-2025,Coastal Organics,"Coastal Organics (Beach Road), Visakhapatnam",11,In Stock,1790ea5bea9af32f0760a6744de205e757c94fbd774131ad39cd3afd6586ba3f
ORG-GHE-BB86,Organic Buffalo Ghee,Ghee,250g,482,6,Bhat-Tella Organic Farms,"558, Grewal Chowk, Mysore",Jaivik Bharat,ORG-GHE-BB86-20250722-qA08,22-07-2025,18-01-2026,26-07-2025,Pure Roots,"Pure Roots (RS Puram), Coimbatore",6,Low Stock,160a10b2859045cfb5e42373fc7d238811702c011a5151a133b7610631ee36ac
ORG-GHE-BB86,Organic Buffalo Ghee,Ghee,250g,482,6,Bhat-Tella Organic Farms,"558, Grewal Chowk, Mysore",Jaivik Bharat,ORG-GHE-BB86-20250730-jc33,30-07-2025,26-01-2026,06-08-2025,Namma Organic,"Namma Organic (Vijaynagar), Mysore",14,In Stock,56603194feaab44d23e88d339b9d6b4fcd07e8f85859ffb88c4e7e88c258e9ae
ORG-GHE-BB86,Organic Buffalo Ghee,Ghee,250g,482,6,Bhat-Tella Organic Farms,"558, Grewal Chowk, Mysore",Jaivik Bharat,ORG-GHE-BB86-20250713-uT24,13-07-2025,09-01-2026,23-07-2025,Eco Friendly,"Eco Friendly (Gachibowli), Hyderabad",8,Low Stock,b1074aca047c7156214c49752fd03674329ddd250bee5f23f359fb9e24adb906
ORG-GHE-BB86,Organic Buffalo Ghee,Ghee,250g,482,6,Bhat-Tella Organic Farms,"558, Grewal Chowk, Mysore",Jaivik Bharat,ORG-GHE-BB86-20250705-Fe83,05-07-2025,01-01-2026,13-07-2025,Pure Roots,"Pure Roots (RS Puram), Coimbatore",21,In Stock,1cace36c1aff81e55ebc355ad8a6d393d1cf2386396fc3cea26f4f0ad445fe0f
ORG-GHE-BB86,Organic Buffalo Ghee,Ghee,250g,482,6,Bhat-Tella Organic Farms,"558, Grewal Chowk, Mysore",Jaivik Bharat,ORG-GHE-BB86-20250711-Uj07,11-07-2025,07-01-2026,24-07-2025,Green Fields,"Green Fields (Banjara Hills), Hyderabad",5,Low Stock,7de74975fe87e3e55f3a93cb28955b9dc6194905cf8dc1de2db284df3101a259
ORG-GHE-BB86,Organic Buffalo Ghee,Ghee,250g,482,6,Bhat-Tella Organic Farms,"558, Grewal Chowk, Mysore",Jaivik Bharat,ORG-GHE-BB86-20250721-id74,21-07-2025,17-01-2026,31-07-2025,Farm Fresh,"Farm Fresh (Vytilla), Ernakulam",22,In Stock,debec595d70c4cc955ec9ad588aebbd2ce8d22e62d4f8da129bc687f39a05ec3
ORG-GHE-BB86,Organic Buffalo Ghee,Ghee,250g,482,6,Bhat-Tella Organic Farms,"558, Grewal Chowk, Mysore",Jaivik Bharat,ORG-GHE-BB86-20250802-Mo43,02-08-2025,29-01-2026,13-08-2025,Eco Store,"Eco Store (Mavoor Road), Kozhikode",8,Low Stock,e9b8e4a4dbdc87281107bda1b5e132d6fae2e3ece7b5a13c78d078580326bea4
ORG-GHE-BB86,Organic Buffalo Ghee,Ghee,250g,482,6,Bhat-Tella Organic Farms,"558, Grewal Chowk, Mysore",Jaivik Bharat,ORG-GHE-BB86-20250723-bj51,23-07-2025,19-01-2026,06-08-2025,Namma Organic,"Namma Organic (Vijaynagar), Mysore",1,Low Stock,9a7cc1f2f243e2e59318289b52e5976b156400323684314d1f1f27b0e48c0bef
ORG-GHE-BB86,Organic Buffalo Ghee,Ghee,250g,482,6,Bhat-Tella Organic Farms,"558, Grewal Chowk, Mysore",Jaivik Bharat,ORG-GHE-BB86-20250731-WV68,31-07-2025,27-01-2026,09-08-2025,Green Valley,"Green Valley (Indiranagar), Bangalore",39,In Stock,406f61ca0191510a915435406c4725fb92d6dd97a3758fae31b8df6c75b0c80d
ORG-GHE-BB86,Organic Buffalo Ghee,Ghee,250g,482,6,Bhat-Tella Organic Farms,"558, Grewal Chowk, Mysore",Jaivik Bharat,ORG-GHE-BB86-20250714-Du11,14-07-2025,10-01-2026,18-07-2025,Green Valley,"Green Valley (Indiranagar), Bangalore",10,Low Stock,67a0c1f02b8d7b5c51763d92af9ab0d3f67fe89cd2df367c6a1f8a48736d1dbc
ORG-GHE-BB86,Organic Buffalo Ghee,Ghee,250g,482,6,Bhat-Tella Organic Farms,"558, Grewal Chowk, Mysore",Jaivik Bharat,ORG-GHE-BB86-20250716-qU08,16-07-2025,12-01-2026,28-07-2025,Namma Organic,"Namma Organic (Vijaynagar), Mysore",8,Low Stock,cb2f83a4c0253bb771ce410763d9e78f995dc7245f0b293fecca2bdbdca95333
ORG-GHE-BB86,Organic Buffalo Ghee,Ghee,250g,482,6,Bhat-Tella Organic Farms,"558, Grewal Chowk, Mysore",Jaivik Bharat,ORG-GHE-BB86-20250730-jz71,30-07-2025,26-01-2026,04-08-2025,Earthly Delights,"Earthly Delights (Koramangala), Bangalore",50,In Stock,c1a74d68af79d8cd00bff5c1e58d786cd7de50b2cb09afd96756e2b3ab2b40ae
ORG-GHE-BB86,Organic Buffalo Ghee,Ghee,250g,482,6,Bhat-Tella Organic Farms,"558, Grewal Chowk, Mysore",Jaivik Bharat,ORG-GHE-BB86-20250728-My74,28-07-2025,24-01-2026,09-08-2025,Namma Organic,"Namma Organic (Vijaynagar), Mysore",46,In Stock,b2ae6eb1a429e01995441e514535ef1de5cbe756a9bd9153e5279ec453ed9535
ORG-GHE-BB86,Organic Buffalo Ghee,Ghee,250g,482,6,Bhat-Tella Organic Farms,"558, Grewal Chowk, Mysore",Jaivik Bharat,ORG-GHE-BB86-20250705-hl16,05-07-2025,01-01-2026,13-07-2025,Eco Friendly,"Eco Friendly (Gachibowli), Hyderabad",46,In Stock,b53b96eac35599c7574ccc61135fa89ea22dca282e53c49ba9c800e60fe399b7
ORG-GHE-BB86,Organic Buffalo Ghee,Ghee,250g,482,6,Bhat-Tella Organic Farms,"558, Grewal Chowk, Mysore",Jaivik Bharat,ORG-GHE-BB86-20250721-bq24,21-07-2025,17-01-2026,27-07-2025,Earthly Delights,"Earthly Delights (Koramangala), Bangalore",15,In Stock,92ee2d4c4c8f78ccd1e14d2f59762cba334696456ad4c117306a3a51630f9f4a
ORG-GHE-BB86,Organic Buffalo Ghee,Ghee,250g,482,6,Bhat-Tella Organic Farms,"558, Grewal Chowk, Mysore",Jaivik Bharat,ORG-GHE-BB86-20250728-Aw43,28-07-2025,24-01-2026,12-08-2025,Earthly Delights,"Earthly Delights (Koramangala), Bangalore",9,Low Stock,c7de0b8a2b4459415fa9728ea45d32c0e2d7ab45f8dd8f29748bb715234978fb
ORG-GHE-BB86,Organic Buffalo Ghee,Ghee,250g,482,6,Bhat-Tella Organic Farms,"558, Grewal Chowk, Mysore",Jaivik Bharat,ORG-GHE-BB86-20250713-HP15,13-07-2025,09-01-2026,23-07-2025,Namma Organic,"Namma Organic (Vijaynagar), Mysore",17,In Stock,4b26a2c837fd9df5c14d7cd5808ea6b11dfd5361bc38c75614abbd3f0700c4c1
ORG-GHE-BB86,Organic Buffalo Ghee,Ghee,250g,482,6,Bhat-Tella Organic Farms,"558, Grewal Chowk, Mysore",Jaivik Bharat,ORG-GHE-BB86-20250731-PD58,31-07-2025,27-01-2026,08-08-2025,Nature's Basket,"Nature's Basket (Kowdiar), Thiruvananthapuram",33,In Stock,038de6220ee62b15a57ca17021a837dd7739dfd6aa1ebac2824ad8bf3e2ab491
ORG-GHE-BB86,Organic Buffalo Ghee,Ghee,250g,482,6,Bhat-Tella Organic Farms,"558, Grewal Chowk, Mysore",Jaivik Bharat,ORG-GHE-BB86-20250719-OQ80,19-07-2025,15-01-2026,30-07-2025,Nature's Basket,"Nature's Basket (Kowdiar), Thiruvananthapuram",28,In Stock,46119131652c813875bb49d8de6b756c8e120958d9c7657dc46f2fc284ab09df
ORG-GHE-BB86,Organic Buffalo Ghee,Ghee,250g,482,6,Bhat-Tella Organic Farms,"558, Grewal Chowk, Mysore",Jaivik Bharat,ORG-GHE-BB86-20250802-PL34,02-08-2025,29-01-2026,06-08-2025,Nature's Basket,"Nature's Basket (Kowdiar), Thiruvananthapuram",46,In Stock,132c56f1c97a8cb8b6048329f3d75efeada772e6781f4d1cc1780237781fa4b5
ORG-GHE-BB86,Organic Buffalo Ghee,Ghee,250g,482,6,Bhat-Tella Organic Farms,"558, Grewal Chowk, Mysore",Jaivik Bharat,ORG-GHE-BB86-20250716-rd37,16-07-2025,12-01-2026,18-07-2025,Organic World,"Organic World (Kadavanthara), Ernakulam",42,In Stock,d5a8d5c78de159db82249df9b592a0e073e0b6e93e7244ed0176c4282f91543d
ORG-GHE-BB86,Organic Buffalo Ghee,Ghee,250g,482,6,Bhat-Tella Organic Farms,"558, Grewal Chowk, Mysore",Jaivik Bharat,ORG-GHE-BB86-20250730-GM74,30-07-2025,26-01-2026,03-08-2025,Eco Store,"Eco Store (Mavoor Road), Kozhikode",32,In Stock,f98e8595665b88437c233672d598827e223e1ab6a50d6b2bdb4117bc8a2a30cb
ORG-GHE-BB86,Organic Buffalo Ghee,Ghee,250g,482,6,Bhat-Tella Organic Farms,"558, Grewal Chowk, Mysore",Jaivik Bharat,ORG-GHE-BB86-20250716-ti00,16-07-2025,12-01-2026,25-07-2025,Pure Roots,"Pure Roots (RS Puram), Coimbatore",33,In Stock,ae5e3c1aa5b84f2810f4ce89f398324b9d69cb32865f985cc49ccbf13e3b9404
ORG-GHE-BB86,Organic Buffalo Ghee,Ghee,250g,482,6,Bhat-Tella Organic Farms,"558, Grewal Chowk, Mysore",Jaivik Bharat,ORG-GHE-BB86-20250719-CS03,19-07-2025,15-01-2026,20-07-2025,Eco Friendly,"Eco Friendly (Gachibowli), Hyderabad",18,In Stock,fd710404838ee430e250090b66f6d57ccbd3f528ac6ea6b61a72134b27216ed9
ORG-GHE-BB86,Organic Buffalo Ghee,Ghee,250g,482,6,Bhat-Tella Organic Farms,"558, Grewal Chowk, Mysore",Jaivik Bharat,ORG-GHE-BB86-20250716-TS21,16-07-2025,12-01-2026,17-07-2025,Namma Organic,"Namma Organic (Vijaynagar), Mysore",47,In Stock,a8350a5907d4a849b8db59df26cfb0ce347202d6d447d5006d5fbe9482d8d622
ORG-GHE-BB86,Organic Buffalo Ghee,Ghee,250g,482,6,Bhat-Tella Organic Farms,"558, Grewal Chowk, Mysore",Jaivik Bharat,ORG-GHE-BB86-20250722-NZ82,22-07-2025,18-01-2026,31-07-2025,Coastal Organics,"Coastal Organics (Beach Road), Visakhapatnam",31,In Stock,db1f83c021978a42fd598d36e04fc9efcd46aa0e3e3dd9461108af8e1a99e8e8
ORG-GHE-BB86,Organic Buffalo Ghee,Ghee,250g,482,6,Bhat-Tella Organic Farms,"558, Grewal Chowk, Mysore",Jaivik Bharat,ORG-GHE-BB86-20250726-iq56,26-07-2025,22-01-2026,10-08-2025,Fresh Harvest,"Fresh Harvest (T. Nagar), Chennai",39,In Stock,d15611491550938d57f56775555e8b02ec041f64da6268b859bee49055bbe5e3
ORG-GHE-BB86,Organic Buffalo Ghee,Ghee,250g,482,6,Bhat-Tella Organic Farms,"558, Grewal Chowk, Mysore",Jaivik Bharat,ORG-GHE-BB86-20250707-Ii39,07-07-2025,03-01-2026,15-07-2025,Coastal Organics,"Coastal Organics (Beach Road), Visakhapatnam",29,In Stock,bf94a6a0f85f68a048bb0f7590eb8fffab799f0234c79e5d186519c3712e9260
ORG-GHE-BB86,Organic Buffalo Ghee,Ghee,250g,482,6,Bhat-Tella Organic Farms,"558, Grewal Chowk, Mysore",Jaivik Bharat,ORG-GHE-BB86-20250724-Qw55,24-07-2025,20-01-2026,02-08-2025,Earthly Delights,"Earthly Delights (Koramangala), Bangalore",2,Low Stock,baa907683e8d25a1c717deb6d9a97b888c5c9a11c8b9141d382b19ae245841a6
ORG-GHE-BB86,Organic Buffalo Ghee,Ghee,250g,482,6,Bhat-Tella Organic Farms,"558, Grewal Chowk, Mysore",Jaivik Bharat,ORG-GHE-BB86-20250728-SI46,28-07-2025,24-01-2026,08-08-2025,Eco Store,"Eco Store (Mavoor Road), Kozhikode",5,Low Stock,25b4400dceca0b0ea34b7f9851a2ddb4bbc20c90c335403aa181f106977e4fba
ORG-GHE-BB86,Organic Buffalo Ghee,Ghee,250g,482,6,Bhat-Tella Organic Farms,"558, Grewal Chowk, Mysore",Jaivik Bharat,ORG-GHE-BB86-20250706-Sl20,06-07-2025,02-01-2026,20-07-2025,Green Mart,"Green Mart (Edappally), Ernakulam",47,In Stock,79830595112c94b88ad531209ecdebd0f0a7971233a94a87c3b3f86f3d216baf
ORG-GHE-BB86,Organic Buffalo Ghee,Ghee,250g,482,6,Bhat-Tella Organic Farms,"558, Grewal Chowk, Mysore",Jaivik Bharat,ORG-GHE-BB86-20250711-fv56,11-07-2025,07-01-2026,25-07-2025,Pure Roots,"Pure Roots (RS Puram), Coimbatore",12,In Stock,f14459014625d3993f4091bc6b2f2cfbb5edaf1865a5b092a224d2c6e04ff790
ORG-GHE-BB86,Organic Buffalo Ghee,Ghee,250g,482,6,Bhat-Tella Organic Farms,"558, Grewal Chowk, Mysore",Jaivik Bharat,ORG-GHE-BB86-20250721-YR47,21-07-2025,17-01-2026,31-07-2025,Green Valley,"Green Valley (Indiranagar), Bangalore",34,In Stock,01f269d29afbdf3be77c4c3e709e1c638e0c5585f7402d550f36b7c3e2f2bd76
ORG-GHE-BB86,Organic Buffalo Ghee,Ghee,250g,482,6,Bhat-Tella Organic Farms,"558, Grewal Chowk, Mysore",Jaivik Bharat,ORG-GHE-BB86-20250717-Xi64,17-07-2025,13-01-2026,31-07-2025,Earthly Delights,"Earthly Delights (Koramangala), Bangalore",24,In Stock,6be94c9473580cdbac022e62ca19a3799597bc562c81a02d95078af5ec81d6e7
ORG-GHE-BB86,Organic Buffalo Ghee,Ghee,250g,482,6,Bhat-Tella Organic Farms,"558, Grewal Chowk, Mysore",Jaivik Bharat,ORG-GHE-BB86-20250706-Ry92,06-07-2025,02-01-2026,11-07-2025,Namma Organic,"Namma Organic (Vijaynagar), Mysore",46,In Stock,c86d128341955ed5e9bdea4f2e3b1b989162cd37341310c3c882ea87c2a7bcc8
ORG-GHE-BB86,Organic Buffalo Ghee,Ghee,250g,482,6,Bhat-Tella Organic Farms,"558, Grewal Chowk, Mysore",Jaivik Bharat,ORG-GHE-BB86-20250718-ig11,18-07-2025,14-01-2026,19-07-2025,Namma Organic,"Namma Organic (Vijaynagar), Mysore",16,In Stock,2060f759b69295937d8bca89e9d31558676d509d9c6ac7a8e8ae7e82c9e13faf
ORG-GHE-BB86,Organic Buffalo Ghee,Ghee,250g,482,6,Bhat-Tella Organic Farms,"558, Grewal Chowk, Mysore",Jaivik Bharat,ORG-GHE-BB86-20250725-ug57,25-07-2025,21-01-2026,03-08-2025,Namma Organic,"Namma Organic (Vijaynagar), Mysore",16,In Stock,cb7b57946559a46e394e6ad1a386f497fed0724f5d5f6d5ca3ad52c28b23385c
ORG-GHE-BB86,Organic Buffalo Ghee,Ghee,250g,482,6,Bhat-Tella Organic Farms,"558, Grewal Chowk, Mysore",Jaivik Bharat,ORG-GHE-BB86-20250717-ox36,17-07-2025,13-01-2026,20-07-2025,Eco Store,"Eco Store (Mavoor Road), Kozhikode",7,Low Stock,ca0d04fc112a551b6f6cf49fe412dce988064c273a64ea8ac064789840abbfce
ORG-GHE-BB86,Organic Buffalo Ghee,Ghee,250g,482,6,Bhat-Tella Organic Farms,"558, Grewal Chowk, Mysore",Jaivik Bharat,ORG-GHE-BB86-20250711-kN65,11-07-2025,07-01-2026,16-07-2025,Organic World,"Organic World (Kadavanthara), Ernakulam",35,In Stock,873b81507e6ec7a82172da9c7fb2ce123faa02a2adf40e30e7b63a8065d6080e
ORG-GHE-UB57,Organic A2 Bilona Ghee,Ghee,250g,647,18,Pall-Chaudhuri Organic Farms,"H.No. 88, Sabharwal Road, Hyderabad",USDA Organic,ORG-GHE-UB57-20240713-Hu29,13-07-2024,04-01-2026,21-07-2024,Eco Friendly,"Eco Friendly (Gachibowli), Hyderabad",44,In Stock,cda68e96582b0794d0f9f64834a3e8a78bdc1ba6cd3630e4cadd1d090b919034
ORG-GHE-UB57,Organic A2 Bilona Ghee,Ghee,250g,647,18,Pall-Chaudhuri Organic Farms,"H.No. 88, Sabharwal Road, Hyderabad",USDA Organic,ORG-GHE-UB57-20240822-lG26,22-08-2024,13-02-2026,05-09-2024,Eco Store,"Eco Store (Mavoor Road), Kozhikode",30,In Stock,0e5bb98a3163a42b972214ff7d54fcda7b255b172dc96f26b8d590adaa1e0544
ORG-GHE-UB57,Organic A2 Bilona Ghee,Ghee,250g,647,18,Pall-Chaudhuri Organic Farms,"H.No. 88, Sabharwal Road, Hyderabad",USDA Organic,ORG-GHE-UB57-20250203-or89,03-02-2025,28-07-2026,04-02-2025,Coastal Organics,"Coastal Organics (Beach Road), Visakhapatnam",33,In Stock,823e7638bbcde9dbc838ffd4d3026dfe27c49bd585a77312f915c1d6a0d72301
ORG-GHE-UB57,Organic A2 Bilona Ghee,Ghee,250g,647,18,Pall-Chaudhuri Organic Farms,"H.No. 88, Sabharwal Road, Hyderabad",USDA Organic,ORG-GHE-UB57-20240728-kX38,28-07-2024,19-01-2026,12-08-2024,Eco Store,"Eco Store (Mavoor Road), Kozhikode",38,In Stock,2b8bd06a9698764c3b765cce61238018216a1bf643e680a495e3f4bd991d007f
ORG-GHE-UB57,Organic A2 Bilona Ghee,Ghee,250g,647,18,Pall-Chaudhuri Organic Farms,"H.No. 88, Sabharwal Road, Hyderabad",USDA Organic,ORG-GHE-UB57-20240714-xe58,14-07-2024,05-01-2026,25-07-2024,Namma Organic,"Namma Organic (Vijaynagar), Mysore",36,In Stock,a898aeab9a85d86fe6bf5672d8ad8c723b6aa201ccebb0217d58fb58568648f3
ORG-GHE-UB57,Organic A2 Bilona Ghee,Ghee,250g,647,18,Pall-Chaudhuri Organic Farms,"H.No. 88, Sabharwal Road, Hyderabad",USDA Organic,ORG-GHE-UB57-20250407-uh42,07-04-2025,29-09-2026,13-04-2025,Organic Heaven,"Organic Heaven (Adyar), Chennai",27,In Stock,488dbff5c14626126b628d6c5eb43cb0e6330152fa4cabedc9023083931fa696
ORG-GHE-UB57,Organic A2 Bilona Ghee,Ghee,250g,647,18,Pall-Chaudhuri Organic Farms,"H.No. 88, Sabharwal Road, Hyderabad",USDA Organic,ORG-GHE-UB57-20250417-Dd14,17-04-2025,09-10-2026,29-04-2025,Fresh Harvest,"Fresh Harvest (T. Nagar), Chennai",11,In Stock,6f5d45a35341c86225eb621aa9d8badf7c13fcfaff3f72e042c5821cfc6e633d
ORG-GHE-UB57,Organic A2 Bilona Ghee,Ghee,250g,647,18,Pall-Chaudhuri Organic Farms,"H.No. 88, Sabharwal Road, Hyderabad",USDA Organic,ORG-GHE-UB57-20241118-Dc54,18-11-2024,12-05-2026,27-11-2024,Earthly Delights,"Earthly Delights (Koramangala), Bangalore",48,In Stock,103bd870d5e1ab0d7e390cc270472a075b2043ba688fc9b35adad5f2e28a8e07
ORG-GHE-UB57,Organic A2 Bilona Ghee,Ghee,250g,647,18,Pall-Chaudhuri Organic Farms,"H.No. 88, Sabharwal Road, Hyderabad",USDA Organic,ORG-GHE-UB57-20250116-FZ96,16-01-2025,10-07-2026,31-01-2025,Organic Heaven,"Organic Heaven (Adyar), Chennai",10,Low Stock,86b114b1fef5da6475ac20d68190a065914a0ca9ee940bdc6747094a0b68928b
ORG-GHE-UB57,Organic A2 Bilona Ghee,Ghee,250g,647,18,Pall-Chaudhuri Organic Farms,"H.No. 88, Sabharwal Road, Hyderabad",USDA Organic,ORG-GHE-UB57-20240731-sA08,31-07-2024,22-01-2026,01-08-2024,Pure Roots,"Pure Roots (RS Puram), Coimbatore",14,In Stock,4d6ef12f0a44ea08474488b75fc70ce62b664b5de3e5d2b149c49162da99421c
ORG-GHE-UB57,Organic A2 Bilona Ghee,Ghee,250g,647,18,Pall-Chaudhuri Organic Farms,"H.No. 88, Sabharwal Road, Hyderabad",USDA Organic,ORG-GHE-UB57-20250413-xv69,13-04-2025,05-10-2026,23-04-2025,Earthly Delights,"Earthly Delights (Koramangala), Bangalore",22,In Stock,bc325ced73fa2e6efd2ade905ad87ce178861c4846ebf13666533379ee0671a2
ORG-GHE-UB57,Organic A2 Bilona Ghee,Ghee,250g,647,18,Pall-Chaudhuri Organic Farms,"H.No. 88, Sabharwal Road, Hyderabad",USDA Organic,ORG-GHE-UB57-20240928-vq93,28-09-2024,22-03-2026,10-10-2024,Coastal Organics,"Coastal Organics (Beach Road), Visakhapatnam",24,In Stock,8e4eb5f1d6ff475af8ff8af798798474c994a8b11b8b5b01175a37e36b37617d
ORG-GHE-UB57,Organic A2 Bilona Ghee,Ghee,250g,647,18,Pall-Chaudhuri Organic Farms,"H.No. 88, Sabharwal Road, Hyderabad",USDA Organic,ORG-GHE-UB57-20250212-BD72,12-02-2025,06-08-2026,13-02-2025,Organic World,"Organic World (Kadavanthara), Ernakulam",38,In Stock,abace2f4e69de933aa602106e01d3e8ced1022650e98c808433bb7cb13410074
ORG-GHE-UB57,Organic A2 Bilona Ghee,Ghee,250g,647,18,Pall-Chaudhuri Organic Farms,"H.No. 88, Sabharwal Road, Hyderabad",USDA Organic,ORG-GHE-UB57-20240717-Ei26,17-07-2024,08-01-2026,20-07-2024,Coastal Organics,"Coastal Organics (Beach Road), Visakhapatnam",41,In Stock,a530a08781a3f25f170ce4f8ec32f6e1f1b6c98e9ede17899dcb0a0f49672a3e
ORG-GHE-UB57,Organic A2 Bilona Ghee,Ghee,250g,647,18,Pall-Chaudhuri Organic Farms,"H.No. 88, Sabharwal Road, Hyderabad",USDA Organic,ORG-GHE-UB57-20240911-Pt16,11-09-2024,05-03-2026,12-09-2024,Namma Organic,"Namma Organic (Vijaynagar), Mysore",5,Low Stock,b533a2e6cea63a372ec19ae6cc81dc5039a14dd3e95189b232dd53922d22bb92
ORG-GHE-UB57,Organic A2 Bilona Ghee,Ghee,250g,647,18,Pall-Chaudhuri Organic Farms,"H.No. 88, Sabharwal Road, Hyderabad",USDA Organic,ORG-GHE-UB57-20240715-KS86,15-07-2024,06-01-2026,23-07-2024,Fresh Harvest,"Fresh Harvest (T. Nagar), Chennai",49,In Stock,a90c114db531350ab799d61d94d88b711033d5f5f476b1440fdba9c48a3a456c
ORG-GHE-UB57,Organic A2 Bilona Ghee,Ghee,250g,647,18,Pall-Chaudhuri Organic Farms,"H.No. 88, Sabharwal Road, Hyderabad",USDA Organic,ORG-GHE-UB57-20240716-aS63,16-07-2024,07-01-2026,17-07-2024,Coastal Organics,"Coastal Organics (Beach Road), Visakhapatnam",19,In Stock,dd6d14e9b0c1a3c026ce66ddfc9929765bd79893738b8a12ae738d775175d0f0
ORG-GHE-UB57,Organic A2 Bilona Ghee,Ghee,250g,647,18,Pall-Chaudhuri Organic Farms,"H.No. 88, Sabharwal Road, Hyderabad",USDA Organic,ORG-GHE-UB57-20240720-tM86,20-07-2024,11-01-2026,24-07-2024,Namma Organic,"Namma Organic (Vijaynagar), Mysore",21,In Stock,ac113f44a8c19f5fcf7709ea4fa5aa157eff4de3fa5a1d5832355ef9745be43b
ORG-GHE-UB57,Organic A2 Bilona Ghee,Ghee,250g,647,18,Pall-Chaudhuri Organic Farms,"H.No. 88, Sabharwal Road, Hyderabad",USDA Organic,ORG-GHE-UB57-20240715-Fh72,15-07-2024,06-01-2026,17-07-2024,Eco Friendly,"Eco Friendly (Gachibowli), Hyderabad",15,In Stock,95e495afab513d5c5735b4587c84feff305431eec9cf952925592b8b280bd3e9
ORG-GHE-UB57,Organic A2 Bilona Ghee,Ghee,250g,647,18,Pall-Chaudhuri Organic Farms,"H.No. 88, Sabharwal Road, Hyderabad",USDA Organic,ORG-GHE-UB57-20240805-va97,05-08-2024,27-01-2026,07-08-2024,Earthly Delights,"Earthly Delights (Koramangala), Bangalore",31,In Stock,f2765cbd60b23ae633f02574ff18c805c723730d02b085e9d694435bd1fa920f
ORG-GHE-UB57,Organic A2 Bilona Ghee,Ghee,250g,647,18,Pall-Chaudhuri Organic Farms,"H.No. 88, Sabharwal Road, Hyderabad",USDA Organic,ORG-GHE-UB57-20240903-WE02,03-09-2024,25-02-2026,06-09-2024,Pure Roots,"Pure Roots (RS Puram), Coimbatore",33,In Stock,88aa236007c96c0b375ceb5cc3aea98751b2dcc7f07cb53750c229517e000266
ORG-GHE-UB57,Organic A2 Bilona Ghee,Ghee,250g,647,18,Pall-Chaudhuri Organic Farms,"H.No. 88, Sabharwal Road, Hyderabad",USDA Organic,ORG-GHE-UB57-20250119-hP61,19-01-2025,13-07-2026,31-01-2025,Organic Heaven,"Organic Heaven (Adyar), Chennai",24,In Stock,b69e37fb97eceeb4d6108b4aca46f9d74a3a5c91059f6c8e0413e4c32fadbc25
ORG-GHE-UB57,Organic A2 Bilona Ghee,Ghee,250g,647,18,Pall-Chaudhuri Organic Farms,"H.No. 88, Sabharwal Road, Hyderabad",USDA Organic,ORG-GHE-UB57-20250218-bl03,18-02-2025,12-08-2026,24-02-2025,Earthly Delights,"Earthly Delights (Koramangala), Bangalore",29,In Stock,5619508af6a2f33f2d818a72cee80d6d4ffd4a536c14a14701367af339946d61
ORG-GHE-UB57,Organic A2 Bilona Ghee,Ghee,250g,647,18,Pall-Chaudhuri Organic Farms,"H.No. 88, Sabharwal Road, Hyderabad",USDA Organic,ORG-GHE-UB57-20241205-wr08,05-12-2024,29-05-2026,08-12-2024,Farm Fresh,"Farm Fresh (Vytilla), Ernakulam",1,Low Stock,b67a3e2952af9b5afee737f46163a5ed402f251680613f883118b5064f6a75d5
ORG-GHE-UB57,Organic A2 Bilona Ghee,Ghee,250g,647,18,Pall-Chaudhuri Organic Farms,"H.No. 88, Sabharwal Road, Hyderabad",USDA Organic,ORG-GHE-UB57-20240804-KT32,04-08-2024,26-01-2026,18-08-2024,Nature's Basket,"Nature's Basket (Kowdiar), Thiruvananthapuram",36,In Stock,cdd9cc403f1936d6e55503a859c3dc9e5ccfa270c5e9c9fcf37037f6aad7df4b
ORG-GHE-UB57,Organic A2 Bilona Ghee,Ghee,250g,647,18,Pall-Chaudhuri Organic Farms,"H.No. 88, Sabharwal Road, Hyderabad",USDA Organic,ORG-GHE-UB57-20250129-Xy31,29-01-2025,23-07-2026,01-02-2025,Organic Heaven,"Organic Heaven (Adyar), Chennai",34,In Stock,f0bcb13a935db8547250cc1d4fff9d93d77f3ebecbbf15171c6023056686a4bd
ORG-GHE-UB57,Organic A2 Bilona Ghee,Ghee,250g,647,18,Pall-Chaudhuri Organic Farms,"H.No. 88, Sabharwal Road, Hyderabad",USDA Organic,ORG-GHE-UB57-20240720-bv92,20-07-2024,11-01-2026,03-08-2024,Eco Friendly,"Eco Friendly (Gachibowli), Hyderabad",26,In Stock,39a3abde81f0899fbc29c1ce1f54c91835a11650a5fcd8d3241dd7d333fbf0ed
ORG-GHE-UB57,Organic A2 Bilona Ghee,Ghee,250g,647,18,Pall-Chaudhuri Organic Farms,"H.No. 88, Sabharwal Road, Hyderabad",USDA Organic,ORG-GHE-UB57-20240727-Tp74,27-07-2024,18-01-2026,03-08-2024,Eco Store,"Eco Store (Mavoor Road), Kozhikode",26,In Stock,5ad5307214d18824aefc69b4ed74246190304607d99d48fac4d2ca9086f0ed2c
ORG-GHE-UB57,Organic A2 Bilona Ghee,Ghee,250g,647,18,Pall-Chaudhuri Organic Farms,"H.No. 88, Sabharwal Road, Hyderabad",USDA Organic,ORG-GHE-UB57-20250510-jf94,10-05-2025,01-11-2026,25-05-2025,Organic World,"Organic World (Kadavanthara), Ernakulam",4,Low Stock,69f0726302eb8afc721cf2ee3afa2ef3bc2da6d653152df4e21a2d39cf080d17
ORG-GHE-UB57,Organic A2 Bilona Ghee,Ghee,250g,647,18,Pall-Chaudhuri Organic Farms,"H.No. 88, Sabharwal Road, Hyderabad",USDA Organic,ORG-GHE-UB57-20240806-iZ31,06-08-2024,28-01-2026,13-08-2024,Farm Fresh,"Farm Fresh (Vytilla), Ernakulam",18,In Stock,42c5ca9f90e44f939be6a14c372601c966c02c3c503c43856b86095e041ff9be
ORG-GHE-UB57,Organic A2 Bilona Ghee,Ghee,250g,647,18,Pall-Chaudhuri Organic Farms,"H.No. 88, Sabharwal Road, Hyderabad",USDA Organic,ORG-GHE-UB57-20241010-jN76,10-10-2024,03-04-2026,23-10-2024,Namma Organic,"Namma Organic (Vijaynagar), Mysore",50,In Stock,18f2169a17a29b63235e9733063d6c78470abf319ce7918168bbfd2dc66c9a58
ORG-GHE-UB57,Organic A2 Bilona Ghee,Ghee,250g,647,18,Pall-Chaudhuri Organic Farms,"H.No. 88, Sabharwal Road, Hyderabad",USDA Organic,ORG-GHE-UB57-20250410-SZ43,10-04-2025,02-10-2026,25-04-2025,Organic Heaven,"Organic Heaven (Adyar), Chennai",7,Low Stock,5c870e46e2df4a3da757487bc9765246d79f14d14762b5012d4f79e6d80a8477
ORG-GHE-UB57,Organic A2 Bilona Ghee,Ghee,250g,647,18,Pall-Chaudhuri Organic Farms,"H.No. 88, Sabharwal Road, Hyderabad",USDA Organic,ORG-GHE-UB57-20250405-dK07,05-04-2025,27-09-2026,17-04-2025,Namma Organic,"Namma Organic (Vijaynagar), Mysore",36,In Stock,dc8e1f43c8291b302589670d227e587fd84bc19be639156837f33e32e7f5f826
ORG-GHE-UB57,Organic A2 Bilona Ghee,Ghee,250g,647,18,Pall-Chaudhuri Organic Farms,"H.No. 88, Sabharwal Road, Hyderabad",USDA Organic,ORG-GHE-UB57-20240722-MR06,22-07-2024,13-01-2026,01-08-2024,Farm Fresh,"Farm Fresh (Vytilla), Ernakulam",28,In Stock,7a6e9d7cf81eaf1d1e2572e1a1ef1bf1f80936346ef9c90f51e731cc0f5a507d
ORG-GHE-UB57,Organic A2 Bilona Ghee,Ghee,250g,647,18,Pall-Chaudhuri Organic Farms,"H.No. 88, Sabharwal Road, Hyderabad",USDA Organic,ORG-GHE-UB57-20240804-jh75,04-08-2024,26-01-2026,06-08-2024,Nature's Basket,"Nature's Basket (Kowdiar), Thiruvananthapuram",50,In Stock,ec861e7a6d83a64d8a665e9872be0faf217eee3ddd79a17d38ba258fc18708c3
ORG-GHE-UB57,Organic A2 Bilona Ghee,Ghee,250g,647,18,Pall-Chaudhuri Organic Farms,"H.No. 88, Sabharwal Road, Hyderabad",USDA Organic,ORG-GHE-UB57-20241129-in59,29-11-2024,23-05-2026,10-12-2024,Pure Roots,"Pure Roots (RS Puram), Coimbatore",33,In Stock,05c40f7742b22b13166e0b516d61b919d9b8f9c4e5b63ab8c05c5aedf3bff76e
ORG-GHE-UB57,Organic A2 Bilona Ghee,Ghee,250g,647,18,Pall-Chaudhuri Organic Farms,"H.No. 88, Sabharwal Road, Hyderabad",USDA Organic,ORG-GHE-UB57-20250112-Sh08,12-01-2025,06-07-2026,18-01-2025,Namma Organic,"Namma Organic (Vijaynagar), Mysore",9,Low Stock,e9b26541f090d6440e1255eb60ec1ff0a7b968592a9a8d42f166ada58b32ba69
ORG-GHE-UB57,Organic A2 Bilona Ghee,Ghee,250g,647,18,Pall-Chaudhuri Organic Farms,"H.No. 88, Sabharwal Road, Hyderabad",USDA Organic,ORG-GHE-UB57-20240727-Rh99,27-07-2024,18-01-2026,10-08-2024,Pure Roots,"Pure Roots (RS Puram), Coimbatore",18,In Stock,588485ec690c5f43a02e9ed578aebcee57855ae1184a43bfd1a8f539ebfd8292
ORG-GHE-UB57,Organic A2 Bilona Ghee,Ghee,250g,647,18,Pall-Chaudhuri Organic Farms,"H.No. 88, Sabharwal Road, Hyderabad",USDA Organic,ORG-GHE-UB57-20241124-NM31,24-11-2024,18-05-2026,05-12-2024,Pure Roots,"Pure Roots (RS Puram), Coimbatore",42,In Stock,6bb85c30c9bf013449bac0655e15da2d3f901ee57cc1b6059ef61ab4c52dae15
ORG-GHE-UB57,Organic A2 Bilona Ghee,Ghee,250g,647,18,Pall-Chaudhuri Organic Farms,"H.No. 88, Sabharwal Road, Hyderabad",USDA Organic,ORG-GHE-UB57-20241101-vC86,01-11-2024,25-04-2026,07-11-2024,Organic World,"Organic World (Kadavanthara), Ernakulam",1,Low Stock,f3583e371d508b3f02e9edaef759b2487b34fadfa138c0405fb5f7db94fa324d
ORG-GHE-UB57,Organic A2 Bilona Ghee,Ghee,250g,647,18,Pall-Chaudhuri Organic Farms,"H.No. 88, Sabharwal Road, Hyderabad",USDA Organic,ORG-GHE-UB57-20250402-om77,02-04-2025,24-09-2026,09-04-2025,Eco Friendly,"Eco Friendly (Gachibowli), Hyderabad",42,In Stock,1c05c84d0b1c4e614c92d773111993d6a86ee9c18b1a2fe583eda0ea6428eef4
ORG-GHE-UB57,Organic A2 Bilona Ghee,Ghee,250g,647,18,Pall-Chaudhuri Organic Farms,"H.No. 88, Sabharwal Road, Hyderabad",USDA Organic,ORG-GHE-UB57-20241030-kr07,30-10-2024,23-04-2026,07-11-2024,Pure Roots,"Pure Roots (RS Puram), Coimbatore",19,In Stock,5203822e0b492fef0ca007d8e59977b52ddfa2dda2857ed81a00b33b0cfad9f5
ORG-GHE-UB57,Organic A2 Bilona Ghee,Ghee,250g,647,18,Pall-Chaudhuri Organic Farms,"H.No. 88, Sabharwal Road, Hyderabad",USDA Organic,ORG-GHE-UB57-20241228-TB48,28-12-2024,21-06-2026,10-01-2025,Earthly Delights,"Earthly Delights (Koramangala), Bangalore",15,In Stock,c130f8e0c5612f86e872358b90f542b038e5582f8236623a97fa9eb13052f910
ORG-GHE-UB57,Organic A2 Bilona Ghee,Ghee,250g,647,18,Pall-Chaudhuri Organic Farms,"H.No. 88, Sabharwal Road, Hyderabad",USDA Organic,ORG-GHE-UB57-20241101-GO33,01-11-2024,25-04-2026,11-11-2024,Coastal Organics,"Coastal Organics (Beach Road), Visakhapatnam",28,In Stock,5e9079f4da9eb6afb3365eea25f91fed936b0c8446eb074549ca4844d631b2a6
ORG-GHE-UB57,Organic A2 Bilona Ghee,Ghee,250g,647,18,Pall-Chaudhuri Organic Farms,"H.No. 88, Sabharwal Road, Hyderabad",USDA Organic,ORG-GHE-UB57-20240730-DD15,30-07-2024,21-01-2026,08-08-2024,Pure Roots,"Pure Roots (RS Puram), Coimbatore",29,In Stock,f70713e6472f59fdddfea213d2c5442745846a371805fa0996019956c971e2a2
ORG-GHE-UB57,Organic A2 Bilona Ghee,Ghee,250g,647,18,Pall-Chaudhuri Organic Farms,"H.No. 88, Sabharwal Road, Hyderabad",USDA Organic,ORG-GHE-UB57-20250509-hL31,09-05-2025,31-10-2026,12-05-2025,Eco Store,"Eco Store (Mavoor Road), Kozhikode",49,In Stock,512668f696d2c6fb410312d851257682810966affb5e0f8ca5c8d15c3b565bcc
ORG-GHE-UB57,Organic A2 Bilona Ghee,Ghee,250g,647,18,Pall-Chaudhuri Organic Farms,"H.No. 88, Sabharwal Road, Hyderabad",USDA Organic,ORG-GHE-UB57-20240724-Zd68,24-07-2024,15-01-2026,08-08-2024,Eco Store,"Eco Store (Mavoor Road), Kozhikode",37,In Stock,06172c8360e126f46bf74afdb61f12fde667544f9be4f374c9e461f4feb73d41
ORG-GHE-UB57,Organic A2 Bilona Ghee,Ghee,250g,647,18,Pall-Chaudhuri Organic Farms,"H.No. 88, Sabharwal Road, Hyderabad",USDA Organic,ORG-GHE-UB57-20250506-We71,06-05-2025,28-10-2026,11-05-2025,Organic World,"Organic World (Kadavanthara), Ernakulam",39,In Stock,d2096f584f621e2e8cc17a01b35608665030ffd07ec43a861ec4253bf15973eb
ORG-GHE-UB57,Organic A2 Bilona Ghee,Ghee,250g,647,18,Pall-Chaudhuri Organic Farms,"H.No. 88, Sabharwal Road, Hyderabad",USDA Organic,ORG-GHE-UB57-20250224-ez95,24-02-2025,18-08-2026,10-03-2025,Green Valley,"Green Valley (Indiranagar), Bangalore",42,In Stock,c42aa3af2b7bacf8a5e12c23870eac1113cb3ecec3fdb9cef86132ed0e63fba4
ORG-GHE-UB57,Organic A2 Bilona Ghee,Ghee,250g,647,18,Pall-Chaudhuri Organic Farms,"H.No. 88, Sabharwal Road, Hyderabad",USDA Organic,ORG-GHE-UB57-20250322-Jp16,22-03-2025,13-09-2026,06-04-2025,Nature's Basket,"Nature's Basket (Kowdiar), Thiruvananthapuram",46,In Stock,73f5740d3b579c8608484687a718ccca133c38d180c6c8222f66552acaf98e50
ORG-TEA-QT02,Organic Tulsi Green Tea,Tea,25 Bags,360,18,Sant Ltd Organic Farms,"H.No. 84, Tailor Nagar, Thiruvananthapuram",India Organic,ORG-TEA-QT02-20250423-ff91,23-04-2025,15-10-2026,27-04-2025,Pure Roots,"Pure Roots (RS Puram), Coimbatore",35,In Stock,17588247a97affff28ab340b856b05046d34d3826d269d4dbe57b1549b652fd8
ORG-TEA-QT02,Organic Tulsi Green Tea,Tea,25 Bags,360,18,Sant Ltd Organic Farms,"H.No. 84, Tailor Nagar, Thiruvananthapuram",India Organic,ORG-TEA-QT02-20240723-ST27,23-07-2024,14-01-2026,28-07-2024,Fresh Harvest,"Fresh Harvest (T. Nagar), Chennai",43,In Stock,8767888f71f73a00fbf69261b22ed6fe17c267ecab8ae5d058e92f8e41714f89
ORG-TEA-QT02,Organic Tulsi Green Tea,Tea,25 Bags,360,18,Sant Ltd Organic Farms,"H.No. 84, Tailor Nagar, Thiruvananthapuram",India Organic,ORG-TEA-QT02-20240724-Ur82,24-07-2024,15-01-2026,26-07-2024,Nature's Basket,"Nature's Basket (Kowdiar), Thiruvananthapuram",50,In Stock,148a233b46c5c0532edfdb240ad968d59e31d7b9a28a36da9e0d68928d6b7d2f
ORG-TEA-QT02,Organic Tulsi Green Tea,Tea,25 Bags,360,18,Sant Ltd Organic Farms,"H.No. 84, Tailor Nagar, Thiruvananthapuram",India Organic,ORG-TEA-QT02-20240710-Fs60,10-07-2024,01-01-2026,19-07-2024,Organic Heaven,"Organic Heaven (Adyar), Chennai",30,In Stock,c2452fe23c9d5d946719a5d4cf4375c933c6eacccc9215b8bc56db21a965c8d3
ORG-TEA-QT02,Organic Tulsi Green Tea,Tea,25 Bags,360,18,Sant Ltd Organic Farms,"H.No. 84, Tailor Nagar, Thiruvananthapuram",India Organic,ORG-TEA-QT02-20241008-oU56,08-10-2024,01-04-2026,10-10-2024,Coastal Organics,"Coastal Organics (Beach Road), Visakhapatnam",18,In Stock,1d64f3a57ab04ffdf72b3b7c684cc6a21bcdcdecc528bee5b96e52e7b31dc5b5
ORG-TEA-QT02,Organic Tulsi Green Tea,Tea,25 Bags,360,18,Sant Ltd Organic Farms,"H.No. 84, Tailor Nagar, Thiruvananthapuram",India Organic,ORG-TEA-QT02-20240908-Nf09,08-09-2024,02-03-2026,23-09-2024,Nature's Basket,"Nature's Basket (Kowdiar), Thiruvananthapuram",18,In Stock,cac5da4e0292ec012b0e66bf790eb06d2b3d5217ecdc1a8a454e4598a57f2e52
ORG-TEA-QT02,Organic Tulsi Green Tea,Tea,25 Bags,360,18,Sant Ltd Organic Farms,"H.No. 84, Tailor Nagar, Thiruvananthapuram",India Organic,ORG-TEA-QT02-20240713-bq84,13-07-2024,04-01-2026,28-07-2024,Organic Heaven,"Organic Heaven (Adyar), Chennai",36,In Stock,d9f44c9de811a3dc73fc66741f19490e5aaf778878e44c7b8e3d5aad52fbeb15
ORG-TEA-QT02,Organic Tulsi Green Tea,Tea,25 Bags,360,18,Sant Ltd Organic Farms,"H.No. 84, Tailor Nagar, Thiruvananthapuram",India Organic,ORG-TEA-QT02-20240804-HN93,04-08-2024,26-01-2026,16-08-2024,Fresh Harvest,"Fresh Harvest (T. Nagar), Chennai",32,In Stock,e4928331e379a92eea1b986f40c631473b50735d1b58b07f641ffc56d0e1a51c
ORG-TEA-QT02,Organic Tulsi Green Tea,Tea,25 Bags,360,18,Sant Ltd Organic Farms,"H.No. 84, Tailor Nagar, Thiruvananthapuram",India Organic,ORG-TEA-QT02-20240723-Yk49,23-07-2024,14-01-2026,24-07-2024,Green Valley,"Green Valley (Indiranagar), Bangalore",25,In Stock,6625fedcb0fa334a2c25427501556230f8004952ec760019f97cc6783381b006
ORG-TEA-QT02,Organic Tulsi Green Tea,Tea,25 Bags,360,18,Sant Ltd Organic Farms,"H.No. 84, Tailor Nagar, Thiruvananthapuram",India Organic,ORG-TEA-QT02-20250404-SQ09,04-04-2025,26-09-2026,12-04-2025,Eco Friendly,"Eco Friendly (Gachibowli), Hyderabad",18,In Stock,d9b63cd87db1b9a3579ddbe95931252f4b11bde30c86ee7022f453a6effee7f0
ORG-TEA-QT02,Organic Tulsi Green Tea,Tea,25 Bags,360,18,Sant Ltd Organic Farms,"H.No. 84, Tailor Nagar, Thiruvananthapuram",India Organic,ORG-TEA-QT02-20250213-GX81,13-02-2025,07-08-2026,20-02-2025,Fresh Harvest,"Fresh Harvest (T. Nagar), Chennai",5,Low Stock,82e9ebbc4cb99b8c4a22403a1554d554d5a03fbc412e17f84bd536e77b14d6ed
ORG-TEA-QT02,Organic Tulsi Green Tea,Tea,25 Bags,360,18,Sant Ltd Organic Farms,"H.No. 84, Tailor Nagar, Thiruvananthapuram",India Organic,ORG-TEA-QT02-20240830-NZ17,30-08-2024,21-02-2026,02-09-2024,Nature's Basket,"Nature's Basket (Kowdiar), Thiruvananthapuram",8,Low Stock,332ea05ed88373233b64f09f6d84d3d29bd8b583a0ecdaccb9739f7968242d1c
ORG-TEA-QT02,Organic Tulsi Green Tea,Tea,25 Bags,360,18,Sant Ltd Organic Farms,"H.No. 84, Tailor Nagar, Thiruvananthapuram",India Organic,ORG-TEA-QT02-20241028-JD29,28-10-2024,21-04-2026,30-10-2024,Namma Organic,"Namma Organic (Vijaynagar), Mysore",30,In Stock,51eee278c2f9ddeb0e9449cef5feb37c7653289929f8b727c810479101538ac6
ORG-TEA-QT02,Organic Tulsi Green Tea,Tea,25 Bags,360,18,Sant Ltd Organic Farms,"H.No. 84, Tailor Nagar, Thiruvananthapuram",India Organic,ORG-TEA-QT02-20250103-bN04,03-01-2025,27-06-2026,08-01-2025,Coastal Organics,"Coastal Organics (Beach Road), Visakhapatnam",33,In Stock,d53bcc3f692e7bb2375d7aeda58905a23c6757f017e56fd05b201652838b1224
ORG-TEA-QT02,Organic Tulsi Green Tea,Tea,25 Bags,360,18,Sant Ltd Organic Farms,"H.No. 84, Tailor Nagar, Thiruvananthapuram",India Organic,ORG-TEA-QT02-20240911-tH41,11-09-2024,05-03-2026,18-09-2024,Green Valley,"Green Valley (Indiranagar), Bangalore",18,In Stock,3a23cf6e213589f834eba040c90494a08c0542c2673a93ea186d5e9d0dafe099
ORG-TEA-QT02,Organic Tulsi Green Tea,Tea,25 Bags,360,18,Sant Ltd Organic Farms,"H.No. 84, Tailor Nagar, Thiruvananthapuram",India Organic,ORG-TEA-QT02-20240722-pe77,22-07-2024,13-01-2026,23-07-2024,Green Fields,"Green Fields (Banjara Hills), Hyderabad",39,In Stock,22338b1ce689473b05ce1fd8f96a66fba056c4cbbafbcb658f89951eca78b60f
ORG-TEA-QT02,Organic Tulsi Green Tea,Tea,25 Bags,360,18,Sant Ltd Organic Farms,"H.No. 84, Tailor Nagar, Thiruvananthapuram",India Organic,ORG-TEA-QT02-20250429-fq81,29-04-2025,21-10-2026,04-05-2025,Namma Organic,"Namma Organic (Vijaynagar), Mysore",36,In Stock,93c7e89f6bae4a5cd9e65f2c689a3a0da8acc27bc59ae3402aa1c5ef328698c4
ORG-TEA-QT02,Organic Tulsi Green Tea,Tea,25 Bags,360,18,Sant Ltd Organic Farms,"H.No. 84, Tailor Nagar, Thiruvananthapuram",India Organic,ORG-TEA-QT02-20241128-eQ22,28-11-2024,22-05-2026,30-11-2024,Nature's Basket,"Nature's Basket (Kowdiar), Thiruvananthapuram",41,In Stock,b4f261d119d89a637b610dc1d899e1f61bda49e0c87d736f2a520033738bcbb0
ORG-TEA-QT02,Organic Tulsi Green Tea,Tea,25 Bags,360,18,Sant Ltd Organic Farms,"H.No. 84, Tailor Nagar, Thiruvananthapuram",India Organic,ORG-TEA-QT02-20241117-iY33,17-11-2024,11-05-2026,02-12-2024,Pure Roots,"Pure Roots (RS Puram), Coimbatore",41,In Stock,2acc76c58201ab3315066772f04a32d43b8efcb5fd4cde974c29ce02db017177
ORG-TEA-QT02,Organic Tulsi Green Tea,Tea,25 Bags,360,18,Sant Ltd Organic Farms,"H.No. 84, Tailor Nagar, Thiruvananthapuram",India Organic,ORG-TEA-QT02-20240730-OM76,30-07-2024,21-01-2026,10-08-2024,Nature's Basket,"Nature's Basket (Kowdiar), Thiruvananthapuram",12,In Stock,2ffa06a12ddcbec96abf2dd0ce66b135a1bf4b703c1470371a2859f07d45ae12
ORG-TEA-QT02,Organic Tulsi Green Tea,Tea,25 Bags,360,18,Sant Ltd Organic Farms,"H.No. 84, Tailor Nagar, Thiruvananthapuram",India Organic,ORG-TEA-QT02-20250425-Se71,25-04-2025,17-10-2026,07-05-2025,Eco Store,"Eco Store (Mavoor Road), Kozhikode",27,In Stock,b2a31c5f69256ee4a3f3e09910996a340218e7d95413afa5416446a16d1d03e9
ORG-TEA-QT02,Organic Tulsi Green Tea,Tea,25 Bags,360,18,Sant Ltd Organic Farms,"H.No. 84, Tailor Nagar, Thiruvananthapuram",India Organic,ORG-TEA-QT02-20241205-SQ86,05-12-2024,29-05-2026,07-12-2024,Green Fields,"Green Fields (Banjara Hills), Hyderabad",2,Low Stock,5892f8ecf9633be3b2890eb9054e7e44c08e124f76a90f0113ab15b66ecf385c
ORG-TEA-QT02,Organic Tulsi Green Tea,Tea,25 Bags,360,18,Sant Ltd Organic Farms,"H.No. 84, Tailor Nagar, Thiruvananthapuram",India Organic,ORG-TEA-QT02-20240725-eR08,25-07-2024,16-01-2026,09-08-2024,Coastal Organics,"Coastal Organics (Beach Road), Visakhapatnam",2,Low Stock,696e136adcf1f3f5b7fd924e008bee0533d17dbcfd1861de44d619b701da82ad
ORG-TEA-QT02,Organic Tulsi Green Tea,Tea,25 Bags,360,18,Sant Ltd Organic Farms,"H.No. 84, Tailor Nagar, Thiruvananthapuram",India Organic,ORG-TEA-QT02-20250429-eZ53,29-04-2025,21-10-2026,10-05-2025,Green Valley,"Green Valley (Indiranagar), Bangalore",43,In Stock,507137759b02696bfeb931781c9270e500d8ec2b6e2c071a2f0079ed3a1da7b3
ORG-TEA-QT02,Organic Tulsi Green Tea,Tea,25 Bags,360,18,Sant Ltd Organic Farms,"H.No. 84, Tailor Nagar, Thiruvananthapuram",India Organic,ORG-TEA-QT02-20250319-zt96,19-03-2025,10-09-2026,30-03-2025,Organic World,"Organic World (Kadavanthara), Ernakulam",45,In Stock,dc140b05f3fa169cef2598ca05e967786cb4cea86473f5c03feb586a51bb773e
ORG-TEA-QT02,Organic Tulsi Green Tea,Tea,25 Bags,360,18,Sant Ltd Organic Farms,"H.No. 84, Tailor Nagar, Thiruvananthapuram",India Organic,ORG-TEA-QT02-20240718-wZ16,18-07-2024,09-01-2026,20-07-2024,Organic Heaven,"Organic Heaven (Adyar), Chennai",7,Low Stock,a31a832b2d9c31d16181cfb13dd6a239cb65ccc6a1fda7ee315e0cb96b78c2f9
ORG-TEA-QT02,Organic Tulsi Green Tea,Tea,25 Bags,360,18,Sant Ltd Organic Farms,"H.No. 84, Tailor Nagar, Thiruvananthapuram",India Organic,ORG-TEA-QT02-20250219-Eh19,19-02-2025,13-08-2026,27-02-2025,Nature's Basket,"Nature's Basket (Kowdiar), Thiruvananthapuram",20,In Stock,3eee92b6436c76447d2e1148504505da3d0fb65a0c283ec9b4ef159076893923
ORG-TEA-QT02,Organic Tulsi Green Tea,Tea,25 Bags,360,18,Sant Ltd Organic Farms,"H.No. 84, Tailor Nagar, Thiruvananthapuram",India Organic,ORG-TEA-QT02-20241021-Bx53,21-10-2024,14-04-2026,23-10-2024,Green Fields,"Green Fields (Banjara Hills), Hyderabad",42,In Stock,2fa40c4a57e9d5e2a31bf3469bb0d0565eaf72934e93156d96018adb0807e179
ORG-TEA-QT02,Organic Tulsi Green Tea,Tea,25 Bags,360,18,Sant Ltd Organic Farms,"H.No. 84, Tailor Nagar, Thiruvananthapuram",India Organic,ORG-TEA-QT02-20250129-vk75,29-01-2025,23-07-2026,07-02-2025,Coastal Organics,"Coastal Organics (Beach Road), Visakhapatnam",37,In Stock,2a3a01581d4ddf1c7100cc945d65c5f054ea9c0627de440677596728e1077eaf
ORG-TEA-QT02,Organic Tulsi Green Tea,Tea,25 Bags,360,18,Sant Ltd Organic Farms,"H.No. 84, Tailor Nagar, Thiruvananthapuram",India Organic,ORG-TEA-QT02-20250131-UG09,31-01-2025,25-07-2026,05-02-2025,Eco Friendly,"Eco Friendly (Gachibowli), Hyderabad",49,In Stock,209769d638b4ebb706da2ec8115f3c204abd19d957d1a12d728b4794f784c91d
ORG-TEA-QT02,Organic Tulsi Green Tea,Tea,25 Bags,360,18,Sant Ltd Organic Farms,"H.No. 84, Tailor Nagar, Thiruvananthapuram",India Organic,ORG-TEA-QT02-20250320-TR86,20-03-2025,11-09-2026,25-03-2025,Coastal Organics,"Coastal Organics (Beach Road), Visakhapatnam",26,In Stock,642a01382871b423de5dc2e099be5c43a461e92f35c0109974d703d6d4eca079
ORG-TEA-QT02,Organic Tulsi Green Tea,Tea,25 Bags,360,18,Sant Ltd Organic Farms,"H.No. 84, Tailor Nagar, Thiruvananthapuram",India Organic,ORG-TEA-QT02-20241029-gi52,29-10-2024,22-04-2026,09-11-2024,Eco Store,"Eco Store (Mavoor Road), Kozhikode",33,In Stock,3198690d7182b72532a844bbfa3bc5ead92dc1bcd0fde70b5a882b4c08b540c7
ORG-TEA-QT02,Organic Tulsi Green Tea,Tea,25 Bags,360,18,Sant Ltd Organic Farms,"H.No. 84, Tailor Nagar, Thiruvananthapuram",India Organic,ORG-TEA-QT02-20250102-Jy55,02-01-2025,26-06-2026,05-01-2025,Fresh Harvest,"Fresh Harvest (T. Nagar), Chennai",10,Low Stock,e96f6c8e5fc4714e460a661e85aa79309806ad31344d00fd3bec649c6ff2d345
ORG-TEA-QT02,Organic Tulsi Green Tea,Tea,25 Bags,360,18,Sant Ltd Organic Farms,"H.No. 84, Tailor Nagar, Thiruvananthapuram",India Organic,ORG-TEA-QT02-20250130-ch99,30-01-2025,24-07-2026,08-02-2025,Nature's Basket,"Nature's Basket (Kowdiar), Thiruvananthapuram",16,In Stock,4c0fb0b905de9c7c8a802fcdad5a8aa6de7af8a125c5b61997e39c56750a5a74
ORG-TEA-QT02,Organic Tulsi Green Tea,Tea,25 Bags,360,18,Sant Ltd Organic Farms,"H.No. 84, Tailor Nagar, Thiruvananthapuram",India Organic,ORG-TEA-QT02-20250428-wl86,28-04-2025,20-10-2026,29-04-2025,Pure Roots,"Pure Roots (RS Puram), Coimbatore",26,In Stock,0bead28d288c4d749aee793e6ff5704960f38bf6dbf541285a32d23b4c9d1b27
ORG-TEA-QT02,Organic Tulsi Green Tea,Tea,25 Bags,360,18,Sant Ltd Organic Farms,"H.No. 84, Tailor Nagar, Thiruvananthapuram",India Organic,ORG-TEA-QT02-20250506-sR99,06-05-2025,28-10-2026,21-05-2025,Nature's Basket,"Nature's Basket (Kowdiar), Thiruvananthapuram",10,Low Stock,cce93e553cbcef5b6b603fb4150c9ce75bce04e58e541d505addba5ccd38cf53
ORG-TEA-QT02,Organic Tulsi Green Tea,Tea,25 Bags,360,18,Sant Ltd Organic Farms,"H.No. 84, Tailor Nagar, Thiruvananthapuram",India Organic,ORG-TEA-QT02-20240929-Sw98,29-09-2024,23-03-2026,07-10-2024,Namma Organic,"Namma Organic (Vijaynagar), Mysore",15,In Stock,625db068c4759155f284af99c3d093a84d5cb9de2b514f5a1489f8f7efed8f6c
ORG-TEA-QT02,Organic Tulsi Green Tea,Tea,25 Bags,360,18,Sant Ltd Organic Farms,"H.No. 84, Tailor Nagar, Thiruvananthapuram",India Organic,ORG-TEA-QT02-20241003-bq59,03-10-2024,27-03-2026,04-10-2024,Farm Fresh,"Farm Fresh (Vytilla), Ernakulam",13,In Stock,074e73f6b8d9932a251a20dda5eae6e64677f17d202590ba32fef804b3445ac7
ORG-TEA-QT02,Organic Tulsi Green Tea,Tea,25 Bags,360,18,Sant Ltd Organic Farms,"H.No. 84, Tailor Nagar, Thiruvananthapuram",India Organic,ORG-TEA-QT02-20241201-kY26,01-12-2024,25-05-2026,04-12-2024,Green Mart,"Green Mart (Edappally), Ernakulam",18,In Stock,4e3c19410c1cce24d2c8082d9f6f0765fc7362621af8c9ca1bfc67e485155b39
ORG-TEA-QT02,Organic Tulsi Green Tea,Tea,25 Bags,360,18,Sant Ltd Organic Farms,"H.No. 84, Tailor Nagar, Thiruvananthapuram",India Organic,ORG-TEA-QT02-20240716-xc31,16-07-2024,07-01-2026,29-07-2024,Eco Store,"Eco Store (Mavoor Road), Kozhikode",0,Out of Stock,ec784594723fed283570618ce7d4a3c7086157380d94a4146c1e364559db38f6
ORG-TEA-QT02,Organic Tulsi Green Tea,Tea,25 Bags,360,18,Sant Ltd Organic Farms,"H.No. 84, Tailor Nagar, Thiruvananthapuram",India Organic,ORG-TEA-QT02-20241014-Gu43,14-10-2024,07-04-2026,16-10-2024,Organic World,"Organic World (Kadavanthara), Ernakulam",6,Low Stock,1daf884916c3e7776a9e20aa1821cc5d77a37c826730dd6dfd0a6ced8082dfab
ORG-TEA-QT02,Organic Tulsi Green Tea,Tea,25 Bags,360,18,Sant Ltd Organic Farms,"H.No. 84, Tailor Nagar, Thiruvananthapuram",India Organic,ORG-TEA-QT02-20250313-qH39,13-03-2025,04-09-2026,27-03-2025,Namma Organic,"Namma Organic (Vijaynagar), Mysore",0,Out of Stock,46a5dfe4b57db88f8dbfad2e4f88f71639c0cae4977c696c1dfdef807c3c741e
ORG-TEA-QT02,Organic Tulsi Green Tea,Tea,25 Bags,360,18,Sant Ltd Organic Farms,"H.No. 84, Tailor Nagar, Thiruvananthapuram",India Organic,ORG-TEA-QT02-20240809-Zy49,09-08-2024,31-01-2026,19-08-2024,Pure Roots,"Pure Roots (RS Puram), Coimbatore",13,In Stock,01368d25c06ec5c9ba2b78b43e667c924465bd5258c1f2aa0f934fcd39798527
ORG-TEA-QT02,Organic Tulsi Green Tea,Tea,25 Bags,360,18,Sant Ltd Organic Farms,"H.No. 84, Tailor Nagar, Thiruvananthapuram",India Organic,ORG-TEA-QT02-20250124-jE07,24-01-2025,18-07-2026,26-01-2025,Coastal Organics,"Coastal Organics (Beach Road), Visakhapatnam",20,In Stock,4b69690487555b4b16301d458f207826d93baf79893ec04e941ae45c5bbe0f77
ORG-TEA-QT02,Organic Tulsi Green Tea,Tea,25 Bags,360,18,Sant Ltd Organic Farms,"H.No. 84, Tailor Nagar, Thiruvananthapuram",India Organic,ORG-TEA-QT02-20241209-GZ68,09-12-2024,02-06-2026,12-12-2024,Green Fields,"Green Fields (Banjara Hills), Hyderabad",9,Low Stock,81ff2f838291165e5552aca1acf8010249bc478b872442e1d278d1cc02025bf6
ORG-TEA-QT02,Organic Tulsi Green Tea,Tea,25 Bags,360,18,Sant Ltd Organic Farms,"H.No. 84, Tailor Nagar, Thiruvananthapuram",India Organic,ORG-TEA-QT02-20250511-TZ24,11-05-2025,02-11-2026,15-05-2025,Green Fields,"Green Fields (Banjara Hills), Hyderabad",6,Low Stock,6849c4ae10bd13fd0c263149bdb510b6ea958a9d5d3a12e0aeba0871a063697b
ORG-TEA-QT02,Organic Tulsi Green Tea,Tea,25 Bags,360,18,Sant Ltd Organic Farms,"H.No. 84, Tailor Nagar, Thiruvananthapuram",India Organic,ORG-TEA-QT02-20240711-pB38,11-07-2024,02-01-2026,20-07-2024,Eco Friendly,"Eco Friendly (Gachibowli), Hyderabad",7,Low Stock,6dd5237f3258a176debc26463ab1dfe35523a0224aee495c1a75e43676534c9b
ORG-TEA-QT02,Organic Tulsi Green Tea,Tea,25 Bags,360,18,Sant Ltd Organic Farms,"H.No. 84, Tailor Nagar, Thiruvananthapuram",India Organic,ORG-TEA-QT02-20240817-eD24,17-08-2024,08-02-2026,27-08-2024,Green Valley,"Green Valley (Indiranagar), Bangalore",17,In Stock,6dd2ec1b7ecea47ccf1cee5e2522afca683e472e626eaf55f0e556b54ee43188
ORG-TEA-QT02,Organic Tulsi Green Tea,Tea,25 Bags,360,18,Sant Ltd Organic Farms,"H.No. 84, Tailor Nagar, Thiruvananthapuram",India Organic,ORG-TEA-QT02-20241221-uz49,21-12-2024,14-06-2026,22-12-2024,Organic Heaven,"Organic Heaven (Adyar), Chennai",4,Low Stock,f6b0147535d9aa3b8f38435c0b12dbcbc90909d430b3571890b7c36da30ea4a1
ORG-TEA-QT02,Organic Tulsi Green Tea,Tea,25 Bags,360,18,Sant Ltd Organic Farms,"H.No. 84, Tailor Nagar, Thiruvananthapuram",India Organic,ORG-TEA-QT02-20241127-mI66,27-11-2024,21-05-2026,11-12-2024,Eco Store,"Eco Store (Mavoor Road), Kozhikode",39,In Stock,9df2cf0f230bbc5a25a15a931f722e3257c59c74afe0f3f99f04eb3ad98ea072
ORG-TEA-JC55,Organic Masala Chai,Tea,500ml,78,24,Bir-Mammen Organic Farms,"92, Samra Nagar, Coimbatore",Jaivik Bharat,ORG-TEA-JC55-20250212-dL16,12-02-2025,02-02-2027,25-02-2025,Namma Organic,"Namma Organic (Vijaynagar), Mysore",49,In Stock,2b9b3f320de4b1bff3e7f0913b193b51b150ac92623679bdad9726c574ac01ab
ORG-TEA-JC55,Organic Masala Chai,Tea,500ml,78,24,Bir-Mammen Organic Farms,"92, Samra Nagar, Coimbatore",Jaivik Bharat,ORG-TEA-JC55-20250422-PN36,22-04-2025,12-04-2027,05-05-2025,Green Fields,"Green Fields (Banjara Hills), Hyderabad",3,Low Stock,873934a214d1ff247e203d14e490366f4b38ecc861523331c6a728cbb5ba62cc
ORG-TEA-JC55,Organic Masala Chai,Tea,500ml,78,24,Bir-Mammen Organic Farms,"92, Samra Nagar, Coimbatore",Jaivik Bharat,ORG-TEA-JC55-20240827-pp96,27-08-2024,17-08-2026,01-09-2024,Green Mart,"Green Mart (Edappally), Ernakulam",30,In Stock,c1dec3ac5291fb64c1cb9f9678890bca486424094d58a5d18da3388487055c51
ORG-TEA-JC55,Organic Masala Chai,Tea,500ml,78,24,Bir-Mammen Organic Farms,"92, Samra Nagar, Coimbatore",Jaivik Bharat,ORG-TEA-JC55-20250113-NI27,13-01-2025,03-01-2027,20-01-2025,Namma Organic,"Namma Organic (Vijaynagar), Mysore",31,In Stock,ec0209189295b6d747480b13774b738b42df3acf71c680fa289dfc63d87de2ac
ORG-TEA-JC55,Organic Masala Chai,Tea,500ml,78,24,Bir-Mammen Organic Farms,"92, Samra Nagar, Coimbatore",Jaivik Bharat,ORG-TEA-JC55-20241024-ez59,24-10-2024,14-10-2026,25-10-2024,Eco Store,"Eco Store (Mavoor Road), Kozhikode",24,In Stock,4f3e926665ba7168ca081fb594ef4e3d22c239c540d9c6062d8bd6f40fb8174e
ORG-TEA-JC55,Organic Masala Chai,Tea,500ml,78,24,Bir-Mammen Organic Farms,"92, Samra Nagar, Coimbatore",Jaivik Bharat,ORG-TEA-JC55-20250318-ki57,18-03-2025,08-03-2027,01-04-2025,Earthly Delights,"Earthly Delights (Koramangala), Bangalore",38,In Stock,7dcc146a43a38bb482725deec0b64fd9536cfdb278b5ec990b252f1aaab080ff
ORG-TEA-JC55,Organic Masala Chai,Tea,500ml,78,24,Bir-Mammen Organic Farms,"92, Samra Nagar, Coimbatore",Jaivik Bharat,ORG-TEA-JC55-20250314-YI82,14-03-2025,04-03-2027,22-03-2025,Organic Heaven,"Organic Heaven (Adyar), Chennai",18,In Stock,744b461e4accc90f1e633bee734452f756b8623ee017c7eb75c8d25ec3b7f1eb
ORG-TEA-JC55,Organic Masala Chai,Tea,500ml,78,24,Bir-Mammen Organic Farms,"92, Samra Nagar, Coimbatore",Jaivik Bharat,ORG-TEA-JC55-20240708-Ih61,08-07-2024,28-06-2026,23-07-2024,Eco Store,"Eco Store (Mavoor Road), Kozhikode",47,In Stock,b20d9b1848057e4c04a93fe22f9994fcf3a439eaf5a46a0cfe9ecdf4a8a6446f
ORG-TEA-JC55,Organic Masala Chai,Tea,500ml,78,24,Bir-Mammen Organic Farms,"92, Samra Nagar, Coimbatore",Jaivik Bharat,ORG-TEA-JC55-20250312-TZ04,12-03-2025,02-03-2027,27-03-2025,Fresh Harvest,"Fresh Harvest (T. Nagar), Chennai",33,In Stock,f0c0cc0b46c3918f13cf8776f3c9b5f3fee082e9aa098d405a8969c8a2585f51
ORG-TEA-JC55,Organic Masala Chai,Tea,500ml,78,24,Bir-Mammen Organic Farms,"92, Samra Nagar, Coimbatore",Jaivik Bharat,ORG-TEA-JC55-20240926-LT66,26-09-2024,16-09-2026,09-10-2024,Eco Friendly,"Eco Friendly (Gachibowli), Hyderabad",17,In Stock,af8f2cc4c6a4cca8f3bd4cc6e15b0f6c036676162b5e3913de1897cf287305d2
ORG-TEA-JC55,Organic Masala Chai,Tea,500ml,78,24,Bir-Mammen Organic Farms,"92, Samra Nagar, Coimbatore",Jaivik Bharat,ORG-TEA-JC55-20240818-qN47,18-08-2024,08-08-2026,22-08-2024,Nature's Basket,"Nature's Basket (Kowdiar), Thiruvananthapuram",2,Low Stock,c635956b1b7b6aca45bbb85fb79f28d9db3e180e2a22f0bfd14dc6c40e7cf104
ORG-TEA-JC55,Organic Masala Chai,Tea,500ml,78,24,Bir-Mammen Organic Farms,"92, Samra Nagar, Coimbatore",Jaivik Bharat,ORG-TEA-JC55-20241010-vh59,10-10-2024,30-09-2026,14-10-2024,Green Fields,"Green Fields (Banjara Hills), Hyderabad",16,In Stock,39c225a80643c11bbbe06dd1ed19b2490663f6a00cd25f2e1b411277b6fd94d9
ORG-TEA-JC55,Organic Masala Chai,Tea,500ml,78,24,Bir-Mammen Organic Farms,"92, Samra Nagar, Coimbatore",Jaivik Bharat,ORG-TEA-JC55-20241103-wV51,03-11-2024,24-10-2026,06-11-2024,Nature's Basket,"Nature's Basket (Kowdiar), Thiruvananthapuram",40,In Stock,4b8f63374d48ea3c704409655b2fc62bf9a8e8f05ece40b455f5672b271bdfd8
ORG-TEA-JC55,Organic Masala Chai,Tea,500ml,78,24,Bir-Mammen Organic Farms,"92, Samra Nagar, Coimbatore",Jaivik Bharat,ORG-TEA-JC55-20250221-fF17,21-02-2025,11-02-2027,08-03-2025,Organic World,"Organic World (Kadavanthara), Ernakulam",4,Low Stock,36473f1d7a8ca53947d058c912963edbf609840bd48a414d7e0b8025df41190b
ORG-TEA-JC55,Organic Masala Chai,Tea,500ml,78,24,Bir-Mammen Organic Farms,"92, Samra Nagar, Coimbatore",Jaivik Bharat,ORG-TEA-JC55-20250114-ug23,14-01-2025,04-01-2027,19-01-2025,Earthly Delights,"Earthly Delights (Koramangala), Bangalore",38,In Stock,c2f2ae436249098da089264847b95671910280ecd08fbb0b8bc7f2bd077cb745
ORG-TEA-JC55,Organic Masala Chai,Tea,500ml,78,24,Bir-Mammen Organic Farms,"92, Samra Nagar, Coimbatore",Jaivik Bharat,ORG-TEA-JC55-20240817-PR87,17-08-2024,07-08-2026,28-08-2024,Eco Store,"Eco Store (Mavoor Road), Kozhikode",12,In Stock,d03e74c9baf5e3a77988fad2d313a466e7abb82ce87db0b063b33eb1285ffe80
ORG-TEA-JC55,Organic Masala Chai,Tea,500ml,78,24,Bir-Mammen Organic Farms,"92, Samra Nagar, Coimbatore",Jaivik Bharat,ORG-TEA-JC55-20250212-ry02,12-02-2025,02-02-2027,20-02-2025,Green Fields,"Green Fields (Banjara Hills), Hyderabad",25,In Stock,7420ef87b83cfaefa66034a5cfd5b572e9cc5ca9d2fad8bfc6064e79c5d47649
ORG-TEA-JC55,Organic Masala Chai,Tea,500ml,78,24,Bir-Mammen Organic Farms,"92, Samra Nagar, Coimbatore",Jaivik Bharat,ORG-TEA-JC55-20241001-Nv37,01-10-2024,21-09-2026,10-10-2024,Organic World,"Organic World (Kadavanthara), Ernakulam",40,In Stock,94c344437f9f5c16d4e00144fef91e9e002b7a63777e6f37e8ef892c56e782aa
ORG-TEA-JC55,Organic Masala Chai,Tea,500ml,78,24,Bir-Mammen Organic Farms,"92, Samra Nagar, Coimbatore",Jaivik Bharat,ORG-TEA-JC55-20240630-Vr57,30-06-2024,20-06-2026,04-07-2024,Organic Heaven,"Organic Heaven (Adyar), Chennai",46,In Stock,4b2f8b510d7721940d1266801f5cbf6875a3663b4c86016c9b574fbe06d9da12
ORG-TEA-JC55,Organic Masala Chai,Tea,500ml,78,24,Bir-Mammen Organic Farms,"92, Samra Nagar, Coimbatore",Jaivik Bharat,ORG-TEA-JC55-20241117-Rl20,17-11-2024,07-11-2026,18-11-2024,Green Valley,"Green Valley (Indiranagar), Bangalore",42,In Stock,aec996d50b0a004dcdad9939a4a6742d58fdafb5f9d493e44998a4d5f542515a
ORG-TEA-JC55,Organic Masala Chai,Tea,500ml,78,24,Bir-Mammen Organic Farms,"92, Samra Nagar, Coimbatore",Jaivik Bharat,ORG-TEA-JC55-20241025-Zr15,25-10-2024,15-10-2026,29-10-2024,Eco Store,"Eco Store (Mavoor Road), Kozhikode",10,Low Stock,a3c68a62db996d946e76a3ec1352abfd1bc497e8cc90dfc0f68921cee6e9884c
ORG-TEA-JC55,Organic Masala Chai,Tea,500ml,78,24,Bir-Mammen Organic Farms,"92, Samra Nagar, Coimbatore",Jaivik Bharat,ORG-TEA-JC55-20250320-ew29,20-03-2025,10-03-2027,28-03-2025,Coastal Organics,"Coastal Organics (Beach Road), Visakhapatnam",8,Low Stock,6e50a90106d4bb9d96eed8fbdcfaaf3bdfee3ca302e819305078b13111ff789b
ORG-TEA-JC55,Organic Masala Chai,Tea,500ml,78,24,Bir-Mammen Organic Farms,"92, Samra Nagar, Coimbatore",Jaivik Bharat,ORG-TEA-JC55-20250507-oT85,07-05-2025,27-04-2027,19-05-2025,Organic World,"Organic World (Kadavanthara), Ernakulam",6,Low Stock,f0740178ed3d7c3d606c66e0d351091145726a225e057bb8c3c84f9155d40df4
ORG-TEA-JC55,Organic Masala Chai,Tea,500ml,78,24,Bir-Mammen Organic Farms,"92, Samra Nagar, Coimbatore",Jaivik Bharat,ORG-TEA-JC55-20240601-CY59,01-06-2024,22-05-2026,09-06-2024,Pure Roots,"Pure Roots (RS Puram), Coimbatore",19,In Stock,2ea36dc2556de00b3434258174cf9d7bfb59d3669be2ea0e9f99d30c4d0aa11c
ORG-TEA-JC55,Organic Masala Chai,Tea,500ml,78,24,Bir-Mammen Organic Farms,"92, Samra Nagar, Coimbatore",Jaivik Bharat,ORG-TEA-JC55-20250314-pG23,14-03-2025,04-03-2027,16-03-2025,Farm Fresh,"Farm Fresh (Vytilla), Ernakulam",20,In Stock,9fd13f5c258e1d653d208c2c27cd631522377e434cd9834d928947642fe13e92
ORG-TEA-JC55,Organic Masala Chai,Tea,500ml,78,24,Bir-Mammen Organic Farms,"92, Samra Nagar, Coimbatore",Jaivik Bharat,ORG-TEA-JC55-20241207-Ma20,07-12-2024,27-11-2026,11-12-2024,Eco Store,"Eco Store (Mavoor Road), Kozhikode",25,In Stock,6f26f2601ca7075c6735c3d85100f3101157eb0c5fe016cc5513a2abe4a0ad2b
ORG-TEA-JC55,Organic Masala Chai,Tea,500ml,78,24,Bir-Mammen Organic Farms,"92, Samra Nagar, Coimbatore",Jaivik Bharat,ORG-TEA-JC55-20240513-hz76,13-05-2024,03-05-2026,22-05-2024,Pure Roots,"Pure Roots (RS Puram), Coimbatore",38,In Stock,b474b455b856caa031be47b30f9b46209fef454ce694034ff5b4e11e55e55adb
ORG-TEA-JC55,Organic Masala Chai,Tea,500ml,78,24,Bir-Mammen Organic Farms,"92, Samra Nagar, Coimbatore",Jaivik Bharat,ORG-TEA-JC55-20250201-zV71,01-02-2025,22-01-2027,10-02-2025,Eco Store,"Eco Store (Mavoor Road), Kozhikode",42,In Stock,ef9d750e083b56530756297663dc4dfc6ae3c514ec9738380041c24598ba561d
ORG-TEA-JC55,Organic Masala Chai,Tea,500ml,78,24,Bir-Mammen Organic Farms,"92, Samra Nagar, Coimbatore",Jaivik Bharat,ORG-TEA-JC55-20250408-wi68,08-04-2025,29-03-2027,14-04-2025,Green Fields,"Green Fields (Banjara Hills), Hyderabad",19,In Stock,5beba00ece124c8671dbd39780dae528f12740316753e8abd85fcb9e91ba8f8e
ORG-TEA-JC55,Organic Masala Chai,Tea,500ml,78,24,Bir-Mammen Organic Farms,"92, Samra Nagar, Coimbatore",Jaivik Bharat,ORG-TEA-JC55-20241001-pf81,01-10-2024,21-09-2026,07-10-2024,Green Fields,"Green Fields (Banjara Hills), Hyderabad",18,In Stock,4043951a3617ee6fd0fd28d733f2dcb2fc545a8ca4a72f672f1a63cf9d0db8d0
ORG-TEA-JC55,Organic Masala Chai,Tea,500ml,78,24,Bir-Mammen Organic Farms,"92, Samra Nagar, Coimbatore",Jaivik Bharat,ORG-TEA-JC55-20240518-OJ68,18-05-2024,08-05-2026,23-05-2024,Pure Roots,"Pure Roots (RS Puram), Coimbatore",6,Low Stock,3f73382eccb48321b6dfe7b410e2d5db4cb08926cc21e9691f624de3b2b4ff28
ORG-TEA-JC55,Organic Masala Chai,Tea,500ml,78,24,Bir-Mammen Organic Farms,"92, Samra Nagar, Coimbatore",Jaivik Bharat,ORG-TEA-JC55-20240720-yp72,20-07-2024,10-07-2026,30-07-2024,Namma Organic,"Namma Organic (Vijaynagar), Mysore",24,In Stock,aece0de22fa942923399e437d0634a694f161da7d902d431db26a0443d584d8b
ORG-TEA-JC55,Organic Masala Chai,Tea,500ml,78,24,Bir-Mammen Organic Farms,"92, Samra Nagar, Coimbatore",Jaivik Bharat,ORG-TEA-JC55-20240823-mf05,23-08-2024,13-08-2026,26-08-2024,Nature's Basket,"Nature's Basket (Kowdiar), Thiruvananthapuram",7,Low Stock,afbd31d626b6402bcdfb892ae5d3229e1fff19dae2f5ccc540cf64949cd6d8aa
ORG-TEA-JC55,Organic Masala Chai,Tea,500ml,78,24,Bir-Mammen Organic Farms,"92, Samra Nagar, Coimbatore",Jaivik Bharat,ORG-TEA-JC55-20241121-et24,21-11-2024,11-11-2026,25-11-2024,Eco Store,"Eco Store (Mavoor Road), Kozhikode",28,In Stock,10d1c2cc211372a7fd61939c91e5a8d8ed9761e28edc0c886b02e18fa7035e30
ORG-TEA-JC55,Organic Masala Chai,Tea,500ml,78,24,Bir-Mammen Organic Farms,"92, Samra Nagar, Coimbatore",Jaivik Bharat,ORG-TEA-JC55-20250224-Qn05,24-02-2025,14-02-2027,28-02-2025,Earthly Delights,"Earthly Delights (Koramangala), Bangalore",30,In Stock,a9ccc5dd7a7b65354aa8eb94f0b7ecf9b253f76767c63ea558bdf4ee3faa322c
ORG-TEA-JC55,Organic Masala Chai,Tea,500ml,78,24,Bir-Mammen Organic Farms,"92, Samra Nagar, Coimbatore",Jaivik Bharat,ORG-TEA-JC55-20250304-Hx76,04-03-2025,22-02-2027,12-03-2025,Eco Store,"Eco Store (Mavoor Road), Kozhikode",25,In Stock,7abd6780f255d0ad122f1d9ecaa605077aa2dcd27da731355fb620a7eb5a60fe
ORG-TEA-JC55,Organic Masala Chai,Tea,500ml,78,24,Bir-Mammen Organic Farms,"92, Samra Nagar, Coimbatore",Jaivik Bharat,ORG-TEA-JC55-20240731-MR06,31-07-2024,21-07-2026,08-08-2024,Earthly Delights,"Earthly Delights (Koramangala), Bangalore",6,Low Stock,a1e567724969850ee13b042b98c4c2ed7e5301f72719c81a9c28a6f814aed230
ORG-TEA-JC55,Organic Masala Chai,Tea,500ml,78,24,Bir-Mammen Organic Farms,"92, Samra Nagar, Coimbatore",Jaivik Bharat,ORG-TEA-JC55-20250320-AV29,20-03-2025,10-03-2027,21-03-2025,Coastal Organics,"Coastal Organics (Beach Road), Visakhapatnam",34,In Stock,7bce33f37a3173b17869f65dbf8c35b2f6352414d3b9e4ca7d4b08b3811b2a1c
ORG-TEA-JC55,Organic Masala Chai,Tea,500ml,78,24,Bir-Mammen Organic Farms,"92, Samra Nagar, Coimbatore",Jaivik Bharat,ORG-TEA-JC55-20241024-MO92,24-10-2024,14-10-2026,31-10-2024,Fresh Harvest,"Fresh Harvest (T. Nagar), Chennai",36,In Stock,40cbfbc9e0b1449b48e2a2491a6b0b492f48624130b148026e517ae61f4a8f03
ORG-TEA-JC55,Organic Masala Chai,Tea,500ml,78,24,Bir-Mammen Organic Farms,"92, Samra Nagar, Coimbatore",Jaivik Bharat,ORG-TEA-JC55-20241008-jx14,08-10-2024,28-09-2026,11-10-2024,Eco Store,"Eco Store (Mavoor Road), Kozhikode",28,In Stock,190459c0cf0e5ce60adffd98f5125cadcc066919a31ff344420b9465f41ebc87
ORG-TEA-JC55,Organic Masala Chai,Tea,500ml,78,24,Bir-Mammen Organic Farms,"92, Samra Nagar, Coimbatore",Jaivik Bharat,ORG-TEA-JC55-20240607-ZL32,07-06-2024,28-05-2026,17-06-2024,Fresh Harvest,"Fresh Harvest (T. Nagar), Chennai",33,In Stock,06b70ff4d64116ae34304d874e4d826a113f1fdd51bc256b4fe9e072c85c210b
ORG-TEA-JC55,Organic Masala Chai,Tea,500ml,78,24,Bir-Mammen Organic Farms,"92, Samra Nagar, Coimbatore",Jaivik Bharat,ORG-TEA-JC55-20250414-kW12,14-04-2025,04-04-2027,18-04-2025,Earthly Delights,"Earthly Delights (Koramangala), Bangalore",11,In Stock,ccab7c8b0c4652e5eb4e9143b42687a58b7769a79c767120a8d913fe05fa843e
ORG-TEA-JC55,Organic Masala Chai,Tea,500ml,78,24,Bir-Mammen Organic Farms,"92, Samra Nagar, Coimbatore",Jaivik Bharat,ORG-TEA-JC55-20241028-AG50,28-10-2024,18-10-2026,30-10-2024,Namma Organic,"Namma Organic (Vijaynagar), Mysore",10,Low Stock,9e17f2b0fffb3fa3c69ede90918ed63aaf844a9ef2bc929afea0ef3528b4cb86
ORG-TEA-JC55,Organic Masala Chai,Tea,500ml,78,24,Bir-Mammen Organic Farms,"92, Samra Nagar, Coimbatore",Jaivik Bharat,ORG-TEA-JC55-20240822-Pl78,22-08-2024,12-08-2026,30-08-2024,Namma Organic,"Namma Organic (Vijaynagar), Mysore",20,In Stock,08bfd4c8396fc38415e2e726fefc4483c5e363af012ca5f0ae75852a9747ea91
ORG-TEA-JC55,Organic Masala Chai,Tea,500ml,78,24,Bir-Mammen Organic Farms,"92, Samra Nagar, Coimbatore",Jaivik Bharat,ORG-TEA-JC55-20250421-XU48,21-04-2025,11-04-2027,26-04-2025,Organic World,"Organic World (Kadavanthara), Ernakulam",38,In Stock,74a29dad8c9ee6071bec823a94fe71a87cd49c656404b4361985daecdcb56cde
ORG-TEA-JC55,Organic Masala Chai,Tea,500ml,78,24,Bir-Mammen Organic Farms,"92, Samra Nagar, Coimbatore",Jaivik Bharat,ORG-TEA-JC55-20240803-oK52,03-08-2024,24-07-2026,06-08-2024,Namma Organic,"Namma Organic (Vijaynagar), Mysore",18,In Stock,6440fb88940d8e25f099b9c024bb905b38bc2a4557cc262bdb0354f1ebafb1fd
ORG-TEA-JC55,Organic Masala Chai,Tea,500ml,78,24,Bir-Mammen Organic Farms,"92, Samra Nagar, Coimbatore",Jaivik Bharat,ORG-TEA-JC55-20241211-XY12,11-12-2024,01-12-2026,15-12-2024,Nature's Basket,"Nature's Basket (Kowdiar), Thiruvananthapuram",7,Low Stock,3fb83dab1044af03fcba10ded85cd10d8ff796b9353b926abbd18776a97c2f90
ORG-TEA-JC55,Organic Masala Chai,Tea,500ml,78,24,Bir-Mammen Organic Farms,"92, Samra Nagar, Coimbatore",Jaivik Bharat,ORG-TEA-JC55-20240618-Qh34,18-06-2024,08-06-2026,25-06-2024,Green Mart,"Green Mart (Edappally), Ernakulam",16,In Stock,28ea03a7ed5d0031d141cf807a19da00987b1e63ffa9a0af98b33ea3594b2cdf
ORG-TEA-JC55,Organic Masala Chai,Tea,500ml,78,24,Bir-Mammen Organic Farms,"92, Samra Nagar, Coimbatore",Jaivik Bharat,ORG-TEA-JC55-20240808-qn85,08-08-2024,29-07-2026,18-08-2024,Green Valley,"Green Valley (Indiranagar), Bangalore",26,In Stock,b0307524e90e9b73125e3f354b5fa552d48e165bfe5e1d781c9e6c7423b3939a
ORG-TEA-JC55,Organic Masala Chai,Tea,500ml,78,24,Bir-Mammen Organic Farms,"92, Samra Nagar, Coimbatore",Jaivik Bharat,ORG-TEA-JC55-20241224-ZL06,24-12-2024,14-12-2026,25-12-2024,Pure Roots,"Pure Roots (RS Puram), Coimbatore",21,In Stock,3225bfb0c51b5a9c35b4038f5ecc1b7adaefc526b5bc4fc92f78ae29c8cc0a4b
ORG-TEA-BH33,Organic Cardamom Tea,Tea,500g,399,24,Hora PLC Organic Farms,"01, Prabhu Road, Bangalore",India Organic,ORG-TEA-BH33-20240810-Ui69,10-08-2024,31-07-2026,17-08-2024,Namma Organic,"Namma Organic (Vijaynagar), Mysore",28,In Stock,183adc64afc34565abf489120e966fff716b69dbe2ba3573001641d07cf4d2ff
ORG-TEA-BH33,Organic Cardamom Tea,Tea,500g,399,24,Hora PLC Organic Farms,"01, Prabhu Road, Bangalore",India Organic,ORG-TEA-BH33-20250423-uo39,23-04-2025,13-04-2027,07-05-2025,Nature's Basket,"Nature's Basket (Kowdiar), Thiruvananthapuram",12,In Stock,c44809d122a60516b0a064ca1964d3df4144863f4deeb03bdce0e4de1589c0ff
ORG-TEA-BH33,Organic Cardamom Tea,Tea,500g,399,24,Hora PLC Organic Farms,"01, Prabhu Road, Bangalore",India Organic,ORG-TEA-BH33-20241212-KN91,12-12-2024,02-12-2026,27-12-2024,Eco Store,"Eco Store (Mavoor Road), Kozhikode",43,In Stock,f6c3e73028b035f2ca8a17c0f082b42cf94e6f395a6125927a5d2aa7b9bdd502
ORG-TEA-BH33,Organic Cardamom Tea,Tea,500g,399,24,Hora PLC Organic Farms,"01, Prabhu Road, Bangalore",India Organic,ORG-TEA-BH33-20241130-Lm34,30-11-2024,20-11-2026,13-12-2024,Green Mart,"Green Mart (Edappally), Ernakulam",9,Low Stock,8e4f99c051589feaf1ea5244df87fbee3ec9b430dd9a1b29fc9a0882d3fb268e
ORG-TEA-BH33,Organic Cardamom Tea,Tea,500g,399,24,Hora PLC Organic Farms,"01, Prabhu Road, Bangalore",India Organic,ORG-TEA-BH33-20240709-bP26,09-07-2024,29-06-2026,14-07-2024,Coastal Organics,"Coastal Organics (Beach Road), Visakhapatnam",50,In Stock,84fe810c75b5bc8ffca24409754dd479ffb44ef852daf9f909858e01a9b4a60f
ORG-TEA-BH33,Organic Cardamom Tea,Tea,500g,399,24,Hora PLC Organic Farms,"01, Prabhu Road, Bangalore",India Organic,ORG-TEA-BH33-20250328-AI37,28-03-2025,18-03-2027,07-04-2025,Organic Heaven,"Organic Heaven (Adyar), Chennai",26,In Stock,daa62a2215b860946669bce24d386b4809bbb85252c3c8391dd2316b4f51f9dc
ORG-TEA-BH33,Organic Cardamom Tea,Tea,500g,399,24,Hora PLC Organic Farms,"01, Prabhu Road, Bangalore",India Organic,ORG-TEA-BH33-20240927-Kn20,27-09-2024,17-09-2026,30-09-2024,Eco Friendly,"Eco Friendly (Gachibowli), Hyderabad",1,Low Stock,e4517c92278c576bd9e41eb5e38f816b653d0557e9edccf48847c4a6d758f084
ORG-TEA-BH33,Organic Cardamom Tea,Tea,500g,399,24,Hora PLC Organic Farms,"01, Prabhu Road, Bangalore",India Organic,ORG-TEA-BH33-20250214-Jo05,14-02-2025,04-02-2027,20-02-2025,Coastal Organics,"Coastal Organics (Beach Road), Visakhapatnam",50,In Stock,4c1b91af1ac5e9f5426be35abba8ad02fa18e0e67609c40b3046c7b56938b06f
ORG-TEA-BH33,Organic Cardamom Tea,Tea,500g,399,24,Hora PLC Organic Farms,"01, Prabhu Road, Bangalore",India Organic,ORG-TEA-BH33-20241112-pS45,12-11-2024,02-11-2026,15-11-2024,Eco Friendly,"Eco Friendly (Gachibowli), Hyderabad",3,Low Stock,e2f08faca0a0a79070c248e166f31da93a63bc2f91fd679f973388810e9c39fe
ORG-TEA-BH33,Organic Cardamom Tea,Tea,500g,399,24,Hora PLC Organic Farms,"01, Prabhu Road, Bangalore",India Organic,ORG-TEA-BH33-20250403-QN40,03-04-2025,24-03-2027,13-04-2025,Farm Fresh,"Farm Fresh (Vytilla), Ernakulam",44,In Stock,7dbfd817b07507558060a95fa1dfb3535e01ba45f2abfa2ea72f60a0e2d9ee51
ORG-TEA-BH33,Organic Cardamom Tea,Tea,500g,399,24,Hora PLC Organic Farms,"01, Prabhu Road, Bangalore",India Organic,ORG-TEA-BH33-20241214-sJ82,14-12-2024,04-12-2026,29-12-2024,Pure Roots,"Pure Roots (RS Puram), Coimbatore",14,In Stock,a6a7028cae2544ca8b4b7fca25e044bee62794bdac0f8a68fa40d735760bd08e
ORG-TEA-BH33,Organic Cardamom Tea,Tea,500g,399,24,Hora PLC Organic Farms,"01, Prabhu Road, Bangalore",India Organic,ORG-TEA-BH33-20250105-tK37,05-01-2025,26-12-2026,06-01-2025,Green Mart,"Green Mart (Edappally), Ernakulam",4,Low Stock,7ad7f43efaa533e847c77e920e573e9f40f44bf444c2b6d8af9083418f20bd59
ORG-TEA-BH33,Organic Cardamom Tea,Tea,500g,399,24,Hora PLC Organic Farms,"01, Prabhu Road, Bangalore",India Organic,ORG-TEA-BH33-20241117-mu84,17-11-2024,07-11-2026,20-11-2024,Pure Roots,"Pure Roots (RS Puram), Coimbatore",7,Low Stock,af56d9670a765f2fc5a90737c2f7edca9853ff26373d14ba7932333d5b7d9712
ORG-TEA-BH33,Organic Cardamom Tea,Tea,500g,399,24,Hora PLC Organic Farms,"01, Prabhu Road, Bangalore",India Organic,ORG-TEA-BH33-20240825-VB35,25-08-2024,15-08-2026,29-08-2024,Eco Friendly,"Eco Friendly (Gachibowli), Hyderabad",25,In Stock,a6961cdb067093c332207ce9531b3fc216df2af66d14d129151aba5b3867c1e8
ORG-TEA-BH33,Organic Cardamom Tea,Tea,500g,399,24,Hora PLC Organic Farms,"01, Prabhu Road, Bangalore",India Organic,ORG-TEA-BH33-20241109-zW34,09-11-2024,30-10-2026,24-11-2024,Pure Roots,"Pure Roots (RS Puram), Coimbatore",34,In Stock,45dfcee1062c87c9f988a78e894de20c69e22c0e744e404ab0fb6208d0ed070f
ORG-TEA-BH33,Organic Cardamom Tea,Tea,500g,399,24,Hora PLC Organic Farms,"01, Prabhu Road, Bangalore",India Organic,ORG-TEA-BH33-20250212-iw84,12-02-2025,02-02-2027,27-02-2025,Green Mart,"Green Mart (Edappally), Ernakulam",36,In Stock,faea8341d6fc516669c33443e43979b8cde02a4f4b276f46f7b71e91ab893f1a
ORG-TEA-BH33,Organic Cardamom Tea,Tea,500g,399,24,Hora PLC Organic Farms,"01, Prabhu Road, Bangalore",India Organic,ORG-TEA-BH33-20240513-hg16,13-05-2024,03-05-2026,22-05-2024,Pure Roots,"Pure Roots (RS Puram), Coimbatore",22,In Stock,b72698cf0de11e0b526828c14c81b5f1173f0e6727da0eea6986be989da47319
ORG-TEA-BH33,Organic Cardamom Tea,Tea,500g,399,24,Hora PLC Organic Farms,"01, Prabhu Road, Bangalore",India Organic,ORG-TEA-BH33-20240825-uO03,25-08-2024,15-08-2026,26-08-2024,Namma Organic,"Namma Organic (Vijaynagar), Mysore",40,In Stock,0275df945357910b8e597230f6ed1563343c2c3cc8789b2f452eda24c76a408c
ORG-TEA-BH33,Organic Cardamom Tea,Tea,500g,399,24,Hora PLC Organic Farms,"01, Prabhu Road, Bangalore",India Organic,ORG-TEA-BH33-20241221-jx35,21-12-2024,11-12-2026,25-12-2024,Pure Roots,"Pure Roots (RS Puram), Coimbatore",1,Low Stock,b9da15e0c799562593a4bd8fd5a3f82d6fdbb52410e1a45b80007bf7eab62787
ORG-TEA-BH33,Organic Cardamom Tea,Tea,500g,399,24,Hora PLC Organic Farms,"01, Prabhu Road, Bangalore",India Organic,ORG-TEA-BH33-20240816-hR70,16-08-2024,06-08-2026,29-08-2024,Coastal Organics,"Coastal Organics (Beach Road), Visakhapatnam",41,In Stock,377f98ea11c7961f4178c5ece44f4b87de8e7d3d39df4b72d77275b02d9691c1
ORG-TEA-BH33,Organic Cardamom Tea,Tea,500g,399,24,Hora PLC Organic Farms,"01, Prabhu Road, Bangalore",India Organic,ORG-TEA-BH33-20250101-bl48,01-01-2025,22-12-2026,16-01-2025,Coastal Organics,"Coastal Organics (Beach Road), Visakhapatnam",25,In Stock,adb27f024001102bf152a91769943617ed19b2e8ab2394d853c4b03991a5f5ad
ORG-TEA-BH33,Organic Cardamom Tea,Tea,500g,399,24,Hora PLC Organic Farms,"01, Prabhu Road, Bangalore",India Organic,ORG-TEA-BH33-20250310-Jn56,10-03-2025,28-02-2027,15-03-2025,Namma Organic,"Namma Organic (Vijaynagar), Mysore",5,Low Stock,9a8273cc2a9b39c6d454157257b7f4e0c9b6ef0fb6ed9d4913dd7d3b5c9f3257
ORG-TEA-BH33,Organic Cardamom Tea,Tea,500g,399,24,Hora PLC Organic Farms,"01, Prabhu Road, Bangalore",India Organic,ORG-TEA-BH33-20240703-uT88,03-07-2024,23-06-2026,04-07-2024,Earthly Delights,"Earthly Delights (Koramangala), Bangalore",39,In Stock,bf20aa9073f53f969616f87198a2cee563cd5759688fbd8473969b772b444d50
ORG-TEA-BH33,Organic Cardamom Tea,Tea,500g,399,24,Hora PLC Organic Farms,"01, Prabhu Road, Bangalore",India Organic,ORG-TEA-BH33-20241028-fP77,28-10-2024,18-10-2026,31-10-2024,Nature's Basket,"Nature's Basket (Kowdiar), Thiruvananthapuram",29,In Stock,e3354ad52274e5e07c208a855c05284bf0b4a69972054ae3abf2b5e6da5766f0
ORG-TEA-BH33,Organic Cardamom Tea,Tea,500g,399,24,Hora PLC Organic Farms,"01, Prabhu Road, Bangalore",India Organic,ORG-TEA-BH33-20250410-ig14,10-04-2025,31-03-2027,18-04-2025,Namma Organic,"Namma Organic (Vijaynagar), Mysore",7,Low Stock,49e2f5f10ebdae634c8ecbb07c02f146ce5ed1217ee89913538b289e035e0556
ORG-TEA-BH33,Organic Cardamom Tea,Tea,500g,399,24,Hora PLC Organic Farms,"01, Prabhu Road, Bangalore",India Organic,ORG-TEA-BH33-20240620-aV40,20-06-2024,10-06-2026,24-06-2024,Namma Organic,"Namma Organic (Vijaynagar), Mysore",0,Out of Stock,7cc89ef1a39ac52a28b74576e76e6de9ecfa52d191d79588e556966492cc08ca
ORG-TEA-BH33,Organic Cardamom Tea,Tea,500g,399,24,Hora PLC Organic Farms,"01, Prabhu Road, Bangalore",India Organic,ORG-TEA-BH33-20241017-tE52,17-10-2024,07-10-2026,27-10-2024,Eco Store,"Eco Store (Mavoor Road), Kozhikode",5,Low Stock,fdd0a93932a2b5efeece817955d252eda2464101c5fcf221b649c897d90c6730
ORG-TEA-BH33,Organic Cardamom Tea,Tea,500g,399,24,Hora PLC Organic Farms,"01, Prabhu Road, Bangalore",India Organic,ORG-TEA-BH33-20250322-eF02,22-03-2025,12-03-2027,02-04-2025,Green Fields,"Green Fields (Banjara Hills), Hyderabad",32,In Stock,1b3e4c239a9d74a66664c250993c1b46ef9918ae976070aead493e5390317129
ORG-TEA-BH33,Organic Cardamom Tea,Tea,500g,399,24,Hora PLC Organic Farms,"01, Prabhu Road, Bangalore",India Organic,ORG-TEA-BH33-20241215-xm68,15-12-2024,05-12-2026,24-12-2024,Coastal Organics,"Coastal Organics (Beach Road), Visakhapatnam",48,In Stock,f75c59fcbef87b9ddbe2fd0cf8b88234af1e4b99ebc6d47f6321a238aa41d104
ORG-TEA-BH33,Organic Cardamom Tea,Tea,500g,399,24,Hora PLC Organic Farms,"01, Prabhu Road, Bangalore",India Organic,ORG-TEA-BH33-20240814-AB57,14-08-2024,04-08-2026,24-08-2024,Eco Store,"Eco Store (Mavoor Road), Kozhikode",20,In Stock,0aac4105508ce7a29e030f2794e13ab5a5a569adccb3c26b029423aab2b3dd2c
ORG-TEA-BH33,Organic Cardamom Tea,Tea,500g,399,24,Hora PLC Organic Farms,"01, Prabhu Road, Bangalore",India Organic,ORG-TEA-BH33-20250205-Uc74,05-02-2025,26-01-2027,19-02-2025,Fresh Harvest,"Fresh Harvest (T. Nagar), Chennai",1,Low Stock,96752eaa479daa90ed1e10136f3d547d344fffe73d1a94b9e247efa442b7bed7
ORG-TEA-BH33,Organic Cardamom Tea,Tea,500g,399,24,Hora PLC Organic Farms,"01, Prabhu Road, Bangalore",India Organic,ORG-TEA-BH33-20240829-pn90,29-08-2024,19-08-2026,08-09-2024,Green Valley,"Green Valley (Indiranagar), Bangalore",48,In Stock,97a2e754148fdb2e7727c6ac17e8bdb7f66ee3f24c0ea1f0843140d7e66fba22
ORG-TEA-BH33,Organic Cardamom Tea,Tea,500g,399,24,Hora PLC Organic Farms,"01, Prabhu Road, Bangalore",India Organic,ORG-TEA-BH33-20240619-Mq44,19-06-2024,09-06-2026,30-06-2024,Coastal Organics,"Coastal Organics (Beach Road), Visakhapatnam",34,In Stock,7f88c694885ad71d4c41bbd678a8b0aa6932d85c994313f0abb1b1f403c2c5b0
ORG-TEA-BH33,Organic Cardamom Tea,Tea,500g,399,24,Hora PLC Organic Farms,"01, Prabhu Road, Bangalore",India Organic,ORG-TEA-BH33-20250321-hz63,21-03-2025,11-03-2027,30-03-2025,Nature's Basket,"Nature's Basket (Kowdiar), Thiruvananthapuram",20,In Stock,6c2c8f4ab69ce5c4aaeebfa9a4112a4c605fce74377d880d49f9f064ea28eeae
ORG-TEA-BH33,Organic Cardamom Tea,Tea,500g,399,24,Hora PLC Organic Farms,"01, Prabhu Road, Bangalore",India Organic,ORG-TEA-BH33-20250226-hg06,26-02-2025,16-02-2027,01-03-2025,Green Valley,"Green Valley (Indiranagar), Bangalore",31,In Stock,cfbcbeeda8103861aa3f696a6714423bb8b64d4c7ee408f7890634cc81cff318
ORG-TEA-BH33,Organic Cardamom Tea,Tea,500g,399,24,Hora PLC Organic Farms,"01, Prabhu Road, Bangalore",India Organic,ORG-TEA-BH33-20240623-KC43,23-06-2024,13-06-2026,30-06-2024,Nature's Basket,"Nature's Basket (Kowdiar), Thiruvananthapuram",45,In Stock,1cb04440f50bb2dc65947b3e936ecf47b6d049661b582ad05a0c456a903dd46f
ORG-TEA-BH33,Organic Cardamom Tea,Tea,500g,399,24,Hora PLC Organic Farms,"01, Prabhu Road, Bangalore",India Organic,ORG-TEA-BH33-20241221-yb67,21-12-2024,11-12-2026,30-12-2024,Coastal Organics,"Coastal Organics (Beach Road), Visakhapatnam",48,In Stock,aa71e163a9be8d5d00054e5bb5c00522b933278e0a35bba977ab91b5c7745a11
ORG-TEA-BH33,Organic Cardamom Tea,Tea,500g,399,24,Hora PLC Organic Farms,"01, Prabhu Road, Bangalore",India Organic,ORG-TEA-BH33-20250301-al22,01-03-2025,19-02-2027,14-03-2025,Nature's Basket,"Nature's Basket (Kowdiar), Thiruvananthapuram",18,In Stock,a1a4bd7c6b9a7c3d004b3f83ce63418b71e5981b7498ec3f9311b0579506ceb1
ORG-TEA-BH33,Organic Cardamom Tea,Tea,500g,399,24,Hora PLC Organic Farms,"01, Prabhu Road, Bangalore",India Organic,ORG-TEA-BH33-20240520-mB10,20-05-2024,10-05-2026,24-05-2024,Organic World,"Organic World (Kadavanthara), Ernakulam",38,In Stock,6d7cfd17fa6e2010cc70ca9640708cde85ff4fccd67d04fcddaf1be44b513b6b
ORG-TEA-BH33,Organic Cardamom Tea,Tea,500g,399,24,Hora PLC Organic Farms,"01, Prabhu Road, Bangalore",India Organic,ORG-TEA-BH33-20241214-Rl05,14-12-2024,04-12-2026,26-12-2024,Eco Store,"Eco Store (Mavoor Road), Kozhikode",26,In Stock,b1b64e0a6cb0910dd2e220815104f5486452376015c5e96fe71b6ecbdf7407e9
ORG-TEA-BH33,Organic Cardamom Tea,Tea,500g,399,24,Hora PLC Organic Farms,"01, Prabhu Road, Bangalore",India Organic,ORG-TEA-BH33-20241128-CP92,28-11-2024,18-11-2026,13-12-2024,Farm Fresh,"Farm Fresh (Vytilla), Ernakulam",27,In Stock,113175460cfa87346dd7cee895534a54e05099d56606398e7e80c7348882c4b9
ORG-TEA-BH33,Organic Cardamom Tea,Tea,500g,399,24,Hora PLC Organic Farms,"01, Prabhu Road, Bangalore",India Organic,ORG-TEA-BH33-20250115-At85,15-01-2025,05-01-2027,16-01-2025,Eco Store,"Eco Store (Mavoor Road), Kozhikode",24,In Stock,df7d55842ebdf295f9e1e9b9a73455733f9f5f71a82da4c4d623cb35bd444731
ORG-TEA-BH33,Organic Cardamom Tea,Tea,500g,399,24,Hora PLC Organic Farms,"01, Prabhu Road, Bangalore",India Organic,ORG-TEA-BH33-20241204-kT75,04-12-2024,24-11-2026,06-12-2024,Coastal Organics,"Coastal Organics (Beach Road), Visakhapatnam",25,In Stock,b04ada869a3181195061c956e883d67b87dc21d26d24179ca6a82c68671ef1dd
ORG-TEA-BH33,Organic Cardamom Tea,Tea,500g,399,24,Hora PLC Organic Farms,"01, Prabhu Road, Bangalore",India Organic,ORG-TEA-BH33-20240628-eh68,28-06-2024,18-06-2026,06-07-2024,Namma Organic,"Namma Organic (Vijaynagar), Mysore",18,In Stock,56eb36d78db94688485fb31979c430bbf487cda1637f72a84d25d60ccf84f2f4
ORG-TEA-BH33,Organic Cardamom Tea,Tea,500g,399,24,Hora PLC Organic Farms,"01, Prabhu Road, Bangalore",India Organic,ORG-TEA-BH33-20241108-lo03,08-11-2024,29-10-2026,17-11-2024,Organic World,"Organic World (Kadavanthara), Ernakulam",6,Low Stock,945b6422931590a0ffffc77d496bc342a824537c8418c0ad163f208a2c21969a
ORG-TEA-BH33,Organic Cardamom Tea,Tea,500g,399,24,Hora PLC Organic Farms,"01, Prabhu Road, Bangalore",India Organic,ORG-TEA-BH33-20241028-YR18,28-10-2024,18-10-2026,08-11-2024,Earthly Delights,"Earthly Delights (Koramangala), Bangalore",14,In Stock,4a207c50104357f420950be9c3533fbab01dfc9643f3aaef3e0b80fbdf238c6a
ORG-TEA-BH33,Organic Cardamom Tea,Tea,500g,399,24,Hora PLC Organic Farms,"01, Prabhu Road, Bangalore",India Organic,ORG-TEA-BH33-20240723-NY57,23-07-2024,13-07-2026,25-07-2024,Earthly Delights,"Earthly Delights (Koramangala), Bangalore",38,In Stock,e955f398c06106d07ab9c9f4fcfa845c35cd64b4fa769b7a88df60b4998c4802
ORG-TEA-BH33,Organic Cardamom Tea,Tea,500g,399,24,Hora PLC Organic Farms,"01, Prabhu Road, Bangalore",India Organic,ORG-TEA-BH33-20240928-cX19,28-09-2024,18-09-2026,12-10-2024,Namma Organic,"Namma Organic (Vijaynagar), Mysore",13,In Stock,a1a2e8d44fbd4133583c46513793b7d423dc4135aa844b074d97c49f167f55a5
ORG-TEA-BH33,Organic Cardamom Tea,Tea,500g,399,24,Hora PLC Organic Farms,"01, Prabhu Road, Bangalore",India Organic,ORG-TEA-BH33-20241230-oe82,30-12-2024,20-12-2026,11-01-2025,Eco Store,"Eco Store (Mavoor Road), Kozhikode",30,In Stock,48b5caee063b0adb79e1f68660012fcee66512623ecf76db8449120e1c27e55f
ORG-TEA-BH33,Organic Cardamom Tea,Tea,500g,399,24,Hora PLC Organic Farms,"01, Prabhu Road, Bangalore",India Organic,ORG-TEA-BH33-20240918-nZ78,18-09-2024,08-09-2026,21-09-2024,Eco Friendly,"Eco Friendly (Gachibowli), Hyderabad",34,In Stock,1f63a4b55f9352ff97facf497b0c3a75e3150f05440f828c645310497c588c59
ORG-OIL-ZS36,Organic Coconut Oil,Oil,500g,483,6,Comar Group Organic Farms,"66/701, Hayer Marg, Kochi",Jaivik Bharat,ORG-OIL-ZS36-20250706-NH66,06-07-2025,02-01-2026,08-07-2025,Nature's Basket,"Nature's Basket (Kowdiar), Thiruvananthapuram",18,In Stock,d4f8fe89a48589a954ac73ebb1943282b144993319f486b1c0942a3d85498f01
ORG-OIL-ZS36,Organic Coconut Oil,Oil,500g,483,6,Comar Group Organic Farms,"66/701, Hayer Marg, Kochi",Jaivik Bharat,ORG-OIL-ZS36-20250719-ei73,19-07-2025,15-01-2026,20-07-2025,Green Fields,"Green Fields (Banjara Hills), Hyderabad",6,Low Stock,f9a14b03b4de2a795529cc341acce2ba07f2ac88415a8b72395c12699a80e3f5
ORG-OIL-ZS36,Organic Coconut Oil,Oil,500g,483,6,Comar Group Organic Farms,"66/701, Hayer Marg, Kochi",Jaivik Bharat,ORG-OIL-ZS36-20250726-Bw10,26-07-2025,22-01-2026,31-07-2025,Farm Fresh,"Farm Fresh (Vytilla), Ernakulam",14,In Stock,3479871b2f941d6c20218f1d0ac884c8e5a34d7e2fc4e65d979f78a528d4faab
ORG-OIL-ZS36,Organic Coconut Oil,Oil,500g,483,6,Comar Group Organic Farms,"66/701, Hayer Marg, Kochi",Jaivik Bharat,ORG-OIL-ZS36-20250713-Jv59,13-07-2025,09-01-2026,27-07-2025,Fresh Harvest,"Fresh Harvest (T. Nagar), Chennai",30,In Stock,27f395988f0935bf8e233972f1e06e783bf2c8400621092aa18eb7e3c68a8c66
ORG-OIL-ZS36,Organic Coconut Oil,Oil,500g,483,6,Comar Group Organic Farms,"66/701, Hayer Marg, Kochi",Jaivik Bharat,ORG-OIL-ZS36-20250727-JF99,27-07-2025,23-01-2026,03-08-2025,Nature's Basket,"Nature's Basket (Kowdiar), Thiruvananthapuram",39,In Stock,221d46066e36d23b5fbf2a7399575793fb8b1a85719f3fb5fcfe4d62c79c3075
ORG-OIL-ZS36,Organic Coconut Oil,Oil,500g,483,6,Comar Group Organic Farms,"66/701, Hayer Marg, Kochi",Jaivik Bharat,ORG-OIL-ZS36-20250715-ti15,15-07-2025,11-01-2026,18-07-2025,Fresh Harvest,"Fresh Harvest (T. Nagar), Chennai",42,In Stock,b5b19b82c8f681d62ae5ef5748498a0af4c288937f32b168a353241da0f50e10
ORG-OIL-ZS36,Organic Coconut Oil,Oil,500g,483,6,Comar Group Organic Farms,"66/701, Hayer Marg, Kochi",Jaivik Bharat,ORG-OIL-ZS36-20250731-bp97,31-07-2025,27-01-2026,04-08-2025,Pure Roots,"Pure Roots (RS Puram), Coimbatore",1,Low Stock,f18e7d39cd0aa404cd1e858c5afc20f8bf2ed888e8ef26a9d731c667e3cbea72
ORG-OIL-ZS36,Organic Coconut Oil,Oil,500g,483,6,Comar Group Organic Farms,"66/701, Hayer Marg, Kochi",Jaivik Bharat,ORG-OIL-ZS36-20250801-ZE63,01-08-2025,28-01-2026,03-08-2025,Nature's Basket,"Nature's Basket (Kowdiar), Thiruvananthapuram",48,In Stock,acec14d1d78a5d6076a08ddc6454a59013c8098b230c85e20e639bfb9deffc60
ORG-OIL-ZS36,Organic Coconut Oil,Oil,500g,483,6,Comar Group Organic Farms,"66/701, Hayer Marg, Kochi",Jaivik Bharat,ORG-OIL-ZS36-20250706-OM26,06-07-2025,02-01-2026,10-07-2025,Green Valley,"Green Valley (Indiranagar), Bangalore",11,In Stock,5cc62f8dcc205b86af771769eb7cbf2acab5ae4fe3e16e10f3642596edfa6cd2
ORG-OIL-ZS36,Organic Coconut Oil,Oil,500g,483,6,Comar Group Organic Farms,"66/701, Hayer Marg, Kochi",Jaivik Bharat,ORG-OIL-ZS36-20250725-oT22,25-07-2025,21-01-2026,09-08-2025,Organic Heaven,"Organic Heaven (Adyar), Chennai",27,In Stock,dbcb17a29336fba179fe29250b775de4a74737b1c898dc58c469164aec612a99
ORG-OIL-ZS36,Organic Coconut Oil,Oil,500g,483,6,Comar Group Organic Farms,"66/701, Hayer Marg, Kochi",Jaivik Bharat,ORG-OIL-ZS36-20250724-vM76,24-07-2025,20-01-2026,08-08-2025,Organic Heaven,"Organic Heaven (Adyar), Chennai",5,Low Stock,ce8c558fba64b1ca00906e785a6bb478748078f127b4a0f8ed995805e2e0d893
ORG-OIL-ZS36,Organic Coconut Oil,Oil,500g,483,6,Comar Group Organic Farms,"66/701, Hayer Marg, Kochi",Jaivik Bharat,ORG-OIL-ZS36-20250726-Zv23,26-07-2025,22-01-2026,07-08-2025,Coastal Organics,"Coastal Organics (Beach Road), Visakhapatnam",50,In Stock,62dbcaeeaae455caa7da09f66b713883815718cb4bc5a2e95d56e46aea7cf2c6
ORG-OIL-ZS36,Organic Coconut Oil,Oil,500g,483,6,Comar Group Organic Farms,"66/701, Hayer Marg, Kochi",Jaivik Bharat,ORG-OIL-ZS36-20250726-iJ95,26-07-2025,22-01-2026,03-08-2025,Coastal Organics,"Coastal Organics (Beach Road), Visakhapatnam",25,In Stock,1ad999e5dbd757ad346a6574b6f6adc41996b1a752cae32b879c9ee7db10b1c9
ORG-OIL-ZS36,Organic Coconut Oil,Oil,500g,483,6,Comar Group Organic Farms,"66/701, Hayer Marg, Kochi",Jaivik Bharat,ORG-OIL-ZS36-20250711-rB26,11-07-2025,07-01-2026,23-07-2025,Green Fields,"Green Fields (Banjara Hills), Hyderabad",24,In Stock,f264918089d12012e1661e7b5cebf18d4457aa2d6241f7a1237dd9e7b1ecf163
ORG-OIL-ZS36,Organic Coconut Oil,Oil,500g,483,6,Comar Group Organic Farms,"66/701, Hayer Marg, Kochi",Jaivik Bharat,ORG-OIL-ZS36-20250801-rI51,01-08-2025,28-01-2026,07-08-2025,Green Mart,"Green Mart (Edappally), Ernakulam",46,In Stock,b2bc28106be7fb3c39981336c4ba9960b787140861be3b1745d8d1a1c34eb275
ORG-OIL-ZS36,Organic Coconut Oil,Oil,500g,483,6,Comar Group Organic Farms,"66/701, Hayer Marg, Kochi",Jaivik Bharat,ORG-OIL-ZS36-20250802-cp24,02-08-2025,29-01-2026,16-08-2025,Green Valley,"Green Valley (Indiranagar), Bangalore",9,Low Stock,952a3acf82db958b8807dcc9df6ad3780940da542602a4a9771b67dde5609dc6
ORG-OIL-ZS36,Organic Coconut Oil,Oil,500g,483,6,Comar Group Organic Farms,"66/701, Hayer Marg, Kochi",Jaivik Bharat,ORG-OIL-ZS36-20250709-lB51,09-07-2025,05-01-2026,22-07-2025,Pure Roots,"Pure Roots (RS Puram), Coimbatore",6,Low Stock,833b0bf74d5be7bd58a010ebca763c2bc2fa614998ce710ee3b23dcf0052eca6
ORG-OIL-ZS36,Organic Coconut Oil,Oil,500g,483,6,Comar Group Organic Farms,"66/701, Hayer Marg, Kochi",Jaivik Bharat,ORG-OIL-ZS36-20250705-Sw03,05-07-2025,01-01-2026,13-07-2025,Namma Organic,"Namma Organic (Vijaynagar), Mysore",23,In Stock,d93025e93ff5d9829bcc2314f0e43963e4845644d9a0506d333cb17f1b38348c
ORG-OIL-ZS36,Organic Coconut Oil,Oil,500g,483,6,Comar Group Organic Farms,"66/701, Hayer Marg, Kochi",Jaivik Bharat,ORG-OIL-ZS36-20250720-AU22,20-07-2025,16-01-2026,24-07-2025,Fresh Harvest,"Fresh Harvest (T. Nagar), Chennai",20,In Stock,722c6b2e50aaebd4d56c8709e1c67acdf366734c6f6292c7131d958460201ad8
ORG-OIL-ZS36,Organic Coconut Oil,Oil,500g,483,6,Comar Group Organic Farms,"66/701, Hayer Marg, Kochi",Jaivik Bharat,ORG-OIL-ZS36-20250705-FM56,05-07-2025,01-01-2026,06-07-2025,Organic Heaven,"Organic Heaven (Adyar), Chennai",23,In Stock,7e09a3b8a964d60159872b13c6190b2318ec4ee5c92432f8ffe226df0ce3f880
ORG-OIL-ZS36,Organic Coconut Oil,Oil,500g,483,6,Comar Group Organic Farms,"66/701, Hayer Marg, Kochi",Jaivik Bharat,ORG-OIL-ZS36-20250712-Gy66,12-07-2025,08-01-2026,16-07-2025,Nature's Basket,"Nature's Basket (Kowdiar), Thiruvananthapuram",31,In Stock,fef2d9624f0f8fc03bc121033b2b1d5840059268b86483c174b96b9a8abdaf43
ORG-OIL-ZS36,Organic Coconut Oil,Oil,500g,483,6,Comar Group Organic Farms,"66/701, Hayer Marg, Kochi",Jaivik Bharat,ORG-OIL-ZS36-20250801-Au17,01-08-2025,28-01-2026,13-08-2025,Nature's Basket,"Nature's Basket (Kowdiar), Thiruvananthapuram",32,In Stock,34940041d5486762e9ef77dcd7ceeb4af45ff444bd9c9c590564e3c2170c3c0a
ORG-OIL-ZS36,Organic Coconut Oil,Oil,500g,483,6,Comar Group Organic Farms,"66/701, Hayer Marg, Kochi",Jaivik Bharat,ORG-OIL-ZS36-20250718-yt60,18-07-2025,14-01-2026,02-08-2025,Earthly Delights,"Earthly Delights (Koramangala), Bangalore",35,In Stock,95ff54a073702503e93e3db26977a0445bc33f68905fa8aa557949cd76af1a1f
ORG-OIL-ZS36,Organic Coconut Oil,Oil,500g,483,6,Comar Group Organic Farms,"66/701, Hayer Marg, Kochi",Jaivik Bharat,ORG-OIL-ZS36-20250707-IV17,07-07-2025,03-01-2026,10-07-2025,Pure Roots,"Pure Roots (RS Puram), Coimbatore",10,Low Stock,f6428695486745af912762ccf2ef0df0852397a4a0958be6694a8803818c64f2
ORG-OIL-ZS36,Organic Coconut Oil,Oil,500g,483,6,Comar Group Organic Farms,"66/701, Hayer Marg, Kochi",Jaivik Bharat,ORG-OIL-ZS36-20250708-xh93,08-07-2025,04-01-2026,20-07-2025,Coastal Organics,"Coastal Organics (Beach Road), Visakhapatnam",23,In Stock,d007fb10e78e242d55683f4d6a18b755caec6af73a4aa1fb7db5c4eb7182bb04
ORG-OIL-ZS36,Organic Coconut Oil,Oil,500g,483,6,Comar Group Organic Farms,"66/701, Hayer Marg, Kochi",Jaivik Bharat,ORG-OIL-ZS36-20250729-np52,29-07-2025,25-01-2026,07-08-2025,Namma Organic,"Namma Organic (Vijaynagar), Mysore",29,In Stock,c450162c8177d85c32fd163637cf639d37de868b86f7ba2b0e148186143d61f5
ORG-OIL-ZS36,Organic Coconut Oil,Oil,500g,483,6,Comar Group Organic Farms,"66/701, Hayer Marg, Kochi",Jaivik Bharat,ORG-OIL-ZS36-20250716-Hj06,16-07-2025,12-01-2026,19-07-2025,Fresh Harvest,"Fresh Harvest (T. Nagar), Chennai",4,Low Stock,c65a4f91ec8ba396fa2571ca268bc47b68a0adac7117249644778819c4c16466
ORG-OIL-ZS36,Organic Coconut Oil,Oil,500g,483,6,Comar Group Organic Farms,"66/701, Hayer Marg, Kochi",Jaivik Bharat,ORG-OIL-ZS36-20250708-gm55,08-07-2025,04-01-2026,17-07-2025,Organic Heaven,"Organic Heaven (Adyar), Chennai",22,In Stock,7cd218b2546fa1377a973bea60d6f60e26b2d14f185365f43cb03b0109890c5c
ORG-OIL-ZS36,Organic Coconut Oil,Oil,500g,483,6,Comar Group Organic Farms,"66/701, Hayer Marg, Kochi",Jaivik Bharat,ORG-OIL-ZS36-20250731-xS27,31-07-2025,27-01-2026,09-08-2025,Coastal Organics,"Coastal Organics (Beach Road), Visakhapatnam",37,In Stock,995f19ec2bbdd4663737b8a34e2b47b542bb06f82778ff7036db62756384aa62
ORG-OIL-ZS36,Organic Coconut Oil,Oil,500g,483,6,Comar Group Organic Farms,"66/701, Hayer Marg, Kochi",Jaivik Bharat,ORG-OIL-ZS36-20250709-Az52,09-07-2025,05-01-2026,23-07-2025,Nature's Basket,"Nature's Basket (Kowdiar), Thiruvananthapuram",4,Low Stock,a24ed808a50c8fb83857084120f509d28b31a0bb755f2132862d819cd27724d7
ORG-OIL-ZS36,Organic Coconut Oil,Oil,500g,483,6,Comar Group Organic Farms,"66/701, Hayer Marg, Kochi",Jaivik Bharat,ORG-OIL-ZS36-20250716-BE75,16-07-2025,12-01-2026,31-07-2025,Namma Organic,"Namma Organic (Vijaynagar), Mysore",36,In Stock,29ff4e371f3d0c66ecab0792db42a0c0c3a0a1d1c120593af362f52dadba12f6
ORG-OIL-ZS36,Organic Coconut Oil,Oil,500g,483,6,Comar Group Organic Farms,"66/701, Hayer Marg, Kochi",Jaivik Bharat,ORG-OIL-ZS36-20250706-fz07,06-07-2025,02-01-2026,07-07-2025,Nature's Basket,"Nature's Basket (Kowdiar), Thiruvananthapuram",50,In Stock,902e5f87973ff389c8145f85b7a304f10a5e24d885edc62047a5e9e26aa39620
ORG-OIL-ZS36,Organic Coconut Oil,Oil,500g,483,6,Comar Group Organic Farms,"66/701, Hayer Marg, Kochi",Jaivik Bharat,ORG-OIL-ZS36-20250722-Vi83,22-07-2025,18-01-2026,05-08-2025,Eco Store,"Eco Store (Mavoor Road), Kozhikode",8,Low Stock,f2cc33a662ef4a329ca4487e84056a9b545bbb1dc9655914ea756b74cf910f6d
ORG-OIL-ZS36,Organic Coconut Oil,Oil,500g,483,6,Comar Group Organic Farms,"66/701, Hayer Marg, Kochi",Jaivik Bharat,ORG-OIL-ZS36-20250801-Jx83,01-08-2025,28-01-2026,07-08-2025,Eco Store,"Eco Store (Mavoor Road), Kozhikode",8,Low Stock,3c4d9e7041cdfa9473179d71af07dcba77ddf4231148a49866b9b13051fa1272
ORG-OIL-ZS36,Organic Coconut Oil,Oil,500g,483,6,Comar Group Organic Farms,"66/701, Hayer Marg, Kochi",Jaivik Bharat,ORG-OIL-ZS36-20250727-bh22,27-07-2025,23-01-2026,05-08-2025,Nature's Basket,"Nature's Basket (Kowdiar), Thiruvananthapuram",39,In Stock,2e0021120ec54669809a276602872d39957b2d224f7b0eba9d600e5f761dce40
ORG-OIL-ZS36,Organic Coconut Oil,Oil,500g,483,6,Comar Group Organic Farms,"66/701, Hayer Marg, Kochi",Jaivik Bharat,ORG-OIL-ZS36-20250725-Vb96,25-07-2025,21-01-2026,07-08-2025,Pure Roots,"Pure Roots (RS Puram), Coimbatore",6,Low Stock,8463d19f782835f57741c0f483fdbc281e12e1829302e0657cc4e4d46f8a272b
ORG-OIL-ZS36,Organic Coconut Oil,Oil,500g,483,6,Comar Group Organic Farms,"66/701, Hayer Marg, Kochi",Jaivik Bharat,ORG-OIL-ZS36-20250712-xL53,12-07-2025,08-01-2026,14-07-2025,Pure Roots,"Pure Roots (RS Puram), Coimbatore",48,In Stock,1c7bbd6e1fe55739424e20ca0fa8aa85f0f74eaa9b64a4bbc02292e40ae91023
ORG-OIL-ZS36,Organic Coconut Oil,Oil,500g,483,6,Comar Group Organic Farms,"66/701, Hayer Marg, Kochi",Jaivik Bharat,ORG-OIL-ZS36-20250708-EL00,08-07-2025,04-01-2026,11-07-2025,Namma Organic,"Namma Organic (Vijaynagar), Mysore",41,In Stock,86bf53e188a6f1ee7a82f839ee9914a80954b55b15976ada9bece8ab563b102c
ORG-OIL-ZS36,Organic Coconut Oil,Oil,500g,483,6,Comar Group Organic Farms,"66/701, Hayer Marg, Kochi",Jaivik Bharat,ORG-OIL-ZS36-20250707-er77,07-07-2025,03-01-2026,17-07-2025,Namma Organic,"Namma Organic (Vijaynagar), Mysore",8,Low Stock,aaf9cedd3de29ac3deec9be94e2dbd3c44ef177b393f595199ac1bd0e3167e31
ORG-OIL-ZS36,Organic Coconut Oil,Oil,500g,483,6,Comar Group Organic Farms,"66/701, Hayer Marg, Kochi",Jaivik Bharat,ORG-OIL-ZS36-20250715-gf66,15-07-2025,11-01-2026,20-07-2025,Green Fields,"Green Fields (Banjara Hills), Hyderabad",47,In Stock,e702173a25c8aede6be16a34f84f92862ba8ef58065499ee25603978acc1ecfa
ORG-OIL-ZS36,Organic Coconut Oil,Oil,500g,483,6,Comar Group Organic Farms,"66/701, Hayer Marg, Kochi",Jaivik Bharat,ORG-OIL-ZS36-20250716-Nf29,16-07-2025,12-01-2026,26-07-2025,Namma Organic,"Namma Organic (Vijaynagar), Mysore",44,In Stock,82c5934b402ad3f28cecca55394a2acfcced08584deef5f17046e98594f61042
ORG-OIL-ZS36,Organic Coconut Oil,Oil,500g,483,6,Comar Group Organic Farms,"66/701, Hayer Marg, Kochi",Jaivik Bharat,ORG-OIL-ZS36-20250731-BX84,31-07-2025,27-01-2026,02-08-2025,Green Mart,"Green Mart (Edappally), Ernakulam",26,In Stock,0bcb0e4ba6bf1c35ab33283aa8dde23f16e5da5f142520c1bfd49f11a843f47e
ORG-OIL-ZS36,Organic Coconut Oil,Oil,500g,483,6,Comar Group Organic Farms,"66/701, Hayer Marg, Kochi",Jaivik Bharat,ORG-OIL-ZS36-20250722-ts69,22-07-2025,18-01-2026,28-07-2025,Coastal Organics,"Coastal Organics (Beach Road), Visakhapatnam",17,In Stock,c102c297371c9c431c0d9be12a495ca6aad8c380b44503f396cb4d9509e5d7fa
ORG-OIL-ZS36,Organic Coconut Oil,Oil,500g,483,6,Comar Group Organic Farms,"66/701, Hayer Marg, Kochi",Jaivik Bharat,ORG-OIL-ZS36-20250712-qN66,12-07-2025,08-01-2026,25-07-2025,Pure Roots,"Pure Roots (RS Puram), Coimbatore",49,In Stock,850e5134b99bbac8501b1ea72ba81c18f5b45ea006d7456b4dc3d78462726547
ORG-OIL-ZS36,Organic Coconut Oil,Oil,500g,483,6,Comar Group Organic Farms,"66/701, Hayer Marg, Kochi",Jaivik Bharat,ORG-OIL-ZS36-20250727-tP01,27-07-2025,23-01-2026,04-08-2025,Green Valley,"Green Valley (Indiranagar), Bangalore",0,Out of Stock,0b8433f36fff5f487a87f911e59d5cc55bc00fc5a48f5e690ca6571d3d7f7982
ORG-OIL-ZS36,Organic Coconut Oil,Oil,500g,483,6,Comar Group Organic Farms,"66/701, Hayer Marg, Kochi",Jaivik Bharat,ORG-OIL-ZS36-20250802-Lp33,02-08-2025,29-01-2026,03-08-2025,Coastal Organics,"Coastal Organics (Beach Road), Visakhapatnam",5,Low Stock,7c474001c3a027ad6da58fc428376d4d58a6e7cbe223742414c95fdec9b33b4a
ORG-OIL-ZS36,Organic Coconut Oil,Oil,500g,483,6,Comar Group Organic Farms,"66/701, Hayer Marg, Kochi",Jaivik Bharat,ORG-OIL-ZS36-20250725-Gr45,25-07-2025,21-01-2026,04-08-2025,Organic World,"Organic World (Kadavanthara), Ernakulam",24,In Stock,d0b9b34ade07ed2208a7cee2e65f20d7ba14e4004b453ad4d04eccc909497ee1
ORG-OIL-ZS36,Organic Coconut Oil,Oil,500g,483,6,Comar Group Organic Farms,"66/701, Hayer Marg, Kochi",Jaivik Bharat,ORG-OIL-ZS36-20250730-fD47,30-07-2025,26-01-2026,09-08-2025,Green Mart,"Green Mart (Edappally), Ernakulam",19,In Stock,ca026c2f3e5990326bb3de220330dc5ad1b92796f406fa77c3f40e5a357e1687
ORG-OIL-ZS36,Organic Coconut Oil,Oil,500g,483,6,Comar Group Organic Farms,"66/701, Hayer Marg, Kochi",Jaivik Bharat,ORG-OIL-ZS36-20250716-dF35,16-07-2025,12-01-2026,26-07-2025,Organic Heaven,"Organic Heaven (Adyar), Chennai",42,In Stock,b3d09c224e870e31bd2512b9608e3185216e57d3f78684a000885c3ef86b50f0
ORG-OIL-ZS36,Organic Coconut Oil,Oil,500g,483,6,Comar Group Organic Farms,"66/701, Hayer Marg, Kochi",Jaivik Bharat,ORG-OIL-ZS36-20250708-un83,08-07-2025,04-01-2026,12-07-2025,Pure Roots,"Pure Roots (RS Puram), Coimbatore",25,In Stock,b1285422dcd838442c29a4864d859a761b01673cfbeb94384599dce87f51ca14
ORG-OIL-KO84,Organic Sesame Oil,Oil,500g,963,6,Rau PLC Organic Farms,"067, Sarma Nagar, Kochi",Jaivik Bharat,ORG-OIL-KO84-20250725-cn73,25-07-2025,21-01-2026,04-08-2025,Nature's Basket,"Nature's Basket (Kowdiar), Thiruvananthapuram",50,In Stock,85b0a6a7cf3d6bc03b03921f5461b7803bdd4f1524d9eef722ae646d6b77da42
ORG-OIL-KO84,Organic Sesame Oil,Oil,500g,963,6,Rau PLC Organic Farms,"067, Sarma Nagar, Kochi",Jaivik Bharat,ORG-OIL-KO84-20250726-zD51,26-07-2025,22-01-2026,02-08-2025,Namma Organic,"Namma Organic (Vijaynagar), Mysore",1,Low Stock,5796f12f19db44bcf5835b5c62c1271480a66dd75a2634d0b553f34b5f0a0ef1
ORG-OIL-KO84,Organic Sesame Oil,Oil,500g,963,6,Rau PLC Organic Farms,"067, Sarma Nagar, Kochi",Jaivik Bharat,ORG-OIL-KO84-20250704-tq42,04-07-2025,31-12-2025,16-07-2025,Organic World,"Organic World (Kadavanthara), Ernakulam",37,In Stock,27b9feca4e2dd660d896547bb7ee18f3135d23cf00c966d08f39538181136c26
ORG-OIL-KO84,Organic Sesame Oil,Oil,500g,963,6,Rau PLC Organic Farms,"067, Sarma Nagar, Kochi",Jaivik Bharat,ORG-OIL-KO84-20250708-yq90,08-07-2025,04-01-2026,13-07-2025,Eco Store,"Eco Store (Mavoor Road), Kozhikode",13,In Stock,12f30a3b20478a0ed6f265e5f5b2d50fb32fc176b12406fe16a40dd6702b9450
ORG-OIL-KO84,Organic Sesame Oil,Oil,500g,963,6,Rau PLC Organic Farms,"067, Sarma Nagar, Kochi",Jaivik Bharat,ORG-OIL-KO84-20250706-XB64,06-07-2025,02-01-2026,21-07-2025,Pure Roots,"Pure Roots (RS Puram), Coimbatore",47,In Stock,f0606bace278e32bf9929a2b1b7f57750b1dcebe19b750c5019a7d6c8c0663dc
ORG-OIL-KO84,Organic Sesame Oil,Oil,500g,963,6,Rau PLC Organic Farms,"067, Sarma Nagar, Kochi",Jaivik Bharat,ORG-OIL-KO84-20250719-Yb59,19-07-2025,15-01-2026,25-07-2025,Fresh Harvest,"Fresh Harvest (T. Nagar), Chennai",23,In Stock,df32cb1cf08733d8cff5f7ad891de5080521d585e3713fb85ec9e21fbd894d16
ORG-OIL-KO84,Organic Sesame Oil,Oil,500g,963,6,Rau PLC Organic Farms,"067, Sarma Nagar, Kochi",Jaivik Bharat,ORG-OIL-KO84-20250727-Hl75,27-07-2025,23-01-2026,03-08-2025,Pure Roots,"Pure Roots (RS Puram), Coimbatore",0,Out of Stock,2c8ef2837ef9fe2ccf37de46028c7258278c759b33bd67ccb64607e100d7c399
ORG-OIL-KO84,Organic Sesame Oil,Oil,500g,963,6,Rau PLC Organic Farms,"067, Sarma Nagar, Kochi",Jaivik Bharat,ORG-OIL-KO84-20250706-Bg13,06-07-2025,02-01-2026,20-07-2025,Farm Fresh,"Farm Fresh (Vytilla), Ernakulam",46,In Stock,f32083a3da8df76f8ab3c3fd471912f2ddb58f7c035b4e2c631ddfa10100b979
ORG-OIL-KO84,Organic Sesame Oil,Oil,500g,963,6,Rau PLC Organic Farms,"067, Sarma Nagar, Kochi",Jaivik Bharat,ORG-OIL-KO84-20250706-Zj34,06-07-2025,02-01-2026,18-07-2025,Organic World,"Organic World (Kadavanthara), Ernakulam",29,In Stock,1ff05e601b7dd06a3b7aed839f17ad6896e86dfb39615c246a787cb0a6744ce6
ORG-OIL-KO84,Organic Sesame Oil,Oil,500g,963,6,Rau PLC Organic Farms,"067, Sarma Nagar, Kochi",Jaivik Bharat,ORG-OIL-KO84-20250717-pb55,17-07-2025,13-01-2026,22-07-2025,Fresh Harvest,"Fresh Harvest (T. Nagar), Chennai",0,Out of Stock,7440ecd69616121412ac426ec59f8db3fbd31c729db2581973dab0a9d70633ce
ORG-OIL-KO84,Organic Sesame Oil,Oil,500g,963,6,Rau PLC Organic Farms,"067, Sarma Nagar, Kochi",Jaivik Bharat,ORG-OIL-KO84-20250723-do94,23-07-2025,19-01-2026,31-07-2025,Namma Organic,"Namma Organic (Vijaynagar), Mysore",24,In Stock,850260db84cfde255944a89c451d63e021e5ac9024c7b5b82229439829a9536f
ORG-OIL-KO84,Organic Sesame Oil,Oil,500g,963,6,Rau PLC Organic Farms,"067, Sarma Nagar, Kochi",Jaivik Bharat,ORG-OIL-KO84-20250802-Ad73,02-08-2025,29-01-2026,16-08-2025,Coastal Organics,"Coastal Organics (Beach Road), Visakhapatnam",16,In Stock,e0e21191f81f71759cae054e42cc461d4a8806ae6fe5037e01ce24043bb3f1e6
ORG-OIL-KO84,Organic Sesame Oil,Oil,500g,963,6,Rau PLC Organic Farms,"067, Sarma Nagar, Kochi",Jaivik Bharat,ORG-OIL-KO84-20250715-ff84,15-07-2025,11-01-2026,29-07-2025,Farm Fresh,"Farm Fresh (Vytilla), Ernakulam",30,In Stock,d1557d4c80847b8b41362577e4a79a4468f609b8db8498df76f2fb75b4938caf
ORG-OIL-KO84,Organic Sesame Oil,Oil,500g,963,6,Rau PLC Organic Farms,"067, Sarma Nagar, Kochi",Jaivik Bharat,ORG-OIL-KO84-20250725-pV06,25-07-2025,21-01-2026,26-07-2025,Eco Store,"Eco Store (Mavoor Road), Kozhikode",11,In Stock,2835ea5ce412f6f05a3dc6e4609757f24bdef55a472d5ea60eb42b69313355c9
ORG-OIL-KO84,Organic Sesame Oil,Oil,500g,963,6,Rau PLC Organic Farms,"067, Sarma Nagar, Kochi",Jaivik Bharat,ORG-OIL-KO84-20250715-WN42,15-07-2025,11-01-2026,22-07-2025,Earthly Delights,"Earthly Delights (Koramangala), Bangalore",0,Out of Stock,6febf5cffc04076cb4ff92975e9f1ff99452b4ac25196565f6862221ee80e8cd
ORG-OIL-KO84,Organic Sesame Oil,Oil,500g,963,6,Rau PLC Organic Farms,"067, Sarma Nagar, Kochi",Jaivik Bharat,ORG-OIL-KO84-20250712-Qg37,12-07-2025,08-01-2026,20-07-2025,Pure Roots,"Pure Roots (RS Puram), Coimbatore",49,In Stock,2632ef4d9ed03358a4be47e41b8c8907950a774ab761f210f1aabc8a04649e71
ORG-OIL-KO84,Organic Sesame Oil,Oil,500g,963,6,Rau PLC Organic Farms,"067, Sarma Nagar, Kochi",Jaivik Bharat,ORG-OIL-KO84-20250729-Lj61,29-07-2025,25-01-2026,06-08-2025,Namma Organic,"Namma Organic (Vijaynagar), Mysore",1,Low Stock,94c8e3f94d559cd428b3dda500dbb9ed9d4dbda34ecc5c99788356d54c3bbc87
ORG-OIL-KO84,Organic Sesame Oil,Oil,500g,963,6,Rau PLC Organic Farms,"067, Sarma Nagar, Kochi",Jaivik Bharat,ORG-OIL-KO84-20250729-Qy13,29-07-2025,25-01-2026,10-08-2025,Organic World,"Organic World (Kadavanthara), Ernakulam",0,Out of Stock,a8af053e72855e727c8ab7d1622a49da6604b0bddb84a2b0e12ee77f29609c0b
ORG-OIL-KO84,Organic Sesame Oil,Oil,500g,963,6,Rau PLC Organic Farms,"067, Sarma Nagar, Kochi",Jaivik Bharat,ORG-OIL-KO84-20250712-IQ96,12-07-2025,08-01-2026,26-07-2025,Coastal Organics,"Coastal Organics (Beach Road), Visakhapatnam",44,In Stock,b55a96731767292be2de08f79a533f21b0a26bb376cdebb60aeb18d8419e4d43
ORG-OIL-KO84,Organic Sesame Oil,Oil,500g,963,6,Rau PLC Organic Farms,"067, Sarma Nagar, Kochi",Jaivik Bharat,ORG-OIL-KO84-20250730-ln19,30-07-2025,26-01-2026,06-08-2025,Eco Store,"Eco Store (Mavoor Road), Kozhikode",12,In Stock,57b497de85fa2f56b0d2ce7623371bbfd16c350178bebb67581e4cf775bbab9d
ORG-OIL-KO84,Organic Sesame Oil,Oil,500g,963,6,Rau PLC Organic Farms,"067, Sarma Nagar, Kochi",Jaivik Bharat,ORG-OIL-KO84-20250708-bM98,08-07-2025,04-01-2026,10-07-2025,Coastal Organics,"Coastal Organics (Beach Road), Visakhapatnam",19,In Stock,58000223b392c66b99d6283980c15927b299c5ea730ebbbc2ae3531bfb613a5c
ORG-OIL-KO84,Organic Sesame Oil,Oil,500g,963,6,Rau PLC Organic Farms,"067, Sarma Nagar, Kochi",Jaivik Bharat,ORG-OIL-KO84-20250708-Cr38,08-07-2025,04-01-2026,23-07-2025,Fresh Harvest,"Fresh Harvest (T. Nagar), Chennai",18,In Stock,155b89eda0d465b1e1d555794865032d8393ecaf668b6811e8f66af2b693821c
ORG-OIL-KO84,Organic Sesame Oil,Oil,500g,963,6,Rau PLC Organic Farms,"067, Sarma Nagar, Kochi",Jaivik Bharat,ORG-OIL-KO84-20250705-cO27,05-07-2025,01-01-2026,19-07-2025,Green Mart,"Green Mart (Edappally), Ernakulam",38,In Stock,753efeecadba6b542181e6a0bd30a3f41f1fabfa18707449aa5f4972ff377067
ORG-OIL-KO84,Organic Sesame Oil,Oil,500g,963,6,Rau PLC Organic Farms,"067, Sarma Nagar, Kochi",Jaivik Bharat,ORG-OIL-KO84-20250802-ax48,02-08-2025,29-01-2026,05-08-2025,Nature's Basket,"Nature's Basket (Kowdiar), Thiruvananthapuram",4,Low Stock,c59d6f4b5b2ee4cd8664b638209880728fd991a5625cf27081017a55b3e7b3b7
ORG-OIL-KO84,Organic Sesame Oil,Oil,500g,963,6,Rau PLC Organic Farms,"067, Sarma Nagar, Kochi",Jaivik Bharat,ORG-OIL-KO84-20250726-Cw21,26-07-2025,22-01-2026,04-08-2025,Eco Store,"Eco Store (Mavoor Road), Kozhikode",45,In Stock,7db0b329f493b05737f78eddc99f3c30c289f88eac1f54f9d46a5740216f5773
ORG-OIL-KO84,Organic Sesame Oil,Oil,500g,963,6,Rau PLC Organic Farms,"067, Sarma Nagar, Kochi",Jaivik Bharat,ORG-OIL-KO84-20250721-jt06,21-07-2025,17-01-2026,03-08-2025,Organic Heaven,"Organic Heaven (Adyar), Chennai",34,In Stock,687075ef7a6158807dffb07045a38539b3e4abea0aa958f7cd060e104e27ae67
ORG-OIL-KO84,Organic Sesame Oil,Oil,500g,963,6,Rau PLC Organic Farms,"067, Sarma Nagar, Kochi",Jaivik Bharat,ORG-OIL-KO84-20250708-is64,08-07-2025,04-01-2026,13-07-2025,Green Mart,"Green Mart (Edappally), Ernakulam",26,In Stock,c9635bb9f1b8c8a4d9cf5a4a6974d6c939860c1a458d58341e6812ab8c41a19d
ORG-OIL-KO84,Organic Sesame Oil,Oil,500g,963,6,Rau PLC Organic Farms,"067, Sarma Nagar, Kochi",Jaivik Bharat,ORG-OIL-KO84-20250721-rM47,21-07-2025,17-01-2026,05-08-2025,Nature's Basket,"Nature's Basket (Kowdiar), Thiruvananthapuram",0,Out of Stock,9fc5abc2d1cb05871d073ef6b10d85f8abc794fc815528fea69c061d904a6e3c
ORG-OIL-KO84,Organic Sesame Oil,Oil,500g,963,6,Rau PLC Organic Farms,"067, Sarma Nagar, Kochi",Jaivik Bharat,ORG-OIL-KO84-20250711-Uv09,11-07-2025,07-01-2026,26-07-2025,Nature's Basket,"Nature's Basket (Kowdiar), Thiruvananthapuram",42,In Stock,ff8a8f9ccf18e91483370f4f265dbf997f6c40deb137b21167d939efc2784f3c
ORG-OIL-KO84,Organic Sesame Oil,Oil,500g,963,6,Rau PLC Organic Farms,"067, Sarma Nagar, Kochi",Jaivik Bharat,ORG-OIL-KO84-20250707-zy72,07-07-2025,03-01-2026,10-07-2025,Eco Store,"Eco Store (Mavoor Road), Kozhikode",4,Low Stock,8b97af19626a8dd5ad6bef70fb15561f689f36a3e8a0a686e7c4ba911b02e6d0
ORG-OIL-KO84,Organic Sesame Oil,Oil,500g,963,6,Rau PLC Organic Farms,"067, Sarma Nagar, Kochi",Jaivik Bharat,ORG-OIL-KO84-20250705-WU50,05-07-2025,01-01-2026,08-07-2025,Nature's Basket,"Nature's Basket (Kowdiar), Thiruvananthapuram",12,In Stock,9236e7680841e9babb72a94625e49629de2265c2aa9f5b67d05243d076dca333
ORG-OIL-KO84,Organic Sesame Oil,Oil,500g,963,6,Rau PLC Organic Farms,"067, Sarma Nagar, Kochi",Jaivik Bharat,ORG-OIL-KO84-20250717-oM63,17-07-2025,13-01-2026,28-07-2025,Namma Organic,"Namma Organic (Vijaynagar), Mysore",13,In Stock,b01a951d1bc1b367344e774e81c7819a0dffd44638ad2a52bdda522f3eff8b8e
ORG-OIL-KO84,Organic Sesame Oil,Oil,500g,963,6,Rau PLC Organic Farms,"067, Sarma Nagar, Kochi",Jaivik Bharat,ORG-OIL-KO84-20250722-iQ89,22-07-2025,18-01-2026,28-07-2025,Eco Friendly,"Eco Friendly (Gachibowli), Hyderabad",22,In Stock,dd5b1b3d6ce020431bec9a07605c52894d3f25f50b8d4b9ec6b961f198b7f100
ORG-OIL-KO84,Organic Sesame Oil,Oil,500g,963,6,Rau PLC Organic Farms,"067, Sarma Nagar, Kochi",Jaivik Bharat,ORG-OIL-KO84-20250704-oc26,04-07-2025,31-12-2025,15-07-2025,Coastal Organics,"Coastal Organics (Beach Road), Visakhapatnam",12,In Stock,211f845b661abc56c286d8bdcb6cb985762ac93f7741ac89d3f0115fff32d868
ORG-OIL-KO84,Organic Sesame Oil,Oil,500g,963,6,Rau PLC Organic Farms,"067, Sarma Nagar, Kochi",Jaivik Bharat,ORG-OIL-KO84-20250801-oP77,01-08-2025,28-01-2026,02-08-2025,Farm Fresh,"Farm Fresh (Vytilla), Ernakulam",34,In Stock,cad2436420f9182d139c8cb9bc42bb7a1953a66d3887a3d45d436f851a914f26
ORG-OIL-KO84,Organic Sesame Oil,Oil,500g,963,6,Rau PLC Organic Farms,"067, Sarma Nagar, Kochi",Jaivik Bharat,ORG-OIL-KO84-20250709-SR73,09-07-2025,05-01-2026,15-07-2025,Namma Organic,"Namma Organic (Vijaynagar), Mysore",1,Low Stock,c1f72f6f3a1366ff04fc5f3b523fe82a38da7ddb52fdc5de19170f289667d39d
ORG-OIL-KO84,Organic Sesame Oil,Oil,500g,963,6,Rau PLC Organic Farms,"067, Sarma Nagar, Kochi",Jaivik Bharat,ORG-OIL-KO84-20250712-tG35,12-07-2025,08-01-2026,16-07-2025,Namma Organic,"Namma Organic (Vijaynagar), Mysore",7,Low Stock,1dc015f8f514394fe5f341180ec78061b3b17a80e352315d122ff76c68a1de5d
ORG-OIL-KO84,Organic Sesame Oil,Oil,500g,963,6,Rau PLC Organic Farms,"067, Sarma Nagar, Kochi",Jaivik Bharat,ORG-OIL-KO84-20250724-qU89,24-07-2025,20-01-2026,31-07-2025,Pure Roots,"Pure Roots (RS Puram), Coimbatore",7,Low Stock,f21b59df7252b1c1658092147584f0c4793305a60a05e6bfe0613f70f9f87f15
ORG-OIL-KO84,Organic Sesame Oil,Oil,500g,963,6,Rau PLC Organic Farms,"067, Sarma Nagar, Kochi",Jaivik Bharat,ORG-OIL-KO84-20250721-Qf32,21-07-2025,17-01-2026,04-08-2025,Pure Roots,"Pure Roots (RS Puram), Coimbatore",31,In Stock,ed0a78386685ef46a8c74c3a7c7bf2b2863eedde639890fdb7ae32bd435f818e
ORG-OIL-KO84,Organic Sesame Oil,Oil,500g,963,6,Rau PLC Organic Farms,"067, Sarma Nagar, Kochi",Jaivik Bharat,ORG-OIL-KO84-20250731-iX44,31-07-2025,27-01-2026,10-08-2025,Namma Organic,"Namma Organic (Vijaynagar), Mysore",36,In Stock,ad6a1e85d6c4f3fbb0d10c108bef0cc4d70f587712b4bda025f2c6d17571439f
ORG-OIL-KO84,Organic Sesame Oil,Oil,500g,963,6,Rau PLC Organic Farms,"067, Sarma Nagar, Kochi",Jaivik Bharat,ORG-OIL-KO84-20250726-OQ43,26-07-2025,22-01-2026,06-08-2025,Organic World,"Organic World (Kadavanthara), Ernakulam",11,In Stock,243a211ffabeb37146543e1046a3aacde3f0b87f7f58a3ae6eb28a47558a6c10
ORG-OIL-KO84,Organic Sesame Oil,Oil,500g,963,6,Rau PLC Organic Farms,"067, Sarma Nagar, Kochi",Jaivik Bharat,ORG-OIL-KO84-20250709-ad59,09-07-2025,05-01-2026,10-07-2025,Pure Roots,"Pure Roots (RS Puram), Coimbatore",18,In Stock,6a2c799722c7b6ae2cc8c4a28cb9188f9e406f8fc593a6fc5e5624aa80e5acbb
ORG-OIL-KO84,Organic Sesame Oil,Oil,500g,963,6,Rau PLC Organic Farms,"067, Sarma Nagar, Kochi",Jaivik Bharat,ORG-OIL-KO84-20250726-hw54,26-07-2025,22-01-2026,05-08-2025,Green Mart,"Green Mart (Edappally), Ernakulam",31,In Stock,9d9b3e2d596c28291daef4b2d8d3b23336fb6aff22685724586b2e0c2f68a928
ORG-OIL-KO84,Organic Sesame Oil,Oil,500g,963,6,Rau PLC Organic Farms,"067, Sarma Nagar, Kochi",Jaivik Bharat,ORG-OIL-KO84-20250726-ox51,26-07-2025,22-01-2026,08-08-2025,Pure Roots,"Pure Roots (RS Puram), Coimbatore",7,Low Stock,ec4dadc6078af018c986f69250528e107bf90e01a7da3f561e580760d957bb6a
ORG-OIL-KO84,Organic Sesame Oil,Oil,500g,963,6,Rau PLC Organic Farms,"067, Sarma Nagar, Kochi",Jaivik Bharat,ORG-OIL-KO84-20250731-xx70,31-07-2025,27-01-2026,04-08-2025,Eco Friendly,"Eco Friendly (Gachibowli), Hyderabad",24,In Stock,5b58241f166274266e906623ce803e665a8b03b38dac4381df2c2825bb9f1b5d
ORG-OIL-KO84,Organic Sesame Oil,Oil,500g,963,6,Rau PLC Organic Farms,"067, Sarma Nagar, Kochi",Jaivik Bharat,ORG-OIL-KO84-20250707-we34,07-07-2025,03-01-2026,13-07-2025,Pure Roots,"Pure Roots (RS Puram), Coimbatore",7,Low Stock,b93821cb361c79fd36bb4c817f20afb32aeee2c487121ae62760ba7ed7b86ade
ORG-OIL-KO84,Organic Sesame Oil,Oil,500g,963,6,Rau PLC Organic Farms,"067, Sarma Nagar, Kochi",Jaivik Bharat,ORG-OIL-KO84-20250722-nR09,22-07-2025,18-01-2026,26-07-2025,Eco Store,"Eco Store (Mavoor Road), Kozhikode",2,Low Stock,adf2a4e42811642abf7171e602c24e65ec8aa301a253ef4c80a010884af2d463
ORG-OIL-KO84,Organic Sesame Oil,Oil,500g,963,6,Rau PLC Organic Farms,"067, Sarma Nagar, Kochi",Jaivik Bharat,ORG-OIL-KO84-20250722-UQ20,22-07-2025,18-01-2026,03-08-2025,Earthly Delights,"Earthly Delights (Koramangala), Bangalore",1,Low Stock,5161fd9af1d4bccde7dae6ea37f8d6d24470942723024d4433297b94a1226069
ORG-OIL-KO84,Organic Sesame Oil,Oil,500g,963,6,Rau PLC Organic Farms,"067, Sarma Nagar, Kochi",Jaivik Bharat,ORG-OIL-KO84-20250727-Zr42,27-07-2025,23-01-2026,11-08-2025,Namma Organic,"Namma Organic (Vijaynagar), Mysore",20,In Stock,5ebd01c1c23f11e7c15333b9ba00055d0f450280825ad323cc1f2bd4e27941aa
ORG-OIL-KO84,Organic Sesame Oil,Oil,500g,963,6,Rau PLC Organic Farms,"067, Sarma Nagar, Kochi",Jaivik Bharat,ORG-OIL-KO84-20250725-iJ02,25-07-2025,21-01-2026,03-08-2025,Organic Heaven,"Organic Heaven (Adyar), Chennai",50,In Stock,ef506a341e81d437955fa2ef874706c40694ea9dc75cb0be79d844b5c029ef9b
ORG-OIL-UG79,Organic Groundnut Oil,Oil,25 Bags,804,18,"Agarwal, Bali and Sood Organic Farms","H.No. 082, Aurora Zila, Vijayawada",Jaivik Bharat,ORG-OIL-UG79-20250423-Cx81,23-04-2025,15-10-2026,28-04-2025,Green Mart,"Green Mart (Edappally), Ernakulam",45,In Stock,ad801efde4b38ee2b065e6c79d52a4b8d3ddf201635b30ad7bd645beae919574
ORG-OIL-UG79,Organic Groundnut Oil,Oil,25 Bags,804,18,"Agarwal, Bali and Sood Organic Farms","H.No. 082, Aurora Zila, Vijayawada",Jaivik Bharat,ORG-OIL-UG79-20250117-At98,17-01-2025,11-07-2026,24-01-2025,Coastal Organics,"Coastal Organics (Beach Road), Visakhapatnam",46,In Stock,57b809c7a7a2ec1b61288db4d76a06c471ae9687f6aa4deaf9ff3ec01dd6896b
ORG-OIL-UG79,Organic Groundnut Oil,Oil,25 Bags,804,18,"Agarwal, Bali and Sood Organic Farms","H.No. 082, Aurora Zila, Vijayawada",Jaivik Bharat,ORG-OIL-UG79-20240919-tI19,19-09-2024,13-03-2026,29-09-2024,Green Valley,"Green Valley (Indiranagar), Bangalore",30,In Stock,abad65d0778528fc1e49dc660ebf18820aff2ff65750913815423f985a8ad1ad
ORG-OIL-UG79,Organic Groundnut Oil,Oil,25 Bags,804,18,"Agarwal, Bali and Sood Organic Farms","H.No. 082, Aurora Zila, Vijayawada",Jaivik Bharat,ORG-OIL-UG79-20241213-eg83,13-12-2024,06-06-2026,14-12-2024,Namma Organic,"Namma Organic (Vijaynagar), Mysore",46,In Stock,eb55d2985f49f450b389ddf3f18e591be575ec1888b3109b32a0568a2437d430
ORG-OIL-UG79,Organic Groundnut Oil,Oil,25 Bags,804,18,"Agarwal, Bali and Sood Organic Farms","H.No. 082, Aurora Zila, Vijayawada",Jaivik Bharat,ORG-OIL-UG79-20240715-qD70,15-07-2024,06-01-2026,20-07-2024,Coastal Organics,"Coastal Organics (Beach Road), Visakhapatnam",45,In Stock,87164595e4a704a94fed222561d50a8fd4396920e87f743df667acf9d2d929be
ORG-OIL-UG79,Organic Groundnut Oil,Oil,25 Bags,804,18,"Agarwal, Bali and Sood Organic Farms","H.No. 082, Aurora Zila, Vijayawada",Jaivik Bharat,ORG-OIL-UG79-20250131-iE81,31-01-2025,25-07-2026,01-02-2025,Green Valley,"Green Valley (Indiranagar), Bangalore",49,In Stock,a77de4bdc788121aa011ec841aa2c73da767f8a335c34a0d2b72ee188c4d8468
ORG-OIL-UG79,Organic Groundnut Oil,Oil,25 Bags,804,18,"Agarwal, Bali and Sood Organic Farms","H.No. 082, Aurora Zila, Vijayawada",Jaivik Bharat,ORG-OIL-UG79-20240714-tF12,14-07-2024,05-01-2026,21-07-2024,Namma Organic,"Namma Organic (Vijaynagar), Mysore",8,Low Stock,0bfb502c336c91e6136ef04012f07bd666b71fa82c9069678f8aefed409a3047
ORG-OIL-UG79,Organic Groundnut Oil,Oil,25 Bags,804,18,"Agarwal, Bali and Sood Organic Farms","H.No. 082, Aurora Zila, Vijayawada",Jaivik Bharat,ORG-OIL-UG79-20250418-vR60,18-04-2025,10-10-2026,27-04-2025,Pure Roots,"Pure Roots (RS Puram), Coimbatore",3,Low Stock,7a1eaf2c505c9ca86f8f89c38638bb63b33d589795ed4eccbe58f25cd26bd268
ORG-OIL-UG79,Organic Groundnut Oil,Oil,25 Bags,804,18,"Agarwal, Bali and Sood Organic Farms","H.No. 082, Aurora Zila, Vijayawada",Jaivik Bharat,ORG-OIL-UG79-20250405-eU99,05-04-2025,27-09-2026,08-04-2025,Fresh Harvest,"Fresh Harvest (T. Nagar), Chennai",7,Low Stock,edf04b48fe7e4c327976171bbd79b152b9394a773aaafc5a6f5726fa94eab927
ORG-OIL-UG79,Organic Groundnut Oil,Oil,25 Bags,804,18,"Agarwal, Bali and Sood Organic Farms","H.No. 082, Aurora Zila, Vijayawada",Jaivik Bharat,ORG-OIL-UG79-20240807-Tu53,07-08-2024,29-01-2026,18-08-2024,Namma Organic,"Namma Organic (Vijaynagar), Mysore",25,In Stock,24b4c35d3c11699dbaea0f54145dcf9c125d881655e1f1d7355de4dc92f69f79
ORG-OIL-UG79,Organic Groundnut Oil,Oil,25 Bags,804,18,"Agarwal, Bali and Sood Organic Farms","H.No. 082, Aurora Zila, Vijayawada",Jaivik Bharat,ORG-OIL-UG79-20250110-lC40,10-01-2025,04-07-2026,21-01-2025,Organic World,"Organic World (Kadavanthara), Ernakulam",30,In Stock,aab40e9aabea614dbcc21ee21efd005842368bf852cd800eed3100123f595c08
ORG-OIL-UG79,Organic Groundnut Oil,Oil,25 Bags,804,18,"Agarwal, Bali and Sood Organic Farms","H.No. 082, Aurora Zila, Vijayawada",Jaivik Bharat,ORG-OIL-UG79-20240731-Bu08,31-07-2024,22-01-2026,14-08-2024,Namma Organic,"Namma Organic (Vijaynagar), Mysore",18,In Stock,ea555a469ccbf0b22407b020f1dcae622a8683cb374ac9d1ba7fa19262c2cdbf
ORG-OIL-UG79,Organic Groundnut Oil,Oil,25 Bags,804,18,"Agarwal, Bali and Sood Organic Farms","H.No. 082, Aurora Zila, Vijayawada",Jaivik Bharat,ORG-OIL-UG79-20250316-am94,16-03-2025,07-09-2026,28-03-2025,Green Valley,"Green Valley (Indiranagar), Bangalore",1,Low Stock,e2bf28f0760ab04b4f597c12479c54364ff995afd82a8c4b4a2672c32bf57468
ORG-OIL-UG79,Organic Groundnut Oil,Oil,25 Bags,804,18,"Agarwal, Bali and Sood Organic Farms","H.No. 082, Aurora Zila, Vijayawada",Jaivik Bharat,ORG-OIL-UG79-20250329-Je13,29-03-2025,20-09-2026,03-04-2025,Pure Roots,"Pure Roots (RS Puram), Coimbatore",17,In Stock,ef21204b662096b479af0b0a5184c1e0d4d7db1ce6b55f826890111b10a01513
ORG-OIL-UG79,Organic Groundnut Oil,Oil,25 Bags,804,18,"Agarwal, Bali and Sood Organic Farms","H.No. 082, Aurora Zila, Vijayawada",Jaivik Bharat,ORG-OIL-UG79-20250225-kp74,25-02-2025,19-08-2026,12-03-2025,Pure Roots,"Pure Roots (RS Puram), Coimbatore",25,In Stock,0d74739fb04e5b40152cd046b18ef2e148ab056b7cbbe687a7db82bde3de8d31
ORG-OIL-UG79,Organic Groundnut Oil,Oil,25 Bags,804,18,"Agarwal, Bali and Sood Organic Farms","H.No. 082, Aurora Zila, Vijayawada",Jaivik Bharat,ORG-OIL-UG79-20240922-gP72,22-09-2024,16-03-2026,28-09-2024,Fresh Harvest,"Fresh Harvest (T. Nagar), Chennai",43,In Stock,a1dd47314c97a13565d5b0d88e3f02014f891282aae102515cb8db00ab332a4e
ORG-OIL-UG79,Organic Groundnut Oil,Oil,25 Bags,804,18,"Agarwal, Bali and Sood Organic Farms","H.No. 082, Aurora Zila, Vijayawada",Jaivik Bharat,ORG-OIL-UG79-20250316-hB77,16-03-2025,07-09-2026,20-03-2025,Coastal Organics,"Coastal Organics (Beach Road), Visakhapatnam",39,In Stock,a208c5107d80ace05a641ef82b52b50fc251fc33894177de348440cba9d54af1
ORG-OIL-UG79,Organic Groundnut Oil,Oil,25 Bags,804,18,"Agarwal, Bali and Sood Organic Farms","H.No. 082, Aurora Zila, Vijayawada",Jaivik Bharat,ORG-OIL-UG79-20250415-UQ02,15-04-2025,07-10-2026,28-04-2025,Green Mart,"Green Mart (Edappally), Ernakulam",2,Low Stock,0ca72f481c610d6685534b5d9da00bcd95235186da6f110dee1a1b96241ef5da
ORG-OIL-UG79,Organic Groundnut Oil,Oil,25 Bags,804,18,"Agarwal, Bali and Sood Organic Farms","H.No. 082, Aurora Zila, Vijayawada",Jaivik Bharat,ORG-OIL-UG79-20250124-EE36,24-01-2025,18-07-2026,26-01-2025,Coastal Organics,"Coastal Organics (Beach Road), Visakhapatnam",37,In Stock,beb5be9bbe086658a1ce604b0ebd9eed63e1253939d8191478703b22d17a89b1
ORG-OIL-UG79,Organic Groundnut Oil,Oil,25 Bags,804,18,"Agarwal, Bali and Sood Organic Farms","H.No. 082, Aurora Zila, Vijayawada",Jaivik Bharat,ORG-OIL-UG79-20241108-Wk10,08-11-2024,02-05-2026,15-11-2024,Coastal Organics,"Coastal Organics (Beach Road), Visakhapatnam",20,In Stock,a3bd1361e7d2da4e5dde556be342424a1f89cb3ef085dd88b2a921d4e0f0713c
ORG-OIL-UG79,Organic Groundnut Oil,Oil,25 Bags,804,18,"Agarwal, Bali and Sood Organic Farms","H.No. 082, Aurora Zila, Vijayawada",Jaivik Bharat,ORG-OIL-UG79-20241109-kI77,09-11-2024,03-05-2026,24-11-2024,Eco Store,"Eco Store (Mavoor Road), Kozhikode",43,In Stock,11433dd801d8e6dcc465f4c8ff4da59a93f5f1591988755224f05aa1956ab4c5
ORG-OIL-UG79,Organic Groundnut Oil,Oil,25 Bags,804,18,"Agarwal, Bali and Sood Organic Farms","H.No. 082, Aurora Zila, Vijayawada",Jaivik Bharat,ORG-OIL-UG79-20241119-HA28,19-11-2024,13-05-2026,23-11-2024,Pure Roots,"Pure Roots (RS Puram), Coimbatore",37,In Stock,a7256f56f8f99c4af9df02038721373a83c5cb754f2960545cd498d6676d8fab
ORG-OIL-UG79,Organic Groundnut Oil,Oil,25 Bags,804,18,"Agarwal, Bali and Sood Organic Farms","H.No. 082, Aurora Zila, Vijayawada",Jaivik Bharat,ORG-OIL-UG79-20250207-CV61,07-02-2025,01-08-2026,12-02-2025,Eco Store,"Eco Store (Mavoor Road), Kozhikode",16,In Stock,325b6f9688e2ccea8aa97a060ca7821eb33116a3fb09882104b894f0dae072c7
ORG-OIL-UG79,Organic Groundnut Oil,Oil,25 Bags,804,18,"Agarwal, Bali and Sood Organic Farms","H.No. 082, Aurora Zila, Vijayawada",Jaivik Bharat,ORG-OIL-UG79-20250415-Rt80,15-04-2025,07-10-2026,18-04-2025,Eco Friendly,"Eco Friendly (Gachibowli), Hyderabad",2,Low Stock,9ca9762565fbb849687bdb520f7936eb3609be661b3c91b7f236d3ec8eab65b5
ORG-OIL-UG79,Organic Groundnut Oil,Oil,25 Bags,804,18,"Agarwal, Bali and Sood Organic Farms","H.No. 082, Aurora Zila, Vijayawada",Jaivik Bharat,ORG-OIL-UG79-20240807-bV90,07-08-2024,29-01-2026,15-08-2024,Organic Heaven,"Organic Heaven (Adyar), Chennai",23,In Stock,b94bcd51b4f16e775fbc4101c57d257540ba2fcdb8a0bc3ffc0f15c312ca1387
ORG-OIL-UG79,Organic Groundnut Oil,Oil,25 Bags,804,18,"Agarwal, Bali and Sood Organic Farms","H.No. 082, Aurora Zila, Vijayawada",Jaivik Bharat,ORG-OIL-UG79-20241203-iX05,03-12-2024,27-05-2026,18-12-2024,Eco Store,"Eco Store (Mavoor Road), Kozhikode",7,Low Stock,c2674f00bdb958d619e74943c7ed867513cd94a4f68ea18f8eb03126a83f066c
ORG-OIL-UG79,Organic Groundnut Oil,Oil,25 Bags,804,18,"Agarwal, Bali and Sood Organic Farms","H.No. 082, Aurora Zila, Vijayawada",Jaivik Bharat,ORG-OIL-UG79-20241208-tg24,08-12-2024,01-06-2026,14-12-2024,Nature's Basket,"Nature's Basket (Kowdiar), Thiruvananthapuram",6,Low Stock,04cf7ccfb7aa4a1eb91b36c11d4bfdabb470045a436f9b1fd8ebdf5aec932f05
ORG-OIL-UG79,Organic Groundnut Oil,Oil,25 Bags,804,18,"Agarwal, Bali and Sood Organic Farms","H.No. 082, Aurora Zila, Vijayawada",Jaivik Bharat,ORG-OIL-UG79-20250506-qQ93,06-05-2025,28-10-2026,08-05-2025,Namma Organic,"Namma Organic (Vijaynagar), Mysore",29,In Stock,7618d5f1f07aac1feb35129f826fb95dd30b05f5ff92aa31164e47c1293b6f7c
ORG-OIL-UG79,Organic Groundnut Oil,Oil,25 Bags,804,18,"Agarwal, Bali and Sood Organic Farms","H.No. 082, Aurora Zila, Vijayawada",Jaivik Bharat,ORG-OIL-UG79-20250402-kE50,02-04-2025,24-09-2026,14-04-2025,Earthly Delights,"Earthly Delights (Koramangala), Bangalore",39,In Stock,f11fd4fc90a6e77644dc2c0c3eb3ceda6ca6a2d706390337ff55a5678c11a835
ORG-OIL-UG79,Organic Groundnut Oil,Oil,25 Bags,804,18,"Agarwal, Bali and Sood Organic Farms","H.No. 082, Aurora Zila, Vijayawada",Jaivik Bharat,ORG-OIL-UG79-20240714-QG32,14-07-2024,05-01-2026,23-07-2024,Nature's Basket,"Nature's Basket (Kowdiar), Thiruvananthapuram",50,In Stock,c7a4630b96b989ba0d5552e1ae511f1686cfd4c23d9c59d65e5c884360e1f185
ORG-OIL-UG79,Organic Groundnut Oil,Oil,25 Bags,804,18,"Agarwal, Bali and Sood Organic Farms","H.No. 082, Aurora Zila, Vijayawada",Jaivik Bharat,ORG-OIL-UG79-20241211-Gu89,11-12-2024,04-06-2026,25-12-2024,Pure Roots,"Pure Roots (RS Puram), Coimbatore",30,In Stock,61de9b35497ef996dc29e05c0b121a9057ff116812cb98e25f30b7ad6fa3ff5e
ORG-OIL-UG79,Organic Groundnut Oil,Oil,25 Bags,804,18,"Agarwal, Bali and Sood Organic Farms","H.No. 082, Aurora Zila, Vijayawada",Jaivik Bharat,ORG-OIL-UG79-20241121-Mg92,21-11-2024,15-05-2026,22-11-2024,Nature's Basket,"Nature's Basket (Kowdiar), Thiruvananthapuram",46,In Stock,e651467f392ccd143771d34d922af8bb51dfdc840357b8d780bd7ab7923ab354
ORG-OIL-UG79,Organic Groundnut Oil,Oil,25 Bags,804,18,"Agarwal, Bali and Sood Organic Farms","H.No. 082, Aurora Zila, Vijayawada",Jaivik Bharat,ORG-OIL-UG79-20250127-qA86,27-01-2025,21-07-2026,07-02-2025,Pure Roots,"Pure Roots (RS Puram), Coimbatore",49,In Stock,bf20d6cf1a80a69afa1ae9ee1a8288ae01f0ac80c0435a6487556bc581c39ec9
ORG-OIL-UG79,Organic Groundnut Oil,Oil,25 Bags,804,18,"Agarwal, Bali and Sood Organic Farms","H.No. 082, Aurora Zila, Vijayawada",Jaivik Bharat,ORG-OIL-UG79-20240805-he51,05-08-2024,27-01-2026,10-08-2024,Organic Heaven,"Organic Heaven (Adyar), Chennai",50,In Stock,c9eab10cc039bef70dfa4815cd2624b0f6bdabe2a3b86f56986014789c5e0403
ORG-OIL-UG79,Organic Groundnut Oil,Oil,25 Bags,804,18,"Agarwal, Bali and Sood Organic Farms","H.No. 082, Aurora Zila, Vijayawada",Jaivik Bharat,ORG-OIL-UG79-20250411-ya17,11-04-2025,03-10-2026,21-04-2025,Farm Fresh,"Farm Fresh (Vytilla), Ernakulam",31,In Stock,5394bb8289b653f5ea576ee45d0e6e3eb748b198d4647c14a218394815d3987e
ORG-OIL-UG79,Organic Groundnut Oil,Oil,25 Bags,804,18,"Agarwal, Bali and Sood Organic Farms","H.No. 082, Aurora Zila, Vijayawada",Jaivik Bharat,ORG-OIL-UG79-20240726-Rr46,26-07-2024,17-01-2026,08-08-2024,Coastal Organics,"Coastal Organics (Beach Road), Visakhapatnam",48,In Stock,854130c88976d447ab837b08c5867dfd65534547199f1dd047092904722666ac
ORG-OIL-UG79,Organic Groundnut Oil,Oil,25 Bags,804,18,"Agarwal, Bali and Sood Organic Farms","H.No. 082, Aurora Zila, Vijayawada",Jaivik Bharat,ORG-OIL-UG79-20241021-mO15,21-10-2024,14-04-2026,30-10-2024,Coastal Organics,"Coastal Organics (Beach Road), Visakhapatnam",32,In Stock,60bf6a1b5ef31a858b2e165ce8e340b6b4370229dfda42eed46ad51e7a44e10f
ORG-OIL-UG79,Organic Groundnut Oil,Oil,25 Bags,804,18,"Agarwal, Bali and Sood Organic Farms","H.No. 082, Aurora Zila, Vijayawada",Jaivik Bharat,ORG-OIL-UG79-20240904-So30,04-09-2024,26-02-2026,16-09-2024,Namma Organic,"Namma Organic (Vijaynagar), Mysore",30,In Stock,49ed3cea9fabee5ba07ced866bd99463bab2ede737bb8f15f675177c292e2557
ORG-OIL-UG79,Organic Groundnut Oil,Oil,25 Bags,804,18,"Agarwal, Bali and Sood Organic Farms","H.No. 082, Aurora Zila, Vijayawada",Jaivik Bharat,ORG-OIL-UG79-20241114-Ca03,14-11-2024,08-05-2026,17-11-2024,Green Mart,"Green Mart (Edappally), Ernakulam",10,Low Stock,8bac41bb1d6766f0f1f175e6801b3699e124593eaf16ecd75e5f9fb6a574b104
ORG-OIL-UG79,Organic Groundnut Oil,Oil,25 Bags,804,18,"Agarwal, Bali and Sood Organic Farms","H.No. 082, Aurora Zila, Vijayawada",Jaivik Bharat,ORG-OIL-UG79-20240808-MY15,08-08-2024,30-01-2026,15-08-2024,Organic World,"Organic World (Kadavanthara), Ernakulam",12,In Stock,b1e2fbee21d41bed2d6b32c1dde9d76eb5b398de81af8de1340ca9596fb6bf18
ORG-OIL-UG79,Organic Groundnut Oil,Oil,25 Bags,804,18,"Agarwal, Bali and Sood Organic Farms","H.No. 082, Aurora Zila, Vijayawada",Jaivik Bharat,ORG-OIL-UG79-20240802-Nz66,02-08-2024,24-01-2026,04-08-2024,Namma Organic,"Namma Organic (Vijaynagar), Mysore",45,In Stock,0159865f2e42e269de43e92a5b57492a3b6f4d081c3413965281816b7addf265
ORG-OIL-UG79,Organic Groundnut Oil,Oil,25 Bags,804,18,"Agarwal, Bali and Sood Organic Farms","H.No. 082, Aurora Zila, Vijayawada",Jaivik Bharat,ORG-OIL-UG79-20250310-qd73,10-03-2025,01-09-2026,24-03-2025,Pure Roots,"Pure Roots (RS Puram), Coimbatore",38,In Stock,3310218512012ae0d31ce5186b191edcbfddcb0e89a72dbc6b75b98f291df560
ORG-OIL-UG79,Organic Groundnut Oil,Oil,25 Bags,804,18,"Agarwal, Bali and Sood Organic Farms","H.No. 082, Aurora Zila, Vijayawada",Jaivik Bharat,ORG-OIL-UG79-20241212-IB22,12-12-2024,05-06-2026,14-12-2024,Pure Roots,"Pure Roots (RS Puram), Coimbatore",26,In Stock,0864ba56e1b847532295eca2703eec7843ef17033b87f18161036549cdb263d4
ORG-OIL-UG79,Organic Groundnut Oil,Oil,25 Bags,804,18,"Agarwal, Bali and Sood Organic Farms","H.No. 082, Aurora Zila, Vijayawada",Jaivik Bharat,ORG-OIL-UG79-20250502-Fq74,02-05-2025,24-10-2026,14-05-2025,Fresh Harvest,"Fresh Harvest (T. Nagar), Chennai",30,In Stock,b880e5fce84848acbcd391c630503301dd8d96b3c255917c7e755c1155f5b66e
ORG-OIL-UG79,Organic Groundnut Oil,Oil,25 Bags,804,18,"Agarwal, Bali and Sood Organic Farms","H.No. 082, Aurora Zila, Vijayawada",Jaivik Bharat,ORG-OIL-UG79-20250130-VH62,30-01-2025,24-07-2026,10-02-2025,Eco Friendly,"Eco Friendly (Gachibowli), Hyderabad",2,Low Stock,4630a2d4106c2edd966479aa3b865d4c529ac8363545ff50642afaeb201e7240
ORG-OIL-UG79,Organic Groundnut Oil,Oil,25 Bags,804,18,"Agarwal, Bali and Sood Organic Farms","H.No. 082, Aurora Zila, Vijayawada",Jaivik Bharat,ORG-OIL-UG79-20250112-Gt34,12-01-2025,06-07-2026,20-01-2025,Earthly Delights,"Earthly Delights (Koramangala), Bangalore",10,Low Stock,6cb63297aa4d208f1bf3a183977b9642bcbe55ba7175bcc1cb40d8c1ac0873fa
ORG-OIL-UG79,Organic Groundnut Oil,Oil,25 Bags,804,18,"Agarwal, Bali and Sood Organic Farms","H.No. 082, Aurora Zila, Vijayawada",Jaivik Bharat,ORG-OIL-UG79-20250102-ay32,02-01-2025,26-06-2026,12-01-2025,Namma Organic,"Namma Organic (Vijaynagar), Mysore",33,In Stock,5b5b226788274cf67bf4abaef3ba08de7b86beb5b00b11f30b6fdbb8ab61d596
ORG-OIL-UG79,Organic Groundnut Oil,Oil,25 Bags,804,18,"Agarwal, Bali and Sood Organic Farms","H.No. 082, Aurora Zila, Vijayawada",Jaivik Bharat,ORG-OIL-UG79-20250321-ib78,21-03-2025,12-09-2026,01-04-2025,Nature's Basket,"Nature's Basket (Kowdiar), Thiruvananthapuram",2,Low Stock,6d3216234d7fea1c27cbf561c54ebafcf2c65b5de0524d021237a3f756c361db
ORG-OIL-UG79,Organic Groundnut Oil,Oil,25 Bags,804,18,"Agarwal, Bali and Sood Organic Farms","H.No. 082, Aurora Zila, Vijayawada",Jaivik Bharat,ORG-OIL-UG79-20250318-si47,18-03-2025,09-09-2026,27-03-2025,Namma Organic,"Namma Organic (Vijaynagar), Mysore",25,In Stock,0f05f485dd6bc27340657cecada2ea3e3dee940f3d9b1b77031e13c41d2a648e
ORG-OIL-UG79,Organic Groundnut Oil,Oil,25 Bags,804,18,"Agarwal, Bali and Sood Organic Farms","H.No. 082, Aurora Zila, Vijayawada",Jaivik Bharat,ORG-OIL-UG79-20240731-by09,31-07-2024,22-01-2026,10-08-2024,Pure Roots,"Pure Roots (RS Puram), Coimbatore",28,In Stock,131716fcc822022c2d237bba846c079c00b5657185461f03beb836afc403627f
ORG-HON-XH71,Organic Wild Forest Honey,Honey,250g,805,18,Ram-Sengupta Organic Farms,"293, Vasa Street, Visakhapatnam",India Organic,ORG-HON-XH71-20250210-Xa15,10-02-2025,04-08-2026,19-02-2025,Coastal Organics,"Coastal Organics (Beach Road), Visakhapatnam",13,In Stock,3ae8f84c83c31cbdf2433156f4e50d5027fcaabbd7a2dc03726b0d9d26c906b9
ORG-HON-XH71,Organic Wild Forest Honey,Honey,250g,805,18,Ram-Sengupta Organic Farms,"293, Vasa Street, Visakhapatnam",India Organic,ORG-HON-XH71-20241008-fh17,08-10-2024,01-04-2026,12-10-2024,Coastal Organics,"Coastal Organics (Beach Road), Visakhapatnam",12,In Stock,3250866bd55007d9b2b9e2fb76ed8a9ac09139b22dec6d8e0432ff0de8e72092
ORG-HON-XH71,Organic Wild Forest Honey,Honey,250g,805,18,Ram-Sengupta Organic Farms,"293, Vasa Street, Visakhapatnam",India Organic,ORG-HON-XH71-20250204-wK03,04-02-2025,29-07-2026,08-02-2025,Earthly Delights,"Earthly Delights (Koramangala), Bangalore",46,In Stock,fe8784bf65d9eb58fdcff21c06c2ef4f7dba139ba65ed9c552ab6400f4bdc785
ORG-HON-XH71,Organic Wild Forest Honey,Honey,250g,805,18,Ram-Sengupta Organic Farms,"293, Vasa Street, Visakhapatnam",India Organic,ORG-HON-XH71-20240924-IW82,24-09-2024,18-03-2026,04-10-2024,Nature's Basket,"Nature's Basket (Kowdiar), Thiruvananthapuram",14,In Stock,5f3208ae52fa6abf87e5fcc034159dbe1f40ee32f9ba9c435478ef0fa4817dd8
ORG-HON-XH71,Organic Wild Forest Honey,Honey,250g,805,18,Ram-Sengupta Organic Farms,"293, Vasa Street, Visakhapatnam",India Organic,ORG-HON-XH71-20241204-Ay44,04-12-2024,28-05-2026,07-12-2024,Nature's Basket,"Nature's Basket (Kowdiar), Thiruvananthapuram",15,In Stock,ae6635f8c732f1befa853e56b039a4a3bbf0cfc5a47459238dffa0fb39989c4d
ORG-HON-XH71,Organic Wild Forest Honey,Honey,250g,805,18,Ram-Sengupta Organic Farms,"293, Vasa Street, Visakhapatnam",India Organic,ORG-HON-XH71-20250309-Fi03,09-03-2025,31-08-2026,15-03-2025,Green Mart,"Green Mart (Edappally), Ernakulam",2,Low Stock,b086d4de2a1d6fa36738403e414944c0bf36b52364f7b8f41e7d910cac04812f
ORG-HON-XH71,Organic Wild Forest Honey,Honey,250g,805,18,Ram-Sengupta Organic Farms,"293, Vasa Street, Visakhapatnam",India Organic,ORG-HON-XH71-20250121-Fo29,21-01-2025,15-07-2026,02-02-2025,Namma Organic,"Namma Organic (Vijaynagar), Mysore",15,In Stock,bbcd518ef9ad4482929219dc4018907790f3edba59f68d6619fbf0f583db7cd7
ORG-HON-XH71,Organic Wild Forest Honey,Honey,250g,805,18,Ram-Sengupta Organic Farms,"293, Vasa Street, Visakhapatnam",India Organic,ORG-HON-XH71-20240813-Rv70,13-08-2024,04-02-2026,21-08-2024,Nature's Basket,"Nature's Basket (Kowdiar), Thiruvananthapuram",22,In Stock,a0055cf4219fa63fa88cf30d21f865f1473ce7a1f5d9887790b3efbdf4587e0f
ORG-HON-XH71,Organic Wild Forest Honey,Honey,250g,805,18,Ram-Sengupta Organic Farms,"293, Vasa Street, Visakhapatnam",India Organic,ORG-HON-XH71-20250421-Wl55,21-04-2025,13-10-2026,24-04-2025,Coastal Organics,"Coastal Organics (Beach Road), Visakhapatnam",34,In Stock,6a67e8902e2bafbf22cb99da3276edf9a0040ec5a16420796eb4a1a74142e982
ORG-HON-XH71,Organic Wild Forest Honey,Honey,250g,805,18,Ram-Sengupta Organic Farms,"293, Vasa Street, Visakhapatnam",India Organic,ORG-HON-XH71-20250301-FK51,01-03-2025,23-08-2026,12-03-2025,Farm Fresh,"Farm Fresh (Vytilla), Ernakulam",43,In Stock,39b11730a24ec1448995e809383c71fa333873a0cf673370d4d9b575720ac525
ORG-HON-XH71,Organic Wild Forest Honey,Honey,250g,805,18,Ram-Sengupta Organic Farms,"293, Vasa Street, Visakhapatnam",India Organic,ORG-HON-XH71-20250101-CN04,01-01-2025,25-06-2026,04-01-2025,Namma Organic,"Namma Organic (Vijaynagar), Mysore",49,In Stock,bc80ff8770ccc3cfa9406f93f867a8dc12d676ab815e31cc63fc98e0b558f2a5
ORG-HON-XH71,Organic Wild Forest Honey,Honey,250g,805,18,Ram-Sengupta Organic Farms,"293, Vasa Street, Visakhapatnam",India Organic,ORG-HON-XH71-20240717-Jz43,17-07-2024,08-01-2026,27-07-2024,Namma Organic,"Namma Organic (Vijaynagar), Mysore",49,In Stock,f92c7e1f0118f18d8f672492780a0e7dd29c7af1e03ab44934aa70bba6a0e27a
ORG-HON-XH71,Organic Wild Forest Honey,Honey,250g,805,18,Ram-Sengupta Organic Farms,"293, Vasa Street, Visakhapatnam",India Organic,ORG-HON-XH71-20240712-vL26,12-07-2024,03-01-2026,13-07-2024,Organic Heaven,"Organic Heaven (Adyar), Chennai",32,In Stock,01aa2bd10cac53f29e6b5a663bf9750402f4de713fd3a10b6f7e377487ec9582
ORG-HON-XH71,Organic Wild Forest Honey,Honey,250g,805,18,Ram-Sengupta Organic Farms,"293, Vasa Street, Visakhapatnam",India Organic,ORG-HON-XH71-20250411-AY65,11-04-2025,03-10-2026,17-04-2025,Coastal Organics,"Coastal Organics (Beach Road), Visakhapatnam",12,In Stock,42f44a492156efec1b58ac588b3481ec0883f3b57cdba9eb7cdd5c749134cf19
ORG-HON-XH71,Organic Wild Forest Honey,Honey,250g,805,18,Ram-Sengupta Organic Farms,"293, Vasa Street, Visakhapatnam",India Organic,ORG-HON-XH71-20250216-vt17,16-02-2025,10-08-2026,17-02-2025,Nature's Basket,"Nature's Basket (Kowdiar), Thiruvananthapuram",15,In Stock,23bbca1309a2d9e2ca83f5e827277e0522c8cef448f5ab1886d2689eca3e1022
ORG-HON-XH71,Organic Wild Forest Honey,Honey,250g,805,18,Ram-Sengupta Organic Farms,"293, Vasa Street, Visakhapatnam",India Organic,ORG-HON-XH71-20240710-YQ31,10-07-2024,01-01-2026,22-07-2024,Earthly Delights,"Earthly Delights (Koramangala), Bangalore",29,In Stock,332d98e3a1ed9f5a876535be290fc02dda1b9243cf95c77934a99eb766cf4b00
ORG-HON-XH71,Organic Wild Forest Honey,Honey,250g,805,18,Ram-Sengupta Organic Farms,"293, Vasa Street, Visakhapatnam",India Organic,ORG-HON-XH71-20250505-DU75,05-05-2025,27-10-2026,16-05-2025,Organic Heaven,"Organic Heaven (Adyar), Chennai",45,In Stock,589bb2b31ab6ddff343662f1196f285a605cbefc123c7f3adbf7fd3c466b8005
ORG-HON-XH71,Organic Wild Forest Honey,Honey,250g,805,18,Ram-Sengupta Organic Farms,"293, Vasa Street, Visakhapatnam",India Organic,ORG-HON-XH71-20250413-Os72,13-04-2025,05-10-2026,18-04-2025,Organic Heaven,"Organic Heaven (Adyar), Chennai",2,Low Stock,b8b908a2f38ec439097efabf6fd26a1d3e65e42e66419237238072bda1a84f0d
ORG-HON-XH71,Organic Wild Forest Honey,Honey,250g,805,18,Ram-Sengupta Organic Farms,"293, Vasa Street, Visakhapatnam",India Organic,ORG-HON-XH71-20241011-nh77,11-10-2024,04-04-2026,26-10-2024,Green Fields,"Green Fields (Banjara Hills), Hyderabad",43,In Stock,e212e0b9cb6c55667fa6df34482920a32cc99082c6d7533036dc25598c145c54
ORG-HON-XH71,Organic Wild Forest Honey,Honey,250g,805,18,Ram-Sengupta Organic Farms,"293, Vasa Street, Visakhapatnam",India Organic,ORG-HON-XH71-20241204-Wl35,04-12-2024,28-05-2026,16-12-2024,Eco Store,"Eco Store (Mavoor Road), Kozhikode",4,Low Stock,104fdd2da58219585e18236c6ae8b06169850889f3b9ad0d269637ee016d0ebe
ORG-HON-XH71,Organic Wild Forest Honey,Honey,250g,805,18,Ram-Sengupta Organic Farms,"293, Vasa Street, Visakhapatnam",India Organic,ORG-HON-XH71-20250213-XR65,13-02-2025,07-08-2026,26-02-2025,Nature's Basket,"Nature's Basket (Kowdiar), Thiruvananthapuram",29,In Stock,c41660fc89c1b4b9f5d46733af09aae3981c3ee82020be762ca60677c0cb8815
ORG-HON-XH71,Organic Wild Forest Honey,Honey,250g,805,18,Ram-Sengupta Organic Farms,"293, Vasa Street, Visakhapatnam",India Organic,ORG-HON-XH71-20240930-XU56,30-09-2024,24-03-2026,06-10-2024,Nature's Basket,"Nature's Basket (Kowdiar), Thiruvananthapuram",9,Low Stock,97d86c50ddb47af56fa6254cf452c090281f06dbf9b52aee26b545ff7958cb06
ORG-HON-XH71,Organic Wild Forest Honey,Honey,250g,805,18,Ram-Sengupta Organic Farms,"293, Vasa Street, Visakhapatnam",India Organic,ORG-HON-XH71-20240905-LM90,05-09-2024,27-02-2026,07-09-2024,Namma Organic,"Namma Organic (Vijaynagar), Mysore",1,Low Stock,1b15d1150aeeacbd291b2c26731bef14f67c30e00aefb92bba5f931da2b2a820
ORG-HON-XH71,Organic Wild Forest Honey,Honey,250g,805,18,Ram-Sengupta Organic Farms,"293, Vasa Street, Visakhapatnam",India Organic,ORG-HON-XH71-20250110-QF75,10-01-2025,04-07-2026,16-01-2025,Farm Fresh,"Farm Fresh (Vytilla), Ernakulam",50,In Stock,b4dcc313fd5684fb34815c8b8f5bfed30abb8453929b0f85cd6fea0a58e42f82
ORG-HON-XH71,Organic Wild Forest Honey,Honey,250g,805,18,Ram-Sengupta Organic Farms,"293, Vasa Street, Visakhapatnam",India Organic,ORG-HON-XH71-20240806-hm32,06-08-2024,28-01-2026,20-08-2024,Organic Heaven,"Organic Heaven (Adyar), Chennai",45,In Stock,b0a32ae0466dd12d448ad95e5e2673b1194cea17f986c09915393b11d85e656a
ORG-HON-XH71,Organic Wild Forest Honey,Honey,250g,805,18,Ram-Sengupta Organic Farms,"293, Vasa Street, Visakhapatnam",India Organic,ORG-HON-XH71-20250327-jr60,27-03-2025,18-09-2026,07-04-2025,Eco Store,"Eco Store (Mavoor Road), Kozhikode",3,Low Stock,e45c4348742748d05744ac72ae2db107990e7a16aad9bacbd8c41c3e8087c4e0
ORG-HON-XH71,Organic Wild Forest Honey,Honey,250g,805,18,Ram-Sengupta Organic Farms,"293, Vasa Street, Visakhapatnam",India Organic,ORG-HON-XH71-20240727-wS29,27-07-2024,18-01-2026,09-08-2024,Eco Friendly,"Eco Friendly (Gachibowli), Hyderabad",21,In Stock,807af47b7e4d9fd2837873c9ecc4ee747c94b0f8dbcb0fce4f6a5f120f8eec38
ORG-HON-XH71,Organic Wild Forest Honey,Honey,250g,805,18,Ram-Sengupta Organic Farms,"293, Vasa Street, Visakhapatnam",India Organic,ORG-HON-XH71-20241105-Mr71,05-11-2024,29-04-2026,13-11-2024,Nature's Basket,"Nature's Basket (Kowdiar), Thiruvananthapuram",38,In Stock,fc7877e51afbb81748107117a777858a713d3edce8947a2f1b3d95ef51ec5083
ORG-HON-XH71,Organic Wild Forest Honey,Honey,250g,805,18,Ram-Sengupta Organic Farms,"293, Vasa Street, Visakhapatnam",India Organic,ORG-HON-XH71-20250102-MV60,02-01-2025,26-06-2026,07-01-2025,Pure Roots,"Pure Roots (RS Puram), Coimbatore",44,In Stock,f20511f6fd06ab291514f26f8f9515ab72ea4c48e8f3d7dfe324944248394262
ORG-HON-XH71,Organic Wild Forest Honey,Honey,250g,805,18,Ram-Sengupta Organic Farms,"293, Vasa Street, Visakhapatnam",India Organic,ORG-HON-XH71-20240710-Al22,10-07-2024,01-01-2026,14-07-2024,Fresh Harvest,"Fresh Harvest (T. Nagar), Chennai",44,In Stock,e1e7161fed82014535e1062b4255a0961137be95b79738f5341a5a0bd321f20e
ORG-HON-XH71,Organic Wild Forest Honey,Honey,250g,805,18,Ram-Sengupta Organic Farms,"293, Vasa Street, Visakhapatnam",India Organic,ORG-HON-XH71-20240818-qd65,18-08-2024,09-02-2026,30-08-2024,Namma Organic,"Namma Organic (Vijaynagar), Mysore",23,In Stock,25f6001fbcb09991885ea943c944cd3a5bd2c59badf7b766def8c876326360ed
ORG-HON-XH71,Organic Wild Forest Honey,Honey,250g,805,18,Ram-Sengupta Organic Farms,"293, Vasa Street, Visakhapatnam",India Organic,ORG-HON-XH71-20241211-rW13,11-12-2024,04-06-2026,17-12-2024,Organic Heaven,"Organic Heaven (Adyar), Chennai",37,In Stock,099ec071520fc40e475016d4166f6ed76c9748ef2b1e71568d920fa2fb1cf543
ORG-HON-XH71,Organic Wild Forest Honey,Honey,250g,805,18,Ram-Sengupta Organic Farms,"293, Vasa Street, Visakhapatnam",India Organic,ORG-HON-XH71-20240719-FB32,19-07-2024,10-01-2026,28-07-2024,Namma Organic,"Namma Organic (Vijaynagar), Mysore",34,In Stock,f7f821ef7dd31c4757fb678cf915df56f3500f83f632860ad384f09dc93b4655
ORG-HON-XH71,Organic Wild Forest Honey,Honey,250g,805,18,Ram-Sengupta Organic Farms,"293, Vasa Street, Visakhapatnam",India Organic,ORG-HON-XH71-20250101-yg04,01-01-2025,25-06-2026,03-01-2025,Nature's Basket,"Nature's Basket (Kowdiar), Thiruvananthapuram",19,In Stock,7f556a7294b9fada84cb131c97b0aa01b717ce7037b736bb30daea1957aa93df
ORG-HON-XH71,Organic Wild Forest Honey,Honey,250g,805,18,Ram-Sengupta Organic Farms,"293, Vasa Street, Visakhapatnam",India Organic,ORG-HON-XH71-20250301-gw38,01-03-2025,23-08-2026,05-03-2025,Fresh Harvest,"Fresh Harvest (T. Nagar), Chennai",23,In Stock,7e68ab140f48a89ad91c17c974dc560b9175e9d628461cf8848a14a8ecac8b4b
ORG-HON-XH71,Organic Wild Forest Honey,Honey,250g,805,18,Ram-Sengupta Organic Farms,"293, Vasa Street, Visakhapatnam",India Organic,ORG-HON-XH71-20250429-rD99,29-04-2025,21-10-2026,13-05-2025,Fresh Harvest,"Fresh Harvest (T. Nagar), Chennai",0,Out of Stock,8842479c5a91a3b5640fc5670ceecebfbb880a4c585ccc8e4e938eed61d1574d
ORG-HON-XH71,Organic Wild Forest Honey,Honey,250g,805,18,Ram-Sengupta Organic Farms,"293, Vasa Street, Visakhapatnam",India Organic,ORG-HON-XH71-20250210-me80,10-02-2025,04-08-2026,22-02-2025,Namma Organic,"Namma Organic (Vijaynagar), Mysore",4,Low Stock,d7c76c82ea8cf0fadfb55240b702c9fc4a63cfed714217e95a70abbad7fe9dc9
ORG-HON-XH71,Organic Wild Forest Honey,Honey,250g,805,18,Ram-Sengupta Organic Farms,"293, Vasa Street, Visakhapatnam",India Organic,ORG-HON-XH71-20240914-UV44,14-09-2024,08-03-2026,15-09-2024,Earthly Delights,"Earthly Delights (Koramangala), Bangalore",13,In Stock,b39d74e3d34a62bf47bae6b4c98bbe1ae4a7416470f7d73f637eee26972d330f
ORG-HON-XH71,Organic Wild Forest Honey,Honey,250g,805,18,Ram-Sengupta Organic Farms,"293, Vasa Street, Visakhapatnam",India Organic,ORG-HON-XH71-20240711-Bc48,11-07-2024,02-01-2026,21-07-2024,Coastal Organics,"Coastal Organics (Beach Road), Visakhapatnam",17,In Stock,1bacd0a477e299331e2cde2d77feae167456bb133513a323d0adbbe2604e4721
ORG-HON-XH71,Organic Wild Forest Honey,Honey,250g,805,18,Ram-Sengupta Organic Farms,"293, Vasa Street, Visakhapatnam",India Organic,ORG-HON-XH71-20241118-bA33,18-11-2024,12-05-2026,28-11-2024,Organic World,"Organic World (Kadavanthara), Ernakulam",21,In Stock,246b59fe4e0aeb816a5d5d4afff39cd801c4c0a1d9a67c1f4ca30dc779de9075
ORG-HON-XH71,Organic Wild Forest Honey,Honey,250g,805,18,Ram-Sengupta Organic Farms,"293, Vasa Street, Visakhapatnam",India Organic,ORG-HON-XH71-20250208-CI36,08-02-2025,02-08-2026,23-02-2025,Coastal Organics,"Coastal Organics (Beach Road), Visakhapatnam",42,In Stock,24035f4f8ba5ce34e1cda41a0b4d0b17b33b7bd12e7c6fb84500337c97405a5b
ORG-HON-XH71,Organic Wild Forest Honey,Honey,250g,805,18,Ram-Sengupta Organic Farms,"293, Vasa Street, Visakhapatnam",India Organic,ORG-HON-XH71-20241106-iH09,06-11-2024,30-04-2026,20-11-2024,Namma Organic,"Namma Organic (Vijaynagar), Mysore",6,Low Stock,bdba8053fbb08108f0030b68ca78870cf79abf4e34a6db7bb3c7767ab5ba3c95
ORG-HON-XH71,Organic Wild Forest Honey,Honey,250g,805,18,Ram-Sengupta Organic Farms,"293, Vasa Street, Visakhapatnam",India Organic,ORG-HON-XH71-20250410-ar50,10-04-2025,02-10-2026,21-04-2025,Organic Heaven,"Organic Heaven (Adyar), Chennai",32,In Stock,77b21887c41eec639dd9d67c8594f0091a8127ae973db8df6be4fc84228c5a98
ORG-HON-XH71,Organic Wild Forest Honey,Honey,250g,805,18,Ram-Sengupta Organic Farms,"293, Vasa Street, Visakhapatnam",India Organic,ORG-HON-XH71-20241008-BJ46,08-10-2024,01-04-2026,10-10-2024,Eco Store,"Eco Store (Mavoor Road), Kozhikode",12,In Stock,6608e290b6a6b5ebe101f5aca9413d5657b35095341cbcbabcab0d2fccb7a197
ORG-HON-XH71,Organic Wild Forest Honey,Honey,250g,805,18,Ram-Sengupta Organic Farms,"293, Vasa Street, Visakhapatnam",India Organic,ORG-HON-XH71-20240716-mL19,16-07-2024,07-01-2026,23-07-2024,Organic World,"Organic World (Kadavanthara), Ernakulam",48,In Stock,8e4d6914815f2cc036d41ea699d4895efb9819b2d08d24d93c7abbfe32b1a2fd
ORG-HON-XH71,Organic Wild Forest Honey,Honey,250g,805,18,Ram-Sengupta Organic Farms,"293, Vasa Street, Visakhapatnam",India Organic,ORG-HON-XH71-20250502-GN52,02-05-2025,24-10-2026,10-05-2025,Organic Heaven,"Organic Heaven (Adyar), Chennai",47,In Stock,1e36ce2a707658070dece1599be4c9a5d9f6eef0a99467d0758f949d7dbca2c2
ORG-HON-XH71,Organic Wild Forest Honey,Honey,250g,805,18,Ram-Sengupta Organic Farms,"293, Vasa Street, Visakhapatnam",India Organic,ORG-HON-XH71-20250306-Vm32,06-03-2025,28-08-2026,20-03-2025,Green Valley,"Green Valley (Indiranagar), Bangalore",19,In Stock,1ad80cb057eb3e4a06fa59084d6e170ae606626339f05c590bca90005ae7d574
ORG-HON-XH71,Organic Wild Forest Honey,Honey,250g,805,18,Ram-Sengupta Organic Farms,"293, Vasa Street, Visakhapatnam",India Organic,ORG-HON-XH71-20241105-HO94,05-11-2024,29-04-2026,20-11-2024,Pure Roots,"Pure Roots (RS Puram), Coimbatore",34,In Stock,d1fe2fe99c5583884ee315266415141bcbf3bef9e2117ab9c7fa6fa77a231d9d
ORG-HON-XH71,Organic Wild Forest Honey,Honey,250g,805,18,Ram-Sengupta Organic Farms,"293, Vasa Street, Visakhapatnam",India Organic,ORG-HON-XH71-20241110-wo22,10-11-2024,04-05-2026,17-11-2024,Pure Roots,"Pure Roots (RS Puram), Coimbatore",4,Low Stock,42437c6dc64179234ecf471803534f2fb43fc5e28e1f23f24241083af113ce9f
ORG-HON-XH71,Organic Wild Forest Honey,Honey,250g,805,18,Ram-Sengupta Organic Farms,"293, Vasa Street, Visakhapatnam",India Organic,ORG-HON-XH71-20250324-WH27,24-03-2025,15-09-2026,27-03-2025,Organic Heaven,"Organic Heaven (Adyar), Chennai",23,In Stock,4a759884992bfb1074d8479b5aeed6c13febd6ca3433cc052c5a571593320169
ORG-HON-EJ94,Organic Multi-Floral Honey,Honey,1L,514,12,"Dasgupta, Kara and Tank Organic Farms","23/541, Sekhon Zila, Visakhapatnam",USDA Organic,ORG-HON-EJ94-20250306-qc92,06-03-2025,01-03-2026,11-03-2025,Farm Fresh,"Farm Fresh (Vytilla), Ernakulam",16,In Stock,362c6ccba1834e0b656d1663491aea4d9031de13d8db05eb7027fea6866966ce
ORG-HON-EJ94,Organic Multi-Floral Honey,Honey,1L,514,12,"Dasgupta, Kara and Tank Organic Farms","23/541, Sekhon Zila, Visakhapatnam",USDA Organic,ORG-HON-EJ94-20250110-Hv63,10-01-2025,05-01-2026,24-01-2025,Coastal Organics,"Coastal Organics (Beach Road), Visakhapatnam",38,In Stock,10504fd5430e38fac06ef98e0ffcec30b47cbef6c30b277f829289b951a42990
ORG-HON-EJ94,Organic Multi-Floral Honey,Honey,1L,514,12,"Dasgupta, Kara and Tank Organic Farms","23/541, Sekhon Zila, Visakhapatnam",USDA Organic,ORG-HON-EJ94-20250111-NW03,11-01-2025,06-01-2026,17-01-2025,Coastal Organics,"Coastal Organics (Beach Road), Visakhapatnam",21,In Stock,99cc20aca5b430f36df608813b4c517230f82d86918ca80e204a9ece6ceafe4b
ORG-HON-EJ94,Organic Multi-Floral Honey,Honey,1L,514,12,"Dasgupta, Kara and Tank Organic Farms","23/541, Sekhon Zila, Visakhapatnam",USDA Organic,ORG-HON-EJ94-20250105-zl93,05-01-2025,31-12-2025,18-01-2025,Coastal Organics,"Coastal Organics (Beach Road), Visakhapatnam",1,Low Stock,556de0b648a2d999222c7ba444ccb46945e5372fff99d010015a5424a894e58a
ORG-HON-EJ94,Organic Multi-Floral Honey,Honey,1L,514,12,"Dasgupta, Kara and Tank Organic Farms","23/541, Sekhon Zila, Visakhapatnam",USDA Organic,ORG-HON-EJ94-20250110-bk77,10-01-2025,05-01-2026,20-01-2025,Namma Organic,"Namma Organic (Vijaynagar), Mysore",45,In Stock,6a8fca845e00d82fb480b3389c69fc660de8e82d63246388b24a7c5776f15bc9
ORG-HON-EJ94,Organic Multi-Floral Honey,Honey,1L,514,12,"Dasgupta, Kara and Tank Organic Farms","23/541, Sekhon Zila, Visakhapatnam",USDA Organic,ORG-HON-EJ94-20250108-rL65,08-01-2025,03-01-2026,23-01-2025,Green Fields,"Green Fields (Banjara Hills), Hyderabad",23,In Stock,b5fbc014d9f4bf0cb8e5d9c25277208105fd7d0623b9f34cf67d8c747f99baab
ORG-HON-EJ94,Organic Multi-Floral Honey,Honey,1L,514,12,"Dasgupta, Kara and Tank Organic Farms","23/541, Sekhon Zila, Visakhapatnam",USDA Organic,ORG-HON-EJ94-20250122-RP02,22-01-2025,17-01-2026,24-01-2025,Nature's Basket,"Nature's Basket (Kowdiar), Thiruvananthapuram",47,In Stock,0b7f931f9b48ad74efb2b2079a401d723d44515b236de9aebd72d1a07befab63
ORG-HON-EJ94,Organic Multi-Floral Honey,Honey,1L,514,12,"Dasgupta, Kara and Tank Organic Farms","23/541, Sekhon Zila, Visakhapatnam",USDA Organic,ORG-HON-EJ94-20250416-Su93,16-04-2025,11-04-2026,21-04-2025,Green Fields,"Green Fields (Banjara Hills), Hyderabad",8,Low Stock,c1fe05a64d55f9f4dbb15c22c35b7b4493cf757c9a13244d07189bc3afb09e39
ORG-HON-EJ94,Organic Multi-Floral Honey,Honey,1L,514,12,"Dasgupta, Kara and Tank Organic Farms","23/541, Sekhon Zila, Visakhapatnam",USDA Organic,ORG-HON-EJ94-20250218-Wc15,18-02-2025,13-02-2026,25-02-2025,Green Mart,"Green Mart (Edappally), Ernakulam",20,In Stock,f40e4820e511311313499caab8ed5d58c51cf74d2ca9e00414052840ad9ba54a
ORG-HON-EJ94,Organic Multi-Floral Honey,Honey,1L,514,12,"Dasgupta, Kara and Tank Organic Farms","23/541, Sekhon Zila, Visakhapatnam",USDA Organic,ORG-HON-EJ94-20250116-wl81,16-01-2025,11-01-2026,21-01-2025,Pure Roots,"Pure Roots (RS Puram), Coimbatore",8,Low Stock,67fb703b784a32caf6c6a061e0d3a4ecd8c4f334c6b95cd210e6c4f80f56aeb8
ORG-HON-EJ94,Organic Multi-Floral Honey,Honey,1L,514,12,"Dasgupta, Kara and Tank Organic Farms","23/541, Sekhon Zila, Visakhapatnam",USDA Organic,ORG-HON-EJ94-20250503-Mq33,03-05-2025,28-04-2026,05-05-2025,Organic Heaven,"Organic Heaven (Adyar), Chennai",49,In Stock,2ef96f33029fac2c057518fdf8f3312ff93376aeb23a75a701a4583751e9002c
ORG-HON-EJ94,Organic Multi-Floral Honey,Honey,1L,514,12,"Dasgupta, Kara and Tank Organic Farms","23/541, Sekhon Zila, Visakhapatnam",USDA Organic,ORG-HON-EJ94-20250117-nN56,17-01-2025,12-01-2026,01-02-2025,Nature's Basket,"Nature's Basket (Kowdiar), Thiruvananthapuram",17,In Stock,a6202d897f84bfeda5c2df3b8dd54ef952428c77653d095c75238becc1c77afb
ORG-HON-EJ94,Organic Multi-Floral Honey,Honey,1L,514,12,"Dasgupta, Kara and Tank Organic Farms","23/541, Sekhon Zila, Visakhapatnam",USDA Organic,ORG-HON-EJ94-20250121-KI23,21-01-2025,16-01-2026,30-01-2025,Nature's Basket,"Nature's Basket (Kowdiar), Thiruvananthapuram",42,In Stock,85c51f0c6cad0fe9eb09398d3487e4dfe9be64f029515a0c9f83a088bdd6a5e1
ORG-HON-EJ94,Organic Multi-Floral Honey,Honey,1L,514,12,"Dasgupta, Kara and Tank Organic Farms","23/541, Sekhon Zila, Visakhapatnam",USDA Organic,ORG-HON-EJ94-20250112-mo53,12-01-2025,07-01-2026,16-01-2025,Green Fields,"Green Fields (Banjara Hills), Hyderabad",48,In Stock,6feab59dfb46410ac235e2c93b4e5acc371dc742b8c23a1cca215f14b5f6e82f
ORG-HON-EJ94,Organic Multi-Floral Honey,Honey,1L,514,12,"Dasgupta, Kara and Tank Organic Farms","23/541, Sekhon Zila, Visakhapatnam",USDA Organic,ORG-HON-EJ94-20250215-pS40,15-02-2025,10-02-2026,01-03-2025,Nature's Basket,"Nature's Basket (Kowdiar), Thiruvananthapuram",29,In Stock,d5bd7e74061018769492616496540093a4fa01021f71382ebeb2c553815ea6df
ORG-HON-EJ94,Organic Multi-Floral Honey,Honey,1L,514,12,"Dasgupta, Kara and Tank Organic Farms","23/541, Sekhon Zila, Visakhapatnam",USDA Organic,ORG-HON-EJ94-20250203-ff87,03-02-2025,29-01-2026,10-02-2025,Nature's Basket,"Nature's Basket (Kowdiar), Thiruvananthapuram",10,Low Stock,2b9249faef2f7e10d09a1d3c0c1bd6cdfe12d7e0275bebf065b816c859b7e2ff
ORG-HON-EJ94,Organic Multi-Floral Honey,Honey,1L,514,12,"Dasgupta, Kara and Tank Organic Farms","23/541, Sekhon Zila, Visakhapatnam",USDA Organic,ORG-HON-EJ94-20250123-AQ54,23-01-2025,18-01-2026,25-01-2025,Eco Friendly,"Eco Friendly (Gachibowli), Hyderabad",11,In Stock,520a6ce57bddfc1d53a8768b0951f70a2194387430f01224b308334b64b3e4a0
ORG-HON-EJ94,Organic Multi-Floral Honey,Honey,1L,514,12,"Dasgupta, Kara and Tank Organic Farms","23/541, Sekhon Zila, Visakhapatnam",USDA Organic,ORG-HON-EJ94-20250109-Bs68,09-01-2025,04-01-2026,16-01-2025,Eco Store,"Eco Store (Mavoor Road), Kozhikode",20,In Stock,b96278a0a5309c75954d68e1c278ea699ae1e11ebe223a913592f28261c59a55
ORG-HON-EJ94,Organic Multi-Floral Honey,Honey,1L,514,12,"Dasgupta, Kara and Tank Organic Farms","23/541, Sekhon Zila, Visakhapatnam",USDA Organic,ORG-HON-EJ94-20250109-xW98,09-01-2025,04-01-2026,17-01-2025,Green Fields,"Green Fields (Banjara Hills), Hyderabad",29,In Stock,dc113c896579e80baae390ebdfa7c120a824ea8fb10a9e9cac6734e0ec1ce864
ORG-HON-EJ94,Organic Multi-Floral Honey,Honey,1L,514,12,"Dasgupta, Kara and Tank Organic Farms","23/541, Sekhon Zila, Visakhapatnam",USDA Organic,ORG-HON-EJ94-20250115-yw00,15-01-2025,10-01-2026,25-01-2025,Coastal Organics,"Coastal Organics (Beach Road), Visakhapatnam",26,In Stock,b3f6b3a1e17867330a87accc20ea59f566e9d4e87d69930dfedec5a016e7b214
ORG-HON-EJ94,Organic Multi-Floral Honey,Honey,1L,514,12,"Dasgupta, Kara and Tank Organic Farms","23/541, Sekhon Zila, Visakhapatnam",USDA Organic,ORG-HON-EJ94-20250129-td85,29-01-2025,24-01-2026,05-02-2025,Namma Organic,"Namma Organic (Vijaynagar), Mysore",16,In Stock,eb492c47537e17c38be0730e4b8eb0367e5f592d2b8ed6216b6b99f6afc71f60
ORG-HON-EJ94,Organic Multi-Floral Honey,Honey,1L,514,12,"Dasgupta, Kara and Tank Organic Farms","23/541, Sekhon Zila, Visakhapatnam",USDA Organic,ORG-HON-EJ94-20250120-sh21,20-01-2025,15-01-2026,01-02-2025,Eco Friendly,"Eco Friendly (Gachibowli), Hyderabad",31,In Stock,d69ab87556efee31086b6373b6e0e30657be331016ad6545d2d49488d438bb8d
ORG-HON-EJ94,Organic Multi-Floral Honey,Honey,1L,514,12,"Dasgupta, Kara and Tank Organic Farms","23/541, Sekhon Zila, Visakhapatnam",USDA Organic,ORG-HON-EJ94-20250110-yu36,10-01-2025,05-01-2026,22-01-2025,Earthly Delights,"Earthly Delights (Koramangala), Bangalore",29,In Stock,9651c0491db553b3a957dba7711c917227a3177509c49fdfa4059d8c26c8a8d6
ORG-HON-EJ94,Organic Multi-Floral Honey,Honey,1L,514,12,"Dasgupta, Kara and Tank Organic Farms","23/541, Sekhon Zila, Visakhapatnam",USDA Organic,ORG-HON-EJ94-20250110-Eu72,10-01-2025,05-01-2026,15-01-2025,Pure Roots,"Pure Roots (RS Puram), Coimbatore",41,In Stock,ea45f329a2e2f7385c1d8456fc2b2521d5ef6181efdddaef7b4b16732b2c0f36
ORG-HON-EJ94,Organic Multi-Floral Honey,Honey,1L,514,12,"Dasgupta, Kara and Tank Organic Farms","23/541, Sekhon Zila, Visakhapatnam",USDA Organic,ORG-HON-EJ94-20250115-uv36,15-01-2025,10-01-2026,26-01-2025,Eco Store,"Eco Store (Mavoor Road), Kozhikode",23,In Stock,50dffa9b6cc64fffee9842cfdbdb808a6a470c671ee752d83f3742fa466d8ab5
ORG-HON-EJ94,Organic Multi-Floral Honey,Honey,1L,514,12,"Dasgupta, Kara and Tank Organic Farms","23/541, Sekhon Zila, Visakhapatnam",USDA Organic,ORG-HON-EJ94-20250220-Dm78,20-02-2025,15-02-2026,28-02-2025,Farm Fresh,"Farm Fresh (Vytilla), Ernakulam",3,Low Stock,013983cb2809a2e775af2eb96943489f54522644392517b3c5c197048b593a48
ORG-HON-EJ94,Organic Multi-Floral Honey,Honey,1L,514,12,"Dasgupta, Kara and Tank Organic Farms","23/541, Sekhon Zila, Visakhapatnam",USDA Organic,ORG-HON-EJ94-20250320-Sa56,20-03-2025,15-03-2026,27-03-2025,Namma Organic,"Namma Organic (Vijaynagar), Mysore",23,In Stock,0aad4f760d767ae601fa811fb825efe36a53a1e24da5ad45c188a02cc2821efb
ORG-HON-EJ94,Organic Multi-Floral Honey,Honey,1L,514,12,"Dasgupta, Kara and Tank Organic Farms","23/541, Sekhon Zila, Visakhapatnam",USDA Organic,ORG-HON-EJ94-20250222-ie13,22-02-2025,17-02-2026,24-02-2025,Organic Heaven,"Organic Heaven (Adyar), Chennai",36,In Stock,31e0f53146ea89e390e65321ee0c95d30a50a8a84462f0c12a76afc7ccb712f0
ORG-HON-EJ94,Organic Multi-Floral Honey,Honey,1L,514,12,"Dasgupta, Kara and Tank Organic Farms","23/541, Sekhon Zila, Visakhapatnam",USDA Organic,ORG-HON-EJ94-20250121-HW67,21-01-2025,16-01-2026,24-01-2025,Farm Fresh,"Farm Fresh (Vytilla), Ernakulam",29,In Stock,61ca1991c38ba7a5e211d1d970254f123c0c794e85069ea76de18e0833fe12d4
ORG-HON-EJ94,Organic Multi-Floral Honey,Honey,1L,514,12,"Dasgupta, Kara and Tank Organic Farms","23/541, Sekhon Zila, Visakhapatnam",USDA Organic,ORG-HON-EJ94-20250211-od00,11-02-2025,06-02-2026,23-02-2025,Nature's Basket,"Nature's Basket (Kowdiar), Thiruvananthapuram",0,Out of Stock,06b81606bd4b64748ca4e777a7089e092388d4cd5458064066a8dc3455e270ad
ORG-HON-EJ94,Organic Multi-Floral Honey,Honey,1L,514,12,"Dasgupta, Kara and Tank Organic Farms","23/541, Sekhon Zila, Visakhapatnam",USDA Organic,ORG-HON-EJ94-20250108-KL70,08-01-2025,03-01-2026,19-01-2025,Coastal Organics,"Coastal Organics (Beach Road), Visakhapatnam",50,In Stock,f11a195f3d21e7a36ed2300014dc727d117027135e28a727362808d8551a675f
ORG-HON-EJ94,Organic Multi-Floral Honey,Honey,1L,514,12,"Dasgupta, Kara and Tank Organic Farms","23/541, Sekhon Zila, Visakhapatnam",USDA Organic,ORG-HON-EJ94-20250108-Ok36,08-01-2025,03-01-2026,15-01-2025,Nature's Basket,"Nature's Basket (Kowdiar), Thiruvananthapuram",48,In Stock,7c8d22dd2c17cfdf180e9bf0869f2c9f2719378c7d7eb879e0d70963a13f1ac8
ORG-HON-EJ94,Organic Multi-Floral Honey,Honey,1L,514,12,"Dasgupta, Kara and Tank Organic Farms","23/541, Sekhon Zila, Visakhapatnam",USDA Organic,ORG-HON-EJ94-20250221-ef95,21-02-2025,16-02-2026,08-03-2025,Organic Heaven,"Organic Heaven (Adyar), Chennai",25,In Stock,96d5cb2b3a41964e0e907da5b12d7bc77e1eb76f9a5aac852b40bd15f68419d7
ORG-HON-EJ94,Organic Multi-Floral Honey,Honey,1L,514,12,"Dasgupta, Kara and Tank Organic Farms","23/541, Sekhon Zila, Visakhapatnam",USDA Organic,ORG-HON-EJ94-20250106-gO12,06-01-2025,01-01-2026,21-01-2025,Coastal Organics,"Coastal Organics (Beach Road), Visakhapatnam",34,In Stock,058dfafe6a481f784f5aeb46e8f59dfba8f72a566fd256c8c6ed0352fa3e2062
ORG-HON-EJ94,Organic Multi-Floral Honey,Honey,1L,514,12,"Dasgupta, Kara and Tank Organic Farms","23/541, Sekhon Zila, Visakhapatnam",USDA Organic,ORG-HON-EJ94-20250117-gI65,17-01-2025,12-01-2026,01-02-2025,Pure Roots,"Pure Roots (RS Puram), Coimbatore",7,Low Stock,e6c8dfafd00b2af0841a9cee4ce213c9d53d309eb2c68dd3c7b411284f79bcef
ORG-HON-EJ94,Organic Multi-Floral Honey,Honey,1L,514,12,"Dasgupta, Kara and Tank Organic Farms","23/541, Sekhon Zila, Visakhapatnam",USDA Organic,ORG-HON-EJ94-20250511-iq83,11-05-2025,06-05-2026,18-05-2025,Namma Organic,"Namma Organic (Vijaynagar), Mysore",5,Low Stock,bb7eb3afeb6e731059354eda37cf61d8d8f911477c3e7244253a94cbab0d918d
ORG-HON-EJ94,Organic Multi-Floral Honey,Honey,1L,514,12,"Dasgupta, Kara and Tank Organic Farms","23/541, Sekhon Zila, Visakhapatnam",USDA Organic,ORG-HON-EJ94-20250201-XQ35,01-02-2025,27-01-2026,06-02-2025,Green Fields,"Green Fields (Banjara Hills), Hyderabad",6,Low Stock,1026ed732c2447bceff07136885293adc4804edfb5bbb7f269d9f75178fd3149
ORG-HON-EJ94,Organic Multi-Floral Honey,Honey,1L,514,12,"Dasgupta, Kara and Tank Organic Farms","23/541, Sekhon Zila, Visakhapatnam",USDA Organic,ORG-HON-EJ94-20250119-vZ60,19-01-2025,14-01-2026,20-01-2025,Pure Roots,"Pure Roots (RS Puram), Coimbatore",16,In Stock,63f73c367272d6f996b9b0ea23b7aee21c0a31dc69422f45db1ff5de10195604
ORG-HON-EJ94,Organic Multi-Floral Honey,Honey,1L,514,12,"Dasgupta, Kara and Tank Organic Farms","23/541, Sekhon Zila, Visakhapatnam",USDA Organic,ORG-HON-EJ94-20250402-Zy35,02-04-2025,28-03-2026,03-04-2025,Pure Roots,"Pure Roots (RS Puram), Coimbatore",4,Low Stock,5712c1679041799093641eed1b2be6319abbd6ad1908f600eed4bf398dcc7540
ORG-HON-EJ94,Organic Multi-Floral Honey,Honey,1L,514,12,"Dasgupta, Kara and Tank Organic Farms","23/541, Sekhon Zila, Visakhapatnam",USDA Organic,ORG-HON-EJ94-20250118-qL64,18-01-2025,13-01-2026,26-01-2025,Namma Organic,"Namma Organic (Vijaynagar), Mysore",23,In Stock,41a470c634bdc4c3b7e804e29be838be6ec89c9b20ccd2c5709b9c785af95931
ORG-HON-EJ94,Organic Multi-Floral Honey,Honey,1L,514,12,"Dasgupta, Kara and Tank Organic Farms","23/541, Sekhon Zila, Visakhapatnam",USDA Organic,ORG-HON-EJ94-20250128-he38,28-01-2025,23-01-2026,07-02-2025,Green Fields,"Green Fields (Banjara Hills), Hyderabad",4,Low Stock,dc482acef186db502b8c799212268bc8e7d22b83ec2ff1554cb64069f69056d6
ORG-HON-EJ94,Organic Multi-Floral Honey,Honey,1L,514,12,"Dasgupta, Kara and Tank Organic Farms","23/541, Sekhon Zila, Visakhapatnam",USDA Organic,ORG-HON-EJ94-20250202-SD31,02-02-2025,28-01-2026,12-02-2025,Fresh Harvest,"Fresh Harvest (T. Nagar), Chennai",10,Low Stock,6b562ae919d3ecba3553c77555f4d673ef773759191bc389df0f94d18ab54d4b
ORG-HON-EJ94,Organic Multi-Floral Honey,Honey,1L,514,12,"Dasgupta, Kara and Tank Organic Farms","23/541, Sekhon Zila, Visakhapatnam",USDA Organic,ORG-HON-EJ94-20250309-pl79,09-03-2025,04-03-2026,11-03-2025,Fresh Harvest,"Fresh Harvest (T. Nagar), Chennai",20,In Stock,638a16aba49e74ace60a5129f3586f64c94751f34b1f0e83cb1ee0b499cd4745
ORG-HON-EJ94,Organic Multi-Floral Honey,Honey,1L,514,12,"Dasgupta, Kara and Tank Organic Farms","23/541, Sekhon Zila, Visakhapatnam",USDA Organic,ORG-HON-EJ94-20250407-Sc83,07-04-2025,02-04-2026,14-04-2025,Namma Organic,"Namma Organic (Vijaynagar), Mysore",18,In Stock,d7d992534feef08404913f20ae7ec7cfe8a2e5b53c6e02dde52693d701dce2a8
ORG-HON-EJ94,Organic Multi-Floral Honey,Honey,1L,514,12,"Dasgupta, Kara and Tank Organic Farms","23/541, Sekhon Zila, Visakhapatnam",USDA Organic,ORG-HON-EJ94-20250406-zl15,06-04-2025,01-04-2026,19-04-2025,Coastal Organics,"Coastal Organics (Beach Road), Visakhapatnam",4,Low Stock,786bd011eb8652b4ec7f6cf76aedc5cc99487d567a3ac68985b5c20d8e328965
ORG-HON-EJ94,Organic Multi-Floral Honey,Honey,1L,514,12,"Dasgupta, Kara and Tank Organic Farms","23/541, Sekhon Zila, Visakhapatnam",USDA Organic,ORG-HON-EJ94-20250214-ZX18,14-02-2025,09-02-2026,19-02-2025,Nature's Basket,"Nature's Basket (Kowdiar), Thiruvananthapuram",19,In Stock,0fef82eb362ebd00bf6f03a543478e6383d74a27cac2622472751675435a35c0
ORG-HON-EJ94,Organic Multi-Floral Honey,Honey,1L,514,12,"Dasgupta, Kara and Tank Organic Farms","23/541, Sekhon Zila, Visakhapatnam",USDA Organic,ORG-HON-EJ94-20250108-bC15,08-01-2025,03-01-2026,20-01-2025,Coastal Organics,"Coastal Organics (Beach Road), Visakhapatnam",9,Low Stock,c3b357a50204328c8b936b8cc47f511e8e7d3451c3e8d4da7409db7a0eda7fc6
ORG-HON-EJ94,Organic Multi-Floral Honey,Honey,1L,514,12,"Dasgupta, Kara and Tank Organic Farms","23/541, Sekhon Zila, Visakhapatnam",USDA Organic,ORG-HON-EJ94-20250111-DL67,11-01-2025,06-01-2026,26-01-2025,Namma Organic,"Namma Organic (Vijaynagar), Mysore",32,In Stock,9c41313f2a76ff8da9a31326be94acb0defe2a4e29765f92bbd21e3ab8c7737c
ORG-HON-EJ94,Organic Multi-Floral Honey,Honey,1L,514,12,"Dasgupta, Kara and Tank Organic Farms","23/541, Sekhon Zila, Visakhapatnam",USDA Organic,ORG-HON-EJ94-20250110-pH59,10-01-2025,05-01-2026,11-01-2025,Nature's Basket,"Nature's Basket (Kowdiar), Thiruvananthapuram",24,In Stock,6bf8146af0e96da654f1e3170251f572bbda5f468abc25965a18520019ac8b42
ORG-HON-EJ94,Organic Multi-Floral Honey,Honey,1L,514,12,"Dasgupta, Kara and Tank Organic Farms","23/541, Sekhon Zila, Visakhapatnam",USDA Organic,ORG-HON-EJ94-20250203-kr68,03-02-2025,29-01-2026,12-02-2025,Eco Friendly,"Eco Friendly (Gachibowli), Hyderabad",11,In Stock,95c40dd5005b802084edb0273e587b613f4e6db76e8b8fff6735f43df7987168
ORG-GRA-MQ99,Organic Red Rice,Grains,500ml,937,24,Shan-Shan Organic Farms,"865, Sant Path, Mysore",Jaivik Bharat,ORG-GRA-MQ99-20240604-Ga98,04-06-2024,25-05-2026,09-06-2024,Organic World,"Organic World (Kadavanthara), Ernakulam",13,In Stock,b24da4209b55bec3d7b4bf8162cf1289988e6d776bdbb4cc02b1f3cba07c987a
ORG-GRA-MQ99,Organic Red Rice,Grains,500ml,937,24,Shan-Shan Organic Farms,"865, Sant Path, Mysore",Jaivik Bharat,ORG-GRA-MQ99-20240607-Tm21,07-06-2024,28-05-2026,20-06-2024,Fresh Harvest,"Fresh Harvest (T. Nagar), Chennai",11,In Stock,3e9b76fdb62d38da7966da83dd0b86ae0a9fd6d45b79a845dd351ef42d9bbc72
ORG-GRA-MQ99,Organic Red Rice,Grains,500ml,937,24,Shan-Shan Organic Farms,"865, Sant Path, Mysore",Jaivik Bharat,ORG-GRA-MQ99-20241208-iq36,08-12-2024,28-11-2026,13-12-2024,Green Mart,"Green Mart (Edappally), Ernakulam",39,In Stock,6c320202e0de78313efae0ffd5fe91915d4462bd2d4f1b348ee778903bd7323f
ORG-GRA-MQ99,Organic Red Rice,Grains,500ml,937,24,Shan-Shan Organic Farms,"865, Sant Path, Mysore",Jaivik Bharat,ORG-GRA-MQ99-20240721-rp81,21-07-2024,11-07-2026,31-07-2024,Pure Roots,"Pure Roots (RS Puram), Coimbatore",25,In Stock,edf867eb6c69c18fecceef37ee0fc61673c730138ae31c8823dac144f087403d
ORG-GRA-MQ99,Organic Red Rice,Grains,500ml,937,24,Shan-Shan Organic Farms,"865, Sant Path, Mysore",Jaivik Bharat,ORG-GRA-MQ99-20250203-lg76,03-02-2025,24-01-2027,09-02-2025,Eco Friendly,"Eco Friendly (Gachibowli), Hyderabad",5,Low Stock,3be54447a1bd2546d234b8d20fd9a41c7e73ab89cf2caf4207528cb031e466fa
ORG-GRA-MQ99,Organic Red Rice,Grains,500ml,937,24,Shan-Shan Organic Farms,"865, Sant Path, Mysore",Jaivik Bharat,ORG-GRA-MQ99-20250107-SI10,07-01-2025,28-12-2026,22-01-2025,Namma Organic,"Namma Organic (Vijaynagar), Mysore",12,In Stock,8c8d45dee070a81b8fccc0fdb6410da88bb15f501b736ed5c2ce86fa39cd3624
ORG-GRA-MQ99,Organic Red Rice,Grains,500ml,937,24,Shan-Shan Organic Farms,"865, Sant Path, Mysore",Jaivik Bharat,ORG-GRA-MQ99-20250201-Kx71,01-02-2025,22-01-2027,02-02-2025,Coastal Organics,"Coastal Organics (Beach Road), Visakhapatnam",1,Low Stock,ea4a94997eb04ee6f648f3fa163bdc1f605b60651a6f65b224f35a050a6ade54
ORG-GRA-MQ99,Organic Red Rice,Grains,500ml,937,24,Shan-Shan Organic Farms,"865, Sant Path, Mysore",Jaivik Bharat,ORG-GRA-MQ99-20250330-ml88,30-03-2025,20-03-2027,13-04-2025,Organic World,"Organic World (Kadavanthara), Ernakulam",36,In Stock,01a872b69a92fdaaf7e4fc775ecccb9fed59c23155dc9f4792675dfaae590b34
ORG-GRA-MQ99,Organic Red Rice,Grains,500ml,937,24,Shan-Shan Organic Farms,"865, Sant Path, Mysore",Jaivik Bharat,ORG-GRA-MQ99-20240922-mI95,22-09-2024,12-09-2026,06-10-2024,Eco Friendly,"Eco Friendly (Gachibowli), Hyderabad",33,In Stock,1255273109ef6f0529973584f65774849e6133c0ef9c93c54c4e2bdb6367e785
ORG-GRA-MQ99,Organic Red Rice,Grains,500ml,937,24,Shan-Shan Organic Farms,"865, Sant Path, Mysore",Jaivik Bharat,ORG-GRA-MQ99-20240514-nf22,14-05-2024,04-05-2026,22-05-2024,Eco Friendly,"Eco Friendly (Gachibowli), Hyderabad",23,In Stock,4d36e8ae96af03affd6b2a7a27b69f7cfa7dabfc1eb8a8b1a199bd046afbdc52
ORG-GRA-MQ99,Organic Red Rice,Grains,500ml,937,24,Shan-Shan Organic Farms,"865, Sant Path, Mysore",Jaivik Bharat,ORG-GRA-MQ99-20240930-Zn78,30-09-2024,20-09-2026,01-10-2024,Nature's Basket,"Nature's Basket (Kowdiar), Thiruvananthapuram",6,Low Stock,72a7178f5ae2f8793543cfc5da790dc4996c0a04e8048c5eccdf6fd87c32ca81
ORG-GRA-MQ99,Organic Red Rice,Grains,500ml,937,24,Shan-Shan Organic Farms,"865, Sant Path, Mysore",Jaivik Bharat,ORG-GRA-MQ99-20240831-RZ50,31-08-2024,21-08-2026,09-09-2024,Coastal Organics,"Coastal Organics (Beach Road), Visakhapatnam",13,In Stock,60dd4b67bae43ce4bb85fc9ebbdd6d295ce746babcf673e81204f623a46e10f4
ORG-GRA-MQ99,Organic Red Rice,Grains,500ml,937,24,Shan-Shan Organic Farms,"865, Sant Path, Mysore",Jaivik Bharat,ORG-GRA-MQ99-20241004-uU06,04-10-2024,24-09-2026,10-10-2024,Organic Heaven,"Organic Heaven (Adyar), Chennai",35,In Stock,4248f7e95cd7e6cd276cea83c8806dd58175644781f0421364e7222606f49165
ORG-GRA-MQ99,Organic Red Rice,Grains,500ml,937,24,Shan-Shan Organic Farms,"865, Sant Path, Mysore",Jaivik Bharat,ORG-GRA-MQ99-20250203-CR28,03-02-2025,24-01-2027,07-02-2025,Namma Organic,"Namma Organic (Vijaynagar), Mysore",19,In Stock,82b4477e81a278214f97a3aa699835407fcb41fb2d576c43bbfd67ce2a7ed1d3
ORG-GRA-MQ99,Organic Red Rice,Grains,500ml,937,24,Shan-Shan Organic Farms,"865, Sant Path, Mysore",Jaivik Bharat,ORG-GRA-MQ99-20240824-Ha45,24-08-2024,14-08-2026,26-08-2024,Organic World,"Organic World (Kadavanthara), Ernakulam",2,Low Stock,672a1326a9c207c6e791f056e4da261075c7165dd26adb741c09a62f10b54545
ORG-GRA-MQ99,Organic Red Rice,Grains,500ml,937,24,Shan-Shan Organic Farms,"865, Sant Path, Mysore",Jaivik Bharat,ORG-GRA-MQ99-20240827-MV40,27-08-2024,17-08-2026,04-09-2024,Fresh Harvest,"Fresh Harvest (T. Nagar), Chennai",49,In Stock,aa50eabd912bd1e421e455b8c290143edd07319341013643222cb4779402b659
ORG-GRA-MQ99,Organic Red Rice,Grains,500ml,937,24,Shan-Shan Organic Farms,"865, Sant Path, Mysore",Jaivik Bharat,ORG-GRA-MQ99-20241004-vb90,04-10-2024,24-09-2026,16-10-2024,Namma Organic,"Namma Organic (Vijaynagar), Mysore",22,In Stock,fb64615f72f6d012ebe878bef030ede39876d011a349c259da9c76b46af64b1f
ORG-GRA-MQ99,Organic Red Rice,Grains,500ml,937,24,Shan-Shan Organic Farms,"865, Sant Path, Mysore",Jaivik Bharat,ORG-GRA-MQ99-20240904-NB41,04-09-2024,25-08-2026,12-09-2024,Pure Roots,"Pure Roots (RS Puram), Coimbatore",32,In Stock,3d33ab26436e42997a0ce684dafa007ff75fb474b304ae2419800d455e6b21e8
ORG-GRA-MQ99,Organic Red Rice,Grains,500ml,937,24,Shan-Shan Organic Farms,"865, Sant Path, Mysore",Jaivik Bharat,ORG-GRA-MQ99-20250427-zU70,27-04-2025,17-04-2027,30-04-2025,Coastal Organics,"Coastal Organics (Beach Road), Visakhapatnam",49,In Stock,a37b1d6b5396ba341861b5c702bddda8ec3206587e9493205c9867e04456bcd3
ORG-GRA-MQ99,Organic Red Rice,Grains,500ml,937,24,Shan-Shan Organic Farms,"865, Sant Path, Mysore",Jaivik Bharat,ORG-GRA-MQ99-20240911-Ew55,11-09-2024,01-09-2026,13-09-2024,Green Fields,"Green Fields (Banjara Hills), Hyderabad",42,In Stock,d9f88585fb6e69584b16911cefc3fae8b101b0c4683c6924035f540fb03227d3
ORG-GRA-MQ99,Organic Red Rice,Grains,500ml,937,24,Shan-Shan Organic Farms,"865, Sant Path, Mysore",Jaivik Bharat,ORG-GRA-MQ99-20250501-Wl52,01-05-2025,21-04-2027,15-05-2025,Fresh Harvest,"Fresh Harvest (T. Nagar), Chennai",18,In Stock,c7ff2d3edc08c3d91bdb246021c35e6eed52f426c9ab55ddc558deee0ade76f4
ORG-GRA-MQ99,Organic Red Rice,Grains,500ml,937,24,Shan-Shan Organic Farms,"865, Sant Path, Mysore",Jaivik Bharat,ORG-GRA-MQ99-20250329-iR16,29-03-2025,19-03-2027,31-03-2025,Fresh Harvest,"Fresh Harvest (T. Nagar), Chennai",23,In Stock,e23117dd9c6869da01f6b1e2382142c8cda4d5ac8bd97026f44f94ae5e29babf
ORG-GRA-MQ99,Organic Red Rice,Grains,500ml,937,24,Shan-Shan Organic Farms,"865, Sant Path, Mysore",Jaivik Bharat,ORG-GRA-MQ99-20240524-IQ00,24-05-2024,14-05-2026,26-05-2024,Namma Organic,"Namma Organic (Vijaynagar), Mysore",6,Low Stock,3dd4c8570f70b82b4ffd8305f309646c96864b1cf2d8030c0511f4039b81525a
ORG-GRA-MQ99,Organic Red Rice,Grains,500ml,937,24,Shan-Shan Organic Farms,"865, Sant Path, Mysore",Jaivik Bharat,ORG-GRA-MQ99-20250328-XO52,28-03-2025,18-03-2027,07-04-2025,Green Fields,"Green Fields (Banjara Hills), Hyderabad",14,In Stock,339b2d934ba05249c8f65c81ffde1e78ffb8b7227e2e98abfe30dc62853636ed
ORG-GRA-MQ99,Organic Red Rice,Grains,500ml,937,24,Shan-Shan Organic Farms,"865, Sant Path, Mysore",Jaivik Bharat,ORG-GRA-MQ99-20250224-us28,24-02-2025,14-02-2027,05-03-2025,Eco Store,"Eco Store (Mavoor Road), Kozhikode",23,In Stock,8b489b42090fc68fb60a27dffd26a2804e19908548a53ab3df4661bb4ea28dae
ORG-GRA-MQ99,Organic Red Rice,Grains,500ml,937,24,Shan-Shan Organic Farms,"865, Sant Path, Mysore",Jaivik Bharat,ORG-GRA-MQ99-20250504-Vw76,04-05-2025,24-04-2027,14-05-2025,Nature's Basket,"Nature's Basket (Kowdiar), Thiruvananthapuram",18,In Stock,8cd14f1cf19da9c421af3f91e5d48a0c757024bf62ed44f2ad069f14a5eaec5d
ORG-GRA-MQ99,Organic Red Rice,Grains,500ml,937,24,Shan-Shan Organic Farms,"865, Sant Path, Mysore",Jaivik Bharat,ORG-GRA-MQ99-20250415-nX51,15-04-2025,05-04-2027,21-04-2025,Earthly Delights,"Earthly Delights (Koramangala), Bangalore",18,In Stock,88094c883a8927381cc51e7377f4090240d6f81a6db208b8298b9ba37dd3f1ba
ORG-GRA-MQ99,Organic Red Rice,Grains,500ml,937,24,Shan-Shan Organic Farms,"865, Sant Path, Mysore",Jaivik Bharat,ORG-GRA-MQ99-20240524-aT71,24-05-2024,14-05-2026,02-06-2024,Pure Roots,"Pure Roots (RS Puram), Coimbatore",45,In Stock,ebe2a4814b7a8d06f41a278f43b5d1d6a424da20ff1ef7e5dffcbe0a05b3086d
ORG-GRA-MQ99,Organic Red Rice,Grains,500ml,937,24,Shan-Shan Organic Farms,"865, Sant Path, Mysore",Jaivik Bharat,ORG-GRA-MQ99-20250321-bA09,21-03-2025,11-03-2027,03-04-2025,Fresh Harvest,"Fresh Harvest (T. Nagar), Chennai",47,In Stock,ab7bb3821f60e600b460cb9e406770c0fb3fab00756f646819dc9ece9400b0f3
ORG-GRA-MQ99,Organic Red Rice,Grains,500ml,937,24,Shan-Shan Organic Farms,"865, Sant Path, Mysore",Jaivik Bharat,ORG-GRA-MQ99-20240719-xS81,19-07-2024,09-07-2026,29-07-2024,Nature's Basket,"Nature's Basket (Kowdiar), Thiruvananthapuram",39,In Stock,b69257ccc0be4b785efc157e841bacbcd149193f7d7e4c70b225d338fedc48c1
ORG-GRA-MQ99,Organic Red Rice,Grains,500ml,937,24,Shan-Shan Organic Farms,"865, Sant Path, Mysore",Jaivik Bharat,ORG-GRA-MQ99-20250417-TF35,17-04-2025,07-04-2027,25-04-2025,Coastal Organics,"Coastal Organics (Beach Road), Visakhapatnam",5,Low Stock,2ae1d4894567255f0d2057bc114960e97f9bfddd4b6d20a3fcf9672c7d5d23a9
ORG-GRA-MQ99,Organic Red Rice,Grains,500ml,937,24,Shan-Shan Organic Farms,"865, Sant Path, Mysore",Jaivik Bharat,ORG-GRA-MQ99-20250413-Ky83,13-04-2025,03-04-2027,20-04-2025,Organic World,"Organic World (Kadavanthara), Ernakulam",3,Low Stock,1499576778bcd48618abc71dfc1a06a5c1081575c379264cd9334434b35ee900
ORG-GRA-MQ99,Organic Red Rice,Grains,500ml,937,24,Shan-Shan Organic Farms,"865, Sant Path, Mysore",Jaivik Bharat,ORG-GRA-MQ99-20240630-FO92,30-06-2024,20-06-2026,03-07-2024,Nature's Basket,"Nature's Basket (Kowdiar), Thiruvananthapuram",40,In Stock,bbc12f900a01d154d7653b2bc41e4bdf0a919e619836a5e4df2981f8161ad951
ORG-GRA-MQ99,Organic Red Rice,Grains,500ml,937,24,Shan-Shan Organic Farms,"865, Sant Path, Mysore",Jaivik Bharat,ORG-GRA-MQ99-20240731-LL73,31-07-2024,21-07-2026,09-08-2024,Coastal Organics,"Coastal Organics (Beach Road), Visakhapatnam",31,In Stock,95c9342ff7374221b80202d6339ce800c118e13b9ca7941fa0775d5d5d1df5b1
ORG-GRA-MQ99,Organic Red Rice,Grains,500ml,937,24,Shan-Shan Organic Farms,"865, Sant Path, Mysore",Jaivik Bharat,ORG-GRA-MQ99-20241226-xO39,26-12-2024,16-12-2026,28-12-2024,Pure Roots,"Pure Roots (RS Puram), Coimbatore",22,In Stock,f43b8789076058ae57edf5466651e11816ef77fce630cacb665308c13984e255
ORG-GRA-MQ99,Organic Red Rice,Grains,500ml,937,24,Shan-Shan Organic Farms,"865, Sant Path, Mysore",Jaivik Bharat,ORG-GRA-MQ99-20250217-KU88,17-02-2025,07-02-2027,23-02-2025,Nature's Basket,"Nature's Basket (Kowdiar), Thiruvananthapuram",3,Low Stock,012620506cdbf73d97805c2abdd83dc4f663f90a992fcd56522c2dc767f5a517
ORG-GRA-MQ99,Organic Red Rice,Grains,500ml,937,24,Shan-Shan Organic Farms,"865, Sant Path, Mysore",Jaivik Bharat,ORG-GRA-MQ99-20250110-iS02,10-01-2025,31-12-2026,16-01-2025,Fresh Harvest,"Fresh Harvest (T. Nagar), Chennai",45,In Stock,17fc14c8de06ccdecfe2a5fbaf86fbdb7bfe9939dec3eae756a2e82006775b71
ORG-GRA-MQ99,Organic Red Rice,Grains,500ml,937,24,Shan-Shan Organic Farms,"865, Sant Path, Mysore",Jaivik Bharat,ORG-GRA-MQ99-20240828-tY89,28-08-2024,18-08-2026,07-09-2024,Earthly Delights,"Earthly Delights (Koramangala), Bangalore",19,In Stock,fff550d53b6122eb56bc764dee0fde6669f8d6260141827d284c4aced9578807
ORG-GRA-MQ99,Organic Red Rice,Grains,500ml,937,24,Shan-Shan Organic Farms,"865, Sant Path, Mysore",Jaivik Bharat,ORG-GRA-MQ99-20250123-rh50,23-01-2025,13-01-2027,28-01-2025,Nature's Basket,"Nature's Basket (Kowdiar), Thiruvananthapuram",18,In Stock,cfc1c57b3f0b3d09d4358ae3c9008ac102b120a771e7579e7edc8e60d919a01f
ORG-GRA-MQ99,Organic Red Rice,Grains,500ml,937,24,Shan-Shan Organic Farms,"865, Sant Path, Mysore",Jaivik Bharat,ORG-GRA-MQ99-20250203-Kf07,03-02-2025,24-01-2027,14-02-2025,Organic Heaven,"Organic Heaven (Adyar), Chennai",7,Low Stock,92f6bac1712e5a55db9921604f1695c44024c4cf5dedb1a559ce90fb01ee54f7
ORG-GRA-MQ99,Organic Red Rice,Grains,500ml,937,24,Shan-Shan Organic Farms,"865, Sant Path, Mysore",Jaivik Bharat,ORG-GRA-MQ99-20250323-oy20,23-03-2025,13-03-2027,06-04-2025,Eco Store,"Eco Store (Mavoor Road), Kozhikode",22,In Stock,196b59ce175de7852258329975cd85d636dcc6d77ddfc29ec21d2928a7476a97
ORG-GRA-MQ99,Organic Red Rice,Grains,500ml,937,24,Shan-Shan Organic Farms,"865, Sant Path, Mysore",Jaivik Bharat,ORG-GRA-MQ99-20240730-cP32,30-07-2024,20-07-2026,11-08-2024,Fresh Harvest,"Fresh Harvest (T. Nagar), Chennai",38,In Stock,773d3e14f690db4c9bdc0682c2fc438ba53871f9855c85538fe1b23e60e35c5a
ORG-GRA-MQ99,Organic Red Rice,Grains,500ml,937,24,Shan-Shan Organic Farms,"865, Sant Path, Mysore",Jaivik Bharat,ORG-GRA-MQ99-20241020-Cv13,20-10-2024,10-10-2026,31-10-2024,Eco Store,"Eco Store (Mavoor Road), Kozhikode",43,In Stock,72680208061282cc541ab9cb696c816e24827c7eb6302007f93b9cf7a02c1737
ORG-GRA-MQ99,Organic Red Rice,Grains,500ml,937,24,Shan-Shan Organic Farms,"865, Sant Path, Mysore",Jaivik Bharat,ORG-GRA-MQ99-20250111-ag09,11-01-2025,01-01-2027,12-01-2025,Nature's Basket,"Nature's Basket (Kowdiar), Thiruvananthapuram",30,In Stock,38f3f6850ed4685007f697948109c9da3ee8b606bc3df3fd037753919adbfbdb
ORG-GRA-MQ99,Organic Red Rice,Grains,500ml,937,24,Shan-Shan Organic Farms,"865, Sant Path, Mysore",Jaivik Bharat,ORG-GRA-MQ99-20250103-pP83,03-01-2025,24-12-2026,16-01-2025,Green Mart,"Green Mart (Edappally), Ernakulam",19,In Stock,33739e27bcbbf7ba9f3c7558139ea834ab13d4da557696238c0894120a8a7222
ORG-GRA-MQ99,Organic Red Rice,Grains,500ml,937,24,Shan-Shan Organic Farms,"865, Sant Path, Mysore",Jaivik Bharat,ORG-GRA-MQ99-20240718-Cq11,18-07-2024,08-07-2026,26-07-2024,Eco Store,"Eco Store (Mavoor Road), Kozhikode",34,In Stock,26a133bd16fee1ae26d699a52ed54018ba25ed812d9a8aa209109eb6c82d3aeb
ORG-GRA-MQ99,Organic Red Rice,Grains,500ml,937,24,Shan-Shan Organic Farms,"865, Sant Path, Mysore",Jaivik Bharat,ORG-GRA-MQ99-20241031-MG23,31-10-2024,21-10-2026,13-11-2024,Organic Heaven,"Organic Heaven (Adyar), Chennai",31,In Stock,5ff728fdbb4aeb67d636c596267af37aff18ebb502e197f6eff4956a9fcb3dbb
ORG-GRA-MQ99,Organic Red Rice,Grains,500ml,937,24,Shan-Shan Organic Farms,"865, Sant Path, Mysore",Jaivik Bharat,ORG-GRA-MQ99-20241214-sn08,14-12-2024,04-12-2026,20-12-2024,Namma Organic,"Namma Organic (Vijaynagar), Mysore",41,In Stock,6bafba0c4e212f640f13ccdd067b1e879f7a8df291492a5aa57837083de357a9
ORG-GRA-MQ99,Organic Red Rice,Grains,500ml,937,24,Shan-Shan Organic Farms,"865, Sant Path, Mysore",Jaivik Bharat,ORG-GRA-MQ99-20250128-xa59,28-01-2025,18-01-2027,11-02-2025,Earthly Delights,"Earthly Delights (Koramangala), Bangalore",32,In Stock,8f5d993d2489a059d3b0ce4b9a803d87db8bb668280ae96d9d7af85df1bf358b
ORG-GRA-MQ99,Organic Red Rice,Grains,500ml,937,24,Shan-Shan Organic Farms,"865, Sant Path, Mysore",Jaivik Bharat,ORG-GRA-MQ99-20241129-po48,29-11-2024,19-11-2026,04-12-2024,Coastal Organics,"Coastal Organics (Beach Road), Visakhapatnam",45,In Stock,2380a59aced949ab7f28c0c3a6786aa06fb990411153b29cb1717f0c0a194e19
ORG-GRA-GC03,Organic Millet,Grains,250g,692,12,Solanki-Bains Organic Farms,"52/80, Sem Nagar, Thiruvananthapuram",USDA Organic,ORG-GRA-GC03-20250111-lJ00,11-01-2025,06-01-2026,21-01-2025,Namma Organic,"Namma Organic (Vijaynagar), Mysore",37,In Stock,b8fdd40b48db86e2045dac46c179f9d843a558ae429ab642db7a050799bdeb8d
ORG-GRA-GC03,Organic Millet,Grains,250g,692,12,Solanki-Bains Organic Farms,"52/80, Sem Nagar, Thiruvananthapuram",USDA Organic,ORG-GRA-GC03-20250112-kk54,12-01-2025,07-01-2026,25-01-2025,Organic Heaven,"Organic Heaven (Adyar), Chennai",44,In Stock,938f2ecb9b224d2b278b837f8718614034401dffadc44d9ebc3965a545f7f58d
ORG-GRA-GC03,Organic Millet,Grains,250g,692,12,Solanki-Bains Organic Farms,"52/80, Sem Nagar, Thiruvananthapuram",USDA Organic,ORG-GRA-GC03-20250110-Zq46,10-01-2025,05-01-2026,20-01-2025,Nature's Basket,"Nature's Basket (Kowdiar), Thiruvananthapuram",12,In Stock,32b3c1faa326a4d4fb64e7bdfc86dcb2c7899c1f7c6b15f59e54b8d1552bd781
ORG-GRA-GC03,Organic Millet,Grains,250g,692,12,Solanki-Bains Organic Farms,"52/80, Sem Nagar, Thiruvananthapuram",USDA Organic,ORG-GRA-GC03-20250202-DH93,02-02-2025,28-01-2026,12-02-2025,Organic World,"Organic World (Kadavanthara), Ernakulam",10,Low Stock,32fd2a7509a6e4708826fb4bde31e68fe7659b9a2507c4f4939969d3cebbeec2
ORG-GRA-GC03,Organic Millet,Grains,250g,692,12,Solanki-Bains Organic Farms,"52/80, Sem Nagar, Thiruvananthapuram",USDA Organic,ORG-GRA-GC03-20250313-qg57,13-03-2025,08-03-2026,15-03-2025,Namma Organic,"Namma Organic (Vijaynagar), Mysore",28,In Stock,e98b4022ef99f5ad53c1a768fddf8abf794c591a72ff70b0f7e328b57b1c80cb
ORG-GRA-GC03,Organic Millet,Grains,250g,692,12,Solanki-Bains Organic Farms,"52/80, Sem Nagar, Thiruvananthapuram",USDA Organic,ORG-GRA-GC03-20250108-Ct78,08-01-2025,03-01-2026,11-01-2025,Namma Organic,"Namma Organic (Vijaynagar), Mysore",38,In Stock,3d959d7af336110dc44a7e97caa2a1bef23916eaf701e0c9186723a46a8a4d71
ORG-GRA-GC03,Organic Millet,Grains,250g,692,12,Solanki-Bains Organic Farms,"52/80, Sem Nagar, Thiruvananthapuram",USDA Organic,ORG-GRA-GC03-20250321-wq09,21-03-2025,16-03-2026,26-03-2025,Green Fields,"Green Fields (Banjara Hills), Hyderabad",25,In Stock,2ecc13c49354bba6e00bdcb5039406493226927114ee43b2781082c1c9204ec7
ORG-GRA-GC03,Organic Millet,Grains,250g,692,12,Solanki-Bains Organic Farms,"52/80, Sem Nagar, Thiruvananthapuram",USDA Organic,ORG-GRA-GC03-20250120-qA26,20-01-2025,15-01-2026,04-02-2025,Nature's Basket,"Nature's Basket (Kowdiar), Thiruvananthapuram",40,In Stock,05eabdcff99d0c321f0468e534aed385ecc926d6e590ddaef2b1a81fa7cb1df8
ORG-GRA-GC03,Organic Millet,Grains,250g,692,12,Solanki-Bains Organic Farms,"52/80, Sem Nagar, Thiruvananthapuram",USDA Organic,ORG-GRA-GC03-20250402-xO83,02-04-2025,28-03-2026,05-04-2025,Fresh Harvest,"Fresh Harvest (T. Nagar), Chennai",0,Out of Stock,a8310e137d357920bf947ed9f355231e74eb03e2e51f5fde3a84ed3c423cd0fd
ORG-GRA-GC03,Organic Millet,Grains,250g,692,12,Solanki-Bains Organic Farms,"52/80, Sem Nagar, Thiruvananthapuram",USDA Organic,ORG-GRA-GC03-20250129-Ya45,29-01-2025,24-01-2026,11-02-2025,Green Fields,"Green Fields (Banjara Hills), Hyderabad",26,In Stock,105490c7814d8c8c83dca3004642dd6051386847362ea94f9719fe07c1403e0a
ORG-GRA-GC03,Organic Millet,Grains,250g,692,12,Solanki-Bains Organic Farms,"52/80, Sem Nagar, Thiruvananthapuram",USDA Organic,ORG-GRA-GC03-20250218-nI42,18-02-2025,13-02-2026,05-03-2025,Green Fields,"Green Fields (Banjara Hills), Hyderabad",9,Low Stock,d970052a27aff64236d99da48dffe5cce1958f3791a8f910ab2c5ca40d0c4621
ORG-GRA-GC03,Organic Millet,Grains,250g,692,12,Solanki-Bains Organic Farms,"52/80, Sem Nagar, Thiruvananthapuram",USDA Organic,ORG-GRA-GC03-20250107-mQ32,07-01-2025,02-01-2026,12-01-2025,Nature's Basket,"Nature's Basket (Kowdiar), Thiruvananthapuram",38,In Stock,5f6975c71a564baf827ef6e0899338b5eb611ce6a8123d44684392f01bb17e89
ORG-GRA-GC03,Organic Millet,Grains,250g,692,12,Solanki-Bains Organic Farms,"52/80, Sem Nagar, Thiruvananthapuram",USDA Organic,ORG-GRA-GC03-20250203-IW00,03-02-2025,29-01-2026,06-02-2025,Namma Organic,"Namma Organic (Vijaynagar), Mysore",8,Low Stock,27eaa7a528f07ce8d76d2044b5d338011f6fd2eeea5d4706a3127cff45eea242
ORG-GRA-GC03,Organic Millet,Grains,250g,692,12,Solanki-Bains Organic Farms,"52/80, Sem Nagar, Thiruvananthapuram",USDA Organic,ORG-GRA-GC03-20250115-aw61,15-01-2025,10-01-2026,18-01-2025,Pure Roots,"Pure Roots (RS Puram), Coimbatore",16,In Stock,d3d6f2b8881c57eed5002ea6b9c484b391e88fd48279d4a46bef385134be8cbb
ORG-GRA-GC03,Organic Millet,Grains,250g,692,12,Solanki-Bains Organic Farms,"52/80, Sem Nagar, Thiruvananthapuram",USDA Organic,ORG-GRA-GC03-20250125-jg15,25-01-2025,20-01-2026,07-02-2025,Organic Heaven,"Organic Heaven (Adyar), Chennai",7,Low Stock,76f990d04e9194d4c6c830b4817217de9690c5cf362b63ba62bd149a0ef718a8
ORG-GRA-GC03,Organic Millet,Grains,250g,692,12,Solanki-Bains Organic Farms,"52/80, Sem Nagar, Thiruvananthapuram",USDA Organic,ORG-GRA-GC03-20250216-nc59,16-02-2025,11-02-2026,17-02-2025,Coastal Organics,"Coastal Organics (Beach Road), Visakhapatnam",9,Low Stock,16ce62dfd98163a3f23dcb3bec9cb2bd2529bf3c42903288fd92cbe6d9364d28
ORG-GRA-GC03,Organic Millet,Grains,250g,692,12,Solanki-Bains Organic Farms,"52/80, Sem Nagar, Thiruvananthapuram",USDA Organic,ORG-GRA-GC03-20250126-TF87,26-01-2025,21-01-2026,31-01-2025,Green Mart,"Green Mart (Edappally), Ernakulam",6,Low Stock,dda7932a592819235fdc6e04b9c7de4a22fa38eb6176cb2c428cb3e889cf4294
ORG-GRA-GC03,Organic Millet,Grains,250g,692,12,Solanki-Bains Organic Farms,"52/80, Sem Nagar, Thiruvananthapuram",USDA Organic,ORG-GRA-GC03-20250203-Pd63,03-02-2025,29-01-2026,04-02-2025,Farm Fresh,"Farm Fresh (Vytilla), Ernakulam",22,In Stock,ee88beecb119953077f3b220789535d234db637c2753cf7afd343aa02ed2fff4
ORG-GRA-GC03,Organic Millet,Grains,250g,692,12,Solanki-Bains Organic Farms,"52/80, Sem Nagar, Thiruvananthapuram",USDA Organic,ORG-GRA-GC03-20250113-uy00,13-01-2025,08-01-2026,24-01-2025,Green Fields,"Green Fields (Banjara Hills), Hyderabad",49,In Stock,96f742adb67cd09af54f2acaf04145bde2dd0416498d1191ab3041bece96a238
ORG-GRA-GC03,Organic Millet,Grains,250g,692,12,Solanki-Bains Organic Farms,"52/80, Sem Nagar, Thiruvananthapuram",USDA Organic,ORG-GRA-GC03-20250109-jp50,09-01-2025,04-01-2026,15-01-2025,Coastal Organics,"Coastal Organics (Beach Road), Visakhapatnam",50,In Stock,1879081165dffab3531babe86c868a8004c2521d6b834489f4278a6236a88133
ORG-GRA-GC03,Organic Millet,Grains,250g,692,12,Solanki-Bains Organic Farms,"52/80, Sem Nagar, Thiruvananthapuram",USDA Organic,ORG-GRA-GC03-20250212-av48,12-02-2025,07-02-2026,23-02-2025,Namma Organic,"Namma Organic (Vijaynagar), Mysore",29,In Stock,5c218e706509bef7b3b8115db5c665484388043378eef693308464d260c49480
ORG-GRA-GC03,Organic Millet,Grains,250g,692,12,Solanki-Bains Organic Farms,"52/80, Sem Nagar, Thiruvananthapuram",USDA Organic,ORG-GRA-GC03-20250116-sF92,16-01-2025,11-01-2026,20-01-2025,Namma Organic,"Namma Organic (Vijaynagar), Mysore",13,In Stock,48d001c5794be77f8b3dc07e1704c1620f02b2828a8b6db7e4e54cf7f8eaf2e7
ORG-GRA-GC03,Organic Millet,Grains,250g,692,12,Solanki-Bains Organic Farms,"52/80, Sem Nagar, Thiruvananthapuram",USDA Organic,ORG-GRA-GC03-20250105-Ta34,05-01-2025,31-12-2025,09-01-2025,Nature's Basket,"Nature's Basket (Kowdiar), Thiruvananthapuram",22,In Stock,8b92eab6a7102ea772be6f0b2791da1ba3b7688b4113ca983ad4fb390274723d
ORG-GRA-GC03,Organic Millet,Grains,250g,692,12,Solanki-Bains Organic Farms,"52/80, Sem Nagar, Thiruvananthapuram",USDA Organic,ORG-GRA-GC03-20250129-Sf26,29-01-2025,24-01-2026,07-02-2025,Green Mart,"Green Mart (Edappally), Ernakulam",19,In Stock,7db67b49785e9122b040a218e9558da3819b67e52f4ab4a4944be418fb35f7e2
ORG-GRA-GC03,Organic Millet,Grains,250g,692,12,Solanki-Bains Organic Farms,"52/80, Sem Nagar, Thiruvananthapuram",USDA Organic,ORG-GRA-GC03-20250409-Ek86,09-04-2025,04-04-2026,16-04-2025,Eco Store,"Eco Store (Mavoor Road), Kozhikode",46,In Stock,293d253313e22c860786b56869b711b8f617fb3aaf7fa0997de4adc44a5d45db
ORG-GRA-GC03,Organic Millet,Grains,250g,692,12,Solanki-Bains Organic Farms,"52/80, Sem Nagar, Thiruvananthapuram",USDA Organic,ORG-GRA-GC03-20250113-xS57,13-01-2025,08-01-2026,22-01-2025,Eco Store,"Eco Store (Mavoor Road), Kozhikode",41,In Stock,c2c60c39d371c4c27d83fa05eaaa8411461b984ec5be0b12c54c0e6379143abb
ORG-GRA-GC03,Organic Millet,Grains,250g,692,12,Solanki-Bains Organic Farms,"52/80, Sem Nagar, Thiruvananthapuram",USDA Organic,ORG-GRA-GC03-20250120-Gg74,20-01-2025,15-01-2026,21-01-2025,Green Valley,"Green Valley (Indiranagar), Bangalore",41,In Stock,2a402da837ab03357a2cc88843571f536cd95c22e1cef9eb6082492383cd220d
ORG-GRA-GC03,Organic Millet,Grains,250g,692,12,Solanki-Bains Organic Farms,"52/80, Sem Nagar, Thiruvananthapuram",USDA Organic,ORG-GRA-GC03-20250202-zE99,02-02-2025,28-01-2026,17-02-2025,Green Fields,"Green Fields (Banjara Hills), Hyderabad",29,In Stock,ff3330166f68c49ba2129c4ece213c254b9c920d8db02b04fbb4525cdf7d6f4b
ORG-GRA-GC03,Organic Millet,Grains,250g,692,12,Solanki-Bains Organic Farms,"52/80, Sem Nagar, Thiruvananthapuram",USDA Organic,ORG-GRA-GC03-20250105-dW68,05-01-2025,31-12-2025,15-01-2025,Pure Roots,"Pure Roots (RS Puram), Coimbatore",46,In Stock,ab82a306e0727d24762a5a44968811d2e7c8fc6fd127418e8a3f4a8602334296
ORG-GRA-GC03,Organic Millet,Grains,250g,692,12,Solanki-Bains Organic Farms,"52/80, Sem Nagar, Thiruvananthapuram",USDA Organic,ORG-GRA-GC03-20250131-KK33,31-01-2025,26-01-2026,14-02-2025,Coastal Organics,"Coastal Organics (Beach Road), Visakhapatnam",6,Low Stock,b2bef6a931e4dc70223e0580016cd0d759544ef2482ef66ef65b0f224b45740f
ORG-GRA-GC03,Organic Millet,Grains,250g,692,12,Solanki-Bains Organic Farms,"52/80, Sem Nagar, Thiruvananthapuram",USDA Organic,ORG-GRA-GC03-20250110-yz68,10-01-2025,05-01-2026,14-01-2025,Nature's Basket,"Nature's Basket (Kowdiar), Thiruvananthapuram",21,In Stock,a2b4aafcb31c4b57f7cfe7983af0d0d71934ecf4f2be7af08c9df854b8cf1a00
ORG-GRA-GC03,Organic Millet,Grains,250g,692,12,Solanki-Bains Organic Farms,"52/80, Sem Nagar, Thiruvananthapuram",USDA Organic,ORG-GRA-GC03-20250117-sD81,17-01-2025,12-01-2026,21-01-2025,Nature's Basket,"Nature's Basket (Kowdiar), Thiruvananthapuram",49,In Stock,310fa7a6b047db98a737c669af30808dbb5a01418cf266a88e4ab39188acfa90
ORG-GRA-GC03,Organic Millet,Grains,250g,692,12,Solanki-Bains Organic Farms,"52/80, Sem Nagar, Thiruvananthapuram",USDA Organic,ORG-GRA-GC03-20250128-XA38,28-01-2025,23-01-2026,06-02-2025,Namma Organic,"Namma Organic (Vijaynagar), Mysore",47,In Stock,6944f97f30fa86c80dd6a5fb1f0726b42b6100ff3ea4243d7ef83a2cf654ebc5
ORG-GRA-GC03,Organic Millet,Grains,250g,692,12,Solanki-Bains Organic Farms,"52/80, Sem Nagar, Thiruvananthapuram",USDA Organic,ORG-GRA-GC03-20250115-cW15,15-01-2025,10-01-2026,27-01-2025,Eco Store,"Eco Store (Mavoor Road), Kozhikode",46,In Stock,7470d62a490e2be495acfbf6308b94e00f9d169ab5ea94f9df1c3a49921c73ac
ORG-GRA-GC03,Organic Millet,Grains,250g,692,12,Solanki-Bains Organic Farms,"52/80, Sem Nagar, Thiruvananthapuram",USDA Organic,ORG-GRA-GC03-20250127-RW48,27-01-2025,22-01-2026,29-01-2025,Fresh Harvest,"Fresh Harvest (T. Nagar), Chennai",22,In Stock,3ac652675105c12ec01ae141f490d6f02c38a3511eb997c97ff5e7ff2809c954
ORG-GRA-GC03,Organic Millet,Grains,250g,692,12,Solanki-Bains Organic Farms,"52/80, Sem Nagar, Thiruvananthapuram",USDA Organic,ORG-GRA-GC03-20250307-bs97,07-03-2025,02-03-2026,12-03-2025,Nature's Basket,"Nature's Basket (Kowdiar), Thiruvananthapuram",6,Low Stock,6f2cd7eb31337daf027a94c45beacc59b461e381457a37270ebf9b90c7deffa3
ORG-GRA-GC03,Organic Millet,Grains,250g,692,12,Solanki-Bains Organic Farms,"52/80, Sem Nagar, Thiruvananthapuram",USDA Organic,ORG-GRA-GC03-20250401-rg13,01-04-2025,27-03-2026,03-04-2025,Earthly Delights,"Earthly Delights (Koramangala), Bangalore",11,In Stock,2ce02481a41e27b1c4b4f630844544d6b6894fe9af6747ff7b0b6f4bcedec58e
ORG-GRA-GC03,Organic Millet,Grains,250g,692,12,Solanki-Bains Organic Farms,"52/80, Sem Nagar, Thiruvananthapuram",USDA Organic,ORG-GRA-GC03-20250125-tI24,25-01-2025,20-01-2026,06-02-2025,Organic World,"Organic World (Kadavanthara), Ernakulam",48,In Stock,c8e6ee8fb12588c8e7fc9acedb0a2ca2d328220e2ba11731940d94a25f2171da
ORG-GRA-GC03,Organic Millet,Grains,250g,692,12,Solanki-Bains Organic Farms,"52/80, Sem Nagar, Thiruvananthapuram",USDA Organic,ORG-GRA-GC03-20250109-SW49,09-01-2025,04-01-2026,16-01-2025,Farm Fresh,"Farm Fresh (Vytilla), Ernakulam",45,In Stock,dd60127b0bf69e6964836ef05913c87c58d15253623b756ef001e3015e43fd59
ORG-GRA-GC03,Organic Millet,Grains,250g,692,12,Solanki-Bains Organic Farms,"52/80, Sem Nagar, Thiruvananthapuram",USDA Organic,ORG-GRA-GC03-20250120-NH14,20-01-2025,15-01-2026,01-02-2025,Organic World,"Organic World (Kadavanthara), Ernakulam",2,Low Stock,ae4f6a7cf0fb3bf1bde2d499aae2072438ae8ab760106642c3c5d126f42ed236
ORG-GRA-GC03,Organic Millet,Grains,250g,692,12,Solanki-Bains Organic Farms,"52/80, Sem Nagar, Thiruvananthapuram",USDA Organic,ORG-GRA-GC03-20250208-XV03,08-02-2025,03-02-2026,22-02-2025,Organic Heaven,"Organic Heaven (Adyar), Chennai",3,Low Stock,3941ac32f16d4b528390cfbc02df1885315806791a18077340ee3fd7743fdcd8
ORG-GRA-GC03,Organic Millet,Grains,250g,692,12,Solanki-Bains Organic Farms,"52/80, Sem Nagar, Thiruvananthapuram",USDA Organic,ORG-GRA-GC03-20250326-lc24,26-03-2025,21-03-2026,30-03-2025,Namma Organic,"Namma Organic (Vijaynagar), Mysore",28,In Stock,c353977d5876a333be93e61415d7661573e428bee926cd54e660c1622e9ae374
ORG-GRA-GC03,Organic Millet,Grains,250g,692,12,Solanki-Bains Organic Farms,"52/80, Sem Nagar, Thiruvananthapuram",USDA Organic,ORG-GRA-GC03-20250308-vh98,08-03-2025,03-03-2026,10-03-2025,Eco Store,"Eco Store (Mavoor Road), Kozhikode",29,In Stock,e746835e9a19a9f4557df0f12ea12b54ec3a1f2e2be25344dbbb9df44c041f52
ORG-GRA-GC03,Organic Millet,Grains,250g,692,12,Solanki-Bains Organic Farms,"52/80, Sem Nagar, Thiruvananthapuram",USDA Organic,ORG-GRA-GC03-20250128-ue14,28-01-2025,23-01-2026,01-02-2025,Namma Organic,"Namma Organic (Vijaynagar), Mysore",34,In Stock,766f9100f6d37670d74c12a16b6454d48d18a9c3eefe5e4d64747e82f1486f35
ORG-GRA-GC03,Organic Millet,Grains,250g,692,12,Solanki-Bains Organic Farms,"52/80, Sem Nagar, Thiruvananthapuram",USDA Organic,ORG-GRA-GC03-20250201-jj34,01-02-2025,27-01-2026,09-02-2025,Organic Heaven,"Organic Heaven (Adyar), Chennai",19,In Stock,bc37f463942a9502401c133edf622262a21f0d2c125d141636a35006231864d5
ORG-GRA-GC03,Organic Millet,Grains,250g,692,12,Solanki-Bains Organic Farms,"52/80, Sem Nagar, Thiruvananthapuram",USDA Organic,ORG-GRA-GC03-20250127-Pe88,27-01-2025,22-01-2026,29-01-2025,Coastal Organics,"Coastal Organics (Beach Road), Visakhapatnam",29,In Stock,b77e2cf529602def01ee523681b51f1c6803d7df3934a7e39f6324210f406745
ORG-GRA-GC03,Organic Millet,Grains,250g,692,12,Solanki-Bains Organic Farms,"52/80, Sem Nagar, Thiruvananthapuram",USDA Organic,ORG-GRA-GC03-20250111-gJ16,11-01-2025,06-01-2026,15-01-2025,Organic World,"Organic World (Kadavanthara), Ernakulam",24,In Stock,caec206fae29958f5e153c9453de43b7b3c4edd11e244e1caea8fb827e98008a
ORG-GRA-GC03,Organic Millet,Grains,250g,692,12,Solanki-Bains Organic Farms,"52/80, Sem Nagar, Thiruvananthapuram",USDA Organic,ORG-GRA-GC03-20250129-QZ08,29-01-2025,24-01-2026,08-02-2025,Pure Roots,"Pure Roots (RS Puram), Coimbatore",45,In Stock,b48cedc8603bb63da540267953fc66d1b356e16a63cb0fd1f9d44935bdd3d27e
ORG-GRA-GC03,Organic Millet,Grains,250g,692,12,Solanki-Bains Organic Farms,"52/80, Sem Nagar, Thiruvananthapuram",USDA Organic,ORG-GRA-GC03-20250227-Zm57,27-02-2025,22-02-2026,01-03-2025,Namma Organic,"Namma Organic (Vijaynagar), Mysore",14,In Stock,f109b5c976de53dfe6cff6bcddfb75b4b0aab73751fd4a5ddc1b97b22fbbcea8
ORG-GRA-GC03,Organic Millet,Grains,250g,692,12,Solanki-Bains Organic Farms,"52/80, Sem Nagar, Thiruvananthapuram",USDA Organic,ORG-GRA-GC03-20250118-uF48,18-01-2025,13-01-2026,27-01-2025,Coastal Organics,"Coastal Organics (Beach Road), Visakhapatnam",32,In Stock,2728b558d14d982983080f6c895ade2e5b9cdab6a92ab0c465a2df66ecabe8f9
ORG-GRA-GD48,Organic Quinoa,Grains,1L,961,24,"Varughese, Varty and Shetty Organic Farms","30/376, Pradhan Road, Vijayawada",India Organic,ORG-GRA-GD48-20250509-ou37,09-05-2025,29-04-2027,23-05-2025,Coastal Organics,"Coastal Organics (Beach Road), Visakhapatnam",16,In Stock,0d25d95b2c0d4ddb4da399843d602fe144da8627db7a4ed01a4275731ad6fb5c
ORG-GRA-GD48,Organic Quinoa,Grains,1L,961,24,"Varughese, Varty and Shetty Organic Farms","30/376, Pradhan Road, Vijayawada",India Organic,ORG-GRA-GD48-20240816-wl46,16-08-2024,06-08-2026,25-08-2024,Eco Friendly,"Eco Friendly (Gachibowli), Hyderabad",2,Low Stock,075eb1af217a2d65a345631d46084d9c07f0f8ee92b0603011da02a322797f83
ORG-GRA-GD48,Organic Quinoa,Grains,1L,961,24,"Varughese, Varty and Shetty Organic Farms","30/376, Pradhan Road, Vijayawada",India Organic,ORG-GRA-GD48-20240729-QQ63,29-07-2024,19-07-2026,10-08-2024,Fresh Harvest,"Fresh Harvest (T. Nagar), Chennai",28,In Stock,35cd9d9edeb4c7f6c535e64d595f69979425d52cbef078e13ac8c0fe31c2ddee
ORG-GRA-GD48,Organic Quinoa,Grains,1L,961,24,"Varughese, Varty and Shetty Organic Farms","30/376, Pradhan Road, Vijayawada",India Organic,ORG-GRA-GD48-20250326-Lw72,26-03-2025,16-03-2027,07-04-2025,Organic Heaven,"Organic Heaven (Adyar), Chennai",31,In Stock,444672f1e30aa6a025bf798baee11164b8cbe6ce6fdef4f94a2df5f729eef602
ORG-GRA-GD48,Organic Quinoa,Grains,1L,961,24,"Varughese, Varty and Shetty Organic Farms","30/376, Pradhan Road, Vijayawada",India Organic,ORG-GRA-GD48-20240805-Vb07,05-08-2024,26-07-2026,15-08-2024,Earthly Delights,"Earthly Delights (Koramangala), Bangalore",42,In Stock,16d2307abb4b715ca89cedce714626bf855f077dd3059bd3b214286bb243071b
ORG-GRA-GD48,Organic Quinoa,Grains,1L,961,24,"Varughese, Varty and Shetty Organic Farms","30/376, Pradhan Road, Vijayawada",India Organic,ORG-GRA-GD48-20250411-pR42,11-04-2025,01-04-2027,16-04-2025,Pure Roots,"Pure Roots (RS Puram), Coimbatore",50,In Stock,70317aac719c73ebe3b4dee0bbfa44b09ab397ee71efc55ea4ea520c6ab40769
ORG-GRA-GD48,Organic Quinoa,Grains,1L,961,24,"Varughese, Varty and Shetty Organic Farms","30/376, Pradhan Road, Vijayawada",India Organic,ORG-GRA-GD48-20250424-Vq87,24-04-2025,14-04-2027,28-04-2025,Pure Roots,"Pure Roots (RS Puram), Coimbatore",33,In Stock,82ec8a633a685275366ef2d3b6373d044dee1a2a1788b86e67d089457cc44a00
ORG-GRA-GD48,Organic Quinoa,Grains,1L,961,24,"Varughese, Varty and Shetty Organic Farms","30/376, Pradhan Road, Vijayawada",India Organic,ORG-GRA-GD48-20250502-yb22,02-05-2025,22-04-2027,08-05-2025,Fresh Harvest,"Fresh Harvest (T. Nagar), Chennai",12,In Stock,fda346f3dbcd5bc13645ea5e9f0fbf5741cbfb051b831dea52ae40fee74e0fa8
ORG-GRA-GD48,Organic Quinoa,Grains,1L,961,24,"Varughese, Varty and Shetty Organic Farms","30/376, Pradhan Road, Vijayawada",India Organic,ORG-GRA-GD48-20250213-pq06,13-02-2025,03-02-2027,14-02-2025,Organic Heaven,"Organic Heaven (Adyar), Chennai",50,In Stock,ca8cfc59f40b950a6d6a4b2be88fcc8a96d7b9e1d6611fa9f13d1d6dab5685af
ORG-GRA-GD48,Organic Quinoa,Grains,1L,961,24,"Varughese, Varty and Shetty Organic Farms","30/376, Pradhan Road, Vijayawada",India Organic,ORG-GRA-GD48-20240724-cx94,24-07-2024,14-07-2026,03-08-2024,Farm Fresh,"Farm Fresh (Vytilla), Ernakulam",27,In Stock,804f1f6eff7d474b39631683785bde6be8c8086094b7c8c7c5946f8d3c05a079
ORG-GRA-GD48,Organic Quinoa,Grains,1L,961,24,"Varughese, Varty and Shetty Organic Farms","30/376, Pradhan Road, Vijayawada",India Organic,ORG-GRA-GD48-20250201-uA81,01-02-2025,22-01-2027,04-02-2025,Eco Store,"Eco Store (Mavoor Road), Kozhikode",38,In Stock,edebbda57955284bf0d8145e852a051ca4d62b1f94141a5f441108c90458bb92
ORG-GRA-GD48,Organic Quinoa,Grains,1L,961,24,"Varughese, Varty and Shetty Organic Farms","30/376, Pradhan Road, Vijayawada",India Organic,ORG-GRA-GD48-20241008-Oq78,08-10-2024,28-09-2026,12-10-2024,Fresh Harvest,"Fresh Harvest (T. Nagar), Chennai",17,In Stock,f3abbeaa3e1eab5a405f51899fcb2ae43a05ea5e13016c4d6c9919e3e3b91c3a
ORG-GRA-GD48,Organic Quinoa,Grains,1L,961,24,"Varughese, Varty and Shetty Organic Farms","30/376, Pradhan Road, Vijayawada",India Organic,ORG-GRA-GD48-20241114-AL45,14-11-2024,04-11-2026,29-11-2024,Eco Store,"Eco Store (Mavoor Road), Kozhikode",10,Low Stock,1fa43e0300f75941fba63623e9eb2db6830617d93abccb3d9f7313ed7141a90f
ORG-GRA-GD48,Organic Quinoa,Grains,1L,961,24,"Varughese, Varty and Shetty Organic Farms","30/376, Pradhan Road, Vijayawada",India Organic,ORG-GRA-GD48-20241030-lm61,30-10-2024,20-10-2026,03-11-2024,Eco Store,"Eco Store (Mavoor Road), Kozhikode",22,In Stock,c6d38fa2afe998114ee4e0b8fe4a21ce3902ceb03f98308aeab74758470b81d4
ORG-GRA-GD48,Organic Quinoa,Grains,1L,961,24,"Varughese, Varty and Shetty Organic Farms","30/376, Pradhan Road, Vijayawada",India Organic,ORG-GRA-GD48-20250422-wc40,22-04-2025,12-04-2027,03-05-2025,Organic World,"Organic World (Kadavanthara), Ernakulam",27,In Stock,92da9dc1d40650c99cb620a7f0cde031ff0ad02b9f3315e3dc4c6967ffea15aa
ORG-GRA-GD48,Organic Quinoa,Grains,1L,961,24,"Varughese, Varty and Shetty Organic Farms","30/376, Pradhan Road, Vijayawada",India Organic,ORG-GRA-GD48-20240909-WU05,09-09-2024,30-08-2026,12-09-2024,Pure Roots,"Pure Roots (RS Puram), Coimbatore",15,In Stock,35b3049bc3edf5b64da5f7f421a04839f97fde3782719c73d48047c3ba677408
ORG-GRA-GD48,Organic Quinoa,Grains,1L,961,24,"Varughese, Varty and Shetty Organic Farms","30/376, Pradhan Road, Vijayawada",India Organic,ORG-GRA-GD48-20240616-Mv45,16-06-2024,06-06-2026,22-06-2024,Namma Organic,"Namma Organic (Vijaynagar), Mysore",39,In Stock,cc07a3697eeb02460428976c99b6e6b5288f66355f4448d503894b9a9902afde
ORG-GRA-GD48,Organic Quinoa,Grains,1L,961,24,"Varughese, Varty and Shetty Organic Farms","30/376, Pradhan Road, Vijayawada",India Organic,ORG-GRA-GD48-20250226-eh66,26-02-2025,16-02-2027,11-03-2025,Namma Organic,"Namma Organic (Vijaynagar), Mysore",28,In Stock,09ba74fa88700858d59534a39e833842e10e7d487eaba4a3ea87f08fd3314d91
ORG-GRA-GD48,Organic Quinoa,Grains,1L,961,24,"Varughese, Varty and Shetty Organic Farms","30/376, Pradhan Road, Vijayawada",India Organic,ORG-GRA-GD48-20241204-Ef10,04-12-2024,24-11-2026,17-12-2024,Eco Store,"Eco Store (Mavoor Road), Kozhikode",3,Low Stock,699c8e776df22f2a682ae942d718feb66d151e9ae1840080dc3e82ff9fa27923
ORG-GRA-GD48,Organic Quinoa,Grains,1L,961,24,"Varughese, Varty and Shetty Organic Farms","30/376, Pradhan Road, Vijayawada",India Organic,ORG-GRA-GD48-20240521-qq65,21-05-2024,11-05-2026,26-05-2024,Nature's Basket,"Nature's Basket (Kowdiar), Thiruvananthapuram",37,In Stock,a51c3d8ad01636205bdac95f02816907a76cb575c325b60b940db816f26e82d3
ORG-GRA-GD48,Organic Quinoa,Grains,1L,961,24,"Varughese, Varty and Shetty Organic Farms","30/376, Pradhan Road, Vijayawada",India Organic,ORG-GRA-GD48-20250201-ze08,01-02-2025,22-01-2027,14-02-2025,Organic World,"Organic World (Kadavanthara), Ernakulam",15,In Stock,61c4908823640402bef246eea39cc0579b0a44618c0d82bdb94b085c1f221d77
ORG-GRA-GD48,Organic Quinoa,Grains,1L,961,24,"Varughese, Varty and Shetty Organic Farms","30/376, Pradhan Road, Vijayawada",India Organic,ORG-GRA-GD48-20240930-JK72,30-09-2024,20-09-2026,10-10-2024,Coastal Organics,"Coastal Organics (Beach Road), Visakhapatnam",23,In Stock,90e44d43bd9a94dfc015924a176f15c56836eab0d1662722ddca1acef527e1bf
ORG-GRA-GD48,Organic Quinoa,Grains,1L,961,24,"Varughese, Varty and Shetty Organic Farms","30/376, Pradhan Road, Vijayawada",India Organic,ORG-GRA-GD48-20241227-id66,27-12-2024,17-12-2026,02-01-2025,Nature's Basket,"Nature's Basket (Kowdiar), Thiruvananthapuram",5,Low Stock,5c4b9d7528838325ce62b4598468d2836356d12e8a69c6cc8c10b2ee9c40fa81
ORG-GRA-GD48,Organic Quinoa,Grains,1L,961,24,"Varughese, Varty and Shetty Organic Farms","30/376, Pradhan Road, Vijayawada",India Organic,ORG-GRA-GD48-20241207-IU05,07-12-2024,27-11-2026,18-12-2024,Pure Roots,"Pure Roots (RS Puram), Coimbatore",21,In Stock,95ed01bd6603ae315baa8a0697a3c4a05ebfda6fe04ef615d642236fb3917c61
ORG-GRA-GD48,Organic Quinoa,Grains,1L,961,24,"Varughese, Varty and Shetty Organic Farms","30/376, Pradhan Road, Vijayawada",India Organic,ORG-GRA-GD48-20250508-RM02,08-05-2025,28-04-2027,22-05-2025,Fresh Harvest,"Fresh Harvest (T. Nagar), Chennai",22,In Stock,e5a38acd9b8944f508d8508ebaeb4df7f489c437df0823b4f444502eca603224
ORG-GRA-GD48,Organic Quinoa,Grains,1L,961,24,"Varughese, Varty and Shetty Organic Farms","30/376, Pradhan Road, Vijayawada",India Organic,ORG-GRA-GD48-20250304-RV06,04-03-2025,22-02-2027,18-03-2025,Earthly Delights,"Earthly Delights (Koramangala), Bangalore",4,Low Stock,d6ed446df37817119d020e1485918bb6af9713c3b7c448aaeb24bf31b083551f
ORG-GRA-GD48,Organic Quinoa,Grains,1L,961,24,"Varughese, Varty and Shetty Organic Farms","30/376, Pradhan Road, Vijayawada",India Organic,ORG-GRA-GD48-20241231-yn26,31-12-2024,21-12-2026,05-01-2025,Nature's Basket,"Nature's Basket (Kowdiar), Thiruvananthapuram",26,In Stock,1f9c0da4a2ff5a3af3529a2e9b30e0cbd8b21217137447975e5619e3188e394d
ORG-GRA-GD48,Organic Quinoa,Grains,1L,961,24,"Varughese, Varty and Shetty Organic Farms","30/376, Pradhan Road, Vijayawada",India Organic,ORG-GRA-GD48-20241218-VY23,18-12-2024,08-12-2026,22-12-2024,Coastal Organics,"Coastal Organics (Beach Road), Visakhapatnam",19,In Stock,d13404ce039fc011e2bb90a2d11e8dd45408d1f6a8c09ba22d5c8c18aed1d354
ORG-GRA-GD48,Organic Quinoa,Grains,1L,961,24,"Varughese, Varty and Shetty Organic Farms","30/376, Pradhan Road, Vijayawada",India Organic,ORG-GRA-GD48-20250223-Gm95,23-02-2025,13-02-2027,24-02-2025,Pure Roots,"Pure Roots (RS Puram), Coimbatore",11,In Stock,2309f0d9da5407fe96cd2ef9499cdca2787591ca28beee8f520bcfba4771c813
ORG-GRA-GD48,Organic Quinoa,Grains,1L,961,24,"Varughese, Varty and Shetty Organic Farms","30/376, Pradhan Road, Vijayawada",India Organic,ORG-GRA-GD48-20240711-Ko44,11-07-2024,01-07-2026,26-07-2024,Green Valley,"Green Valley (Indiranagar), Bangalore",26,In Stock,10254d92dd14afd1378db7096a4bda9550c039f103826b3d22e33af9f62dea13
ORG-GRA-GD48,Organic Quinoa,Grains,1L,961,24,"Varughese, Varty and Shetty Organic Farms","30/376, Pradhan Road, Vijayawada",India Organic,ORG-GRA-GD48-20241031-lO95,31-10-2024,21-10-2026,03-11-2024,Green Valley,"Green Valley (Indiranagar), Bangalore",10,Low Stock,d0e04b21a163a868deeb9fdbab5a5bd9fa89242ab07b3a8565c52b43a872551b
ORG-GRA-GD48,Organic Quinoa,Grains,1L,961,24,"Varughese, Varty and Shetty Organic Farms","30/376, Pradhan Road, Vijayawada",India Organic,ORG-GRA-GD48-20250314-CY99,14-03-2025,04-03-2027,16-03-2025,Fresh Harvest,"Fresh Harvest (T. Nagar), Chennai",40,In Stock,d23b7f6a337abea9644b12a796b914397a169fe91bad403047ea493099931c96
ORG-GRA-GD48,Organic Quinoa,Grains,1L,961,24,"Varughese, Varty and Shetty Organic Farms","30/376, Pradhan Road, Vijayawada",India Organic,ORG-GRA-GD48-20240607-if26,07-06-2024,28-05-2026,08-06-2024,Eco Friendly,"Eco Friendly (Gachibowli), Hyderabad",50,In Stock,37d1d77f6b20dd6ce80e8e159235b0874c7977f11738d49478befddbc68096bd
ORG-GRA-GD48,Organic Quinoa,Grains,1L,961,24,"Varughese, Varty and Shetty Organic Farms","30/376, Pradhan Road, Vijayawada",India Organic,ORG-GRA-GD48-20250419-lv03,19-04-2025,09-04-2027,27-04-2025,Pure Roots,"Pure Roots (RS Puram), Coimbatore",0,Out of Stock,71ce43df3c8aee4a644e6881f3f5fa9b33b89d4dd3c8f912698979ce3393fc03
ORG-GRA-GD48,Organic Quinoa,Grains,1L,961,24,"Varughese, Varty and Shetty Organic Farms","30/376, Pradhan Road, Vijayawada",India Organic,ORG-GRA-GD48-20240518-XE82,18-05-2024,08-05-2026,22-05-2024,Green Valley,"Green Valley (Indiranagar), Bangalore",32,In Stock,77c5f237be5a328ee99229d569d47457aee3d6d0622cb787e0fefed18299b9b6
ORG-GRA-GD48,Organic Quinoa,Grains,1L,961,24,"Varughese, Varty and Shetty Organic Farms","30/376, Pradhan Road, Vijayawada",India Organic,ORG-GRA-GD48-20241231-tn75,31-12-2024,21-12-2026,08-01-2025,Nature's Basket,"Nature's Basket (Kowdiar), Thiruvananthapuram",4,Low Stock,b51d3412c3f95078b009f271e74aa349c9d1baa37111c6fc3cc7332720d0aedc
ORG-GRA-GD48,Organic Quinoa,Grains,1L,961,24,"Varughese, Varty and Shetty Organic Farms","30/376, Pradhan Road, Vijayawada",India Organic,ORG-GRA-GD48-20250414-To06,14-04-2025,04-04-2027,27-04-2025,Fresh Harvest,"Fresh Harvest (T. Nagar), Chennai",37,In Stock,f5ef8645dd4d8740a7b31a19810c33ec5160d4a9373937381c4218b3af082984
ORG-GRA-GD48,Organic Quinoa,Grains,1L,961,24,"Varughese, Varty and Shetty Organic Farms","30/376, Pradhan Road, Vijayawada",India Organic,ORG-GRA-GD48-20250321-Rt83,21-03-2025,11-03-2027,03-04-2025,Earthly Delights,"Earthly Delights (Koramangala), Bangalore",42,In Stock,c2204a365dc65dcd2c460b5b6252b0473a952f2ea989bed4c308f0e1ef5f5a94
ORG-GRA-GD48,Organic Quinoa,Grains,1L,961,24,"Varughese, Varty and Shetty Organic Farms","30/376, Pradhan Road, Vijayawada",India Organic,ORG-GRA-GD48-20240901-Tp54,01-09-2024,22-08-2026,12-09-2024,Eco Store,"Eco Store (Mavoor Road), Kozhikode",31,In Stock,387c4689eb26ff9c5858f1840de47ae7a80d0e57c53b6ed028f6d76733399728
ORG-GRA-GD48,Organic Quinoa,Grains,1L,961,24,"Varughese, Varty and Shetty Organic Farms","30/376, Pradhan Road, Vijayawada",India Organic,ORG-GRA-GD48-20240911-mV03,11-09-2024,01-09-2026,18-09-2024,Farm Fresh,"Farm Fresh (Vytilla), Ernakulam",49,In Stock,597b71d56ee295f526c0c19f7956c3cc96618fd0648a6dbc16a404df3bee29cc
ORG-GRA-GD48,Organic Quinoa,Grains,1L,961,24,"Varughese, Varty and Shetty Organic Farms","30/376, Pradhan Road, Vijayawada",India Organic,ORG-GRA-GD48-20250313-ez24,13-03-2025,03-03-2027,20-03-2025,Green Fields,"Green Fields (Banjara Hills), Hyderabad",3,Low Stock,91210897bc67f9ba8482d5e3c25464ebb88d21cc1e4532b65a83a2e8345c5cc8
ORG-GRA-GD48,Organic Quinoa,Grains,1L,961,24,"Varughese, Varty and Shetty Organic Farms","30/376, Pradhan Road, Vijayawada",India Organic,ORG-GRA-GD48-20240913-TO46,13-09-2024,03-09-2026,25-09-2024,Earthly Delights,"Earthly Delights (Koramangala), Bangalore",24,In Stock,f695806af530e3b3c0a6806921b07cb36d03c941a3108bddcd515123455f145d
ORG-GRA-GD48,Organic Quinoa,Grains,1L,961,24,"Varughese, Varty and Shetty Organic Farms","30/376, Pradhan Road, Vijayawada",India Organic,ORG-GRA-GD48-20250207-gI87,07-02-2025,28-01-2027,19-02-2025,Coastal Organics,"Coastal Organics (Beach Road), Visakhapatnam",50,In Stock,45d6cb5afefd040451630203a022049e0c20790874825d52dd9649d8f98acf0b
ORG-GRA-GD48,Organic Quinoa,Grains,1L,961,24,"Varughese, Varty and Shetty Organic Farms","30/376, Pradhan Road, Vijayawada",India Organic,ORG-GRA-GD48-20240822-uO61,22-08-2024,12-08-2026,29-08-2024,Green Valley,"Green Valley (Indiranagar), Bangalore",43,In Stock,beca80efacbee544bc920b4dac07c1e946f5a3384349a35b9a670d883809a717
ORG-GRA-GD48,Organic Quinoa,Grains,1L,961,24,"Varughese, Varty and Shetty Organic Farms","30/376, Pradhan Road, Vijayawada",India Organic,ORG-GRA-GD48-20240526-Vz87,26-05-2024,16-05-2026,04-06-2024,Namma Organic,"Namma Organic (Vijaynagar), Mysore",41,In Stock,439524fe23cba22519e5c2b338e972921b08c03055e98df4b8d926f0860e823c
ORG-GRA-GD48,Organic Quinoa,Grains,1L,961,24,"Varughese, Varty and Shetty Organic Farms","30/376, Pradhan Road, Vijayawada",India Organic,ORG-GRA-GD48-20241203-tB01,03-12-2024,23-11-2026,12-12-2024,Green Fields,"Green Fields (Banjara Hills), Hyderabad",35,In Stock,9976db4e8d4d12f2ea6fe43039f1bfe42e03e84aea09240679bd51d2e4c1493b
ORG-GRA-GD48,Organic Quinoa,Grains,1L,961,24,"Varughese, Varty and Shetty Organic Farms","30/376, Pradhan Road, Vijayawada",India Organic,ORG-GRA-GD48-20240704-VD75,04-07-2024,24-06-2026,16-07-2024,Green Fields,"Green Fields (Banjara Hills), Hyderabad",17,In Stock,9bdf59f70467239287cacb8a6eed8d71e7be398621941fe9947887c3682c40d8
ORG-GRA-GD48,Organic Quinoa,Grains,1L,961,24,"Varughese, Varty and Shetty Organic Farms","30/376, Pradhan Road, Vijayawada",India Organic,ORG-GRA-GD48-20240613-LR24,13-06-2024,03-06-2026,20-06-2024,Organic Heaven,"Organic Heaven (Adyar), Chennai",48,In Stock,652645cfd09f4e5c886a2647edce7870461b75a47e96f855ab18120ab848b5ba
ORG-GRA-GD48,Organic Quinoa,Grains,1L,961,24,"Varughese, Varty and Shetty Organic Farms","30/376, Pradhan Road, Vijayawada",India Organic,ORG-GRA-GD48-20240814-iB32,14-08-2024,04-08-2026,19-08-2024,Eco Store,"Eco Store (Mavoor Road), Kozhikode",48,In Stock,1d3e964a93ba5962c67d9b1318cfa665f94eb2ce864d297c86179ff16f4a294a
ORG-GRA-GD48,Organic Quinoa,Grains,1L,961,24,"Varughese, Varty and Shetty Organic Farms","30/376, Pradhan Road, Vijayawada",India Organic,ORG-GRA-GD48-20250130-tA70,30-01-2025,20-01-2027,10-02-2025,Fresh Harvest,"Fresh Harvest (T. Nagar), Chennai",19,In Stock,173b8a5750f6ea763b8c8acd92c4e893db95a962437c193158a63a0f3df499f1
ORG-SPI-NS48,Organic Turmeric Powder,Spices,25 Bags,950,24,"Ratti, Bera and Parsa Organic Farms","738, Ganesh Ganj, Coimbatore",Jaivik Bharat,ORG-SPI-NS48-20240627-eb12,27-06-2024,17-06-2026,30-06-2024,Green Fields,"Green Fields (Banjara Hills), Hyderabad",49,In Stock,9315b3a43d877e271fa3568bc0d6b596afbea2456f9aca01e3cff54e6b7dd110
ORG-SPI-NS48,Organic Turmeric Powder,Spices,25 Bags,950,24,"Ratti, Bera and Parsa Organic Farms","738, Ganesh Ganj, Coimbatore",Jaivik Bharat,ORG-SPI-NS48-20250419-Fd94,19-04-2025,09-04-2027,01-05-2025,Farm Fresh,"Farm Fresh (Vytilla), Ernakulam",17,In Stock,315ff066389c66199d67de04ab1700c2d60797296f4ed67cd9cd65d172fb9048
ORG-SPI-NS48,Organic Turmeric Powder,Spices,25 Bags,950,24,"Ratti, Bera and Parsa Organic Farms","738, Ganesh Ganj, Coimbatore",Jaivik Bharat,ORG-SPI-NS48-20250119-ez84,19-01-2025,09-01-2027,25-01-2025,Namma Organic,"Namma Organic (Vijaynagar), Mysore",4,Low Stock,9e2c52955e90f504ef15eaa4d11ebcb93e0ca60d05f8e05f11e9d5df897e2c19
ORG-SPI-NS48,Organic Turmeric Powder,Spices,25 Bags,950,24,"Ratti, Bera and Parsa Organic Farms","738, Ganesh Ganj, Coimbatore",Jaivik Bharat,ORG-SPI-NS48-20250114-qI31,14-01-2025,04-01-2027,19-01-2025,Nature's Basket,"Nature's Basket (Kowdiar), Thiruvananthapuram",6,Low Stock,b96803bb67c7cded32edd7365f8bff2e1af16834245e1b2d6560d371a326d6b9
ORG-SPI-NS48,Organic Turmeric Powder,Spices,25 Bags,950,24,"Ratti, Bera and Parsa Organic Farms","738, Ganesh Ganj, Coimbatore",Jaivik Bharat,ORG-SPI-NS48-20240616-rI40,16-06-2024,06-06-2026,01-07-2024,Coastal Organics,"Coastal Organics (Beach Road), Visakhapatnam",15,In Stock,df8198aaf93a388a9906cad42b19af69fd77ceb5d575fd1a213553cda0bf09b7
ORG-SPI-NS48,Organic Turmeric Powder,Spices,25 Bags,950,24,"Ratti, Bera and Parsa Organic Farms","738, Ganesh Ganj, Coimbatore",Jaivik Bharat,ORG-SPI-NS48-20241018-pZ75,18-10-2024,08-10-2026,21-10-2024,Pure Roots,"Pure Roots (RS Puram), Coimbatore",46,In Stock,e0547ac42086bca4c988d89339de690b2d45e5c6e636f37da277fd04a5afa259
ORG-SPI-NS48,Organic Turmeric Powder,Spices,25 Bags,950,24,"Ratti, Bera and Parsa Organic Farms","738, Ganesh Ganj, Coimbatore",Jaivik Bharat,ORG-SPI-NS48-20240902-Pj11,02-09-2024,23-08-2026,15-09-2024,Farm Fresh,"Farm Fresh (Vytilla), Ernakulam",6,Low Stock,0ccbe41d823f9c0453009790480a930f3d88ed00ee7a3794f84749c402e09ab2
ORG-SPI-NS48,Organic Turmeric Powder,Spices,25 Bags,950,24,"Ratti, Bera and Parsa Organic Farms","738, Ganesh Ganj, Coimbatore",Jaivik Bharat,ORG-SPI-NS48-20241008-rq88,08-10-2024,28-09-2026,13-10-2024,Namma Organic,"Namma Organic (Vijaynagar), Mysore",17,In Stock,599fd22d680818a313a964695a291646badd1f33a41c393c9decdfc41d31914e
ORG-SPI-NS48,Organic Turmeric Powder,Spices,25 Bags,950,24,"Ratti, Bera and Parsa Organic Farms","738, Ganesh Ganj, Coimbatore",Jaivik Bharat,ORG-SPI-NS48-20250130-Hb11,30-01-2025,20-01-2027,13-02-2025,Coastal Organics,"Coastal Organics (Beach Road), Visakhapatnam",30,In Stock,6bcf02c1d801415a82cb2f9f3def1035e4af42f1dab81561d701064cd4331692
ORG-SPI-NS48,Organic Turmeric Powder,Spices,25 Bags,950,24,"Ratti, Bera and Parsa Organic Farms","738, Ganesh Ganj, Coimbatore",Jaivik Bharat,ORG-SPI-NS48-20250109-Pn08,09-01-2025,30-12-2026,15-01-2025,Green Valley,"Green Valley (Indiranagar), Bangalore",26,In Stock,f4db5676dcda3a37fcba488f316a9cc5d5379ac8271d35a9b84cc514bba42890
ORG-SPI-NS48,Organic Turmeric Powder,Spices,25 Bags,950,24,"Ratti, Bera and Parsa Organic Farms","738, Ganesh Ganj, Coimbatore",Jaivik Bharat,ORG-SPI-NS48-20241106-Dd76,06-11-2024,27-10-2026,19-11-2024,Organic World,"Organic World (Kadavanthara), Ernakulam",32,In Stock,cc8ffb3f2dab9185e666e5ea97c2bf069c2dbbde6cf89be51728da0fc2f464e0
ORG-SPI-NS48,Organic Turmeric Powder,Spices,25 Bags,950,24,"Ratti, Bera and Parsa Organic Farms","738, Ganesh Ganj, Coimbatore",Jaivik Bharat,ORG-SPI-NS48-20241020-pZ83,20-10-2024,10-10-2026,29-10-2024,Eco Friendly,"Eco Friendly (Gachibowli), Hyderabad",20,In Stock,9e47ebc50a1d8b53165579883bb798347ddfe2aceec655de0a52e098ecb01b0e
ORG-SPI-NS48,Organic Turmeric Powder,Spices,25 Bags,950,24,"Ratti, Bera and Parsa Organic Farms","738, Ganesh Ganj, Coimbatore",Jaivik Bharat,ORG-SPI-NS48-20250114-lU87,14-01-2025,04-01-2027,26-01-2025,Nature's Basket,"Nature's Basket (Kowdiar), Thiruvananthapuram",40,In Stock,b4e63cb5842217bc07ce3186a3493005901a1b61b38611efc2b0f43044a70534
ORG-SPI-NS48,Organic Turmeric Powder,Spices,25 Bags,950,24,"Ratti, Bera and Parsa Organic Farms","738, Ganesh Ganj, Coimbatore",Jaivik Bharat,ORG-SPI-NS48-20240916-fF03,16-09-2024,06-09-2026,25-09-2024,Green Fields,"Green Fields (Banjara Hills), Hyderabad",40,In Stock,d9c9b2d0061805b6d7e3222d86d47545875b03c99bab91eb60b825a746b9b8b0
ORG-SPI-NS48,Organic Turmeric Powder,Spices,25 Bags,950,24,"Ratti, Bera and Parsa Organic Farms","738, Ganesh Ganj, Coimbatore",Jaivik Bharat,ORG-SPI-NS48-20241005-ZG65,05-10-2024,25-09-2026,17-10-2024,Earthly Delights,"Earthly Delights (Koramangala), Bangalore",38,In Stock,76e02d73ad7032ac9cd52d06998ded32ac573c27da586bc0f09df4bf39052833
ORG-SPI-NS48,Organic Turmeric Powder,Spices,25 Bags,950,24,"Ratti, Bera and Parsa Organic Farms","738, Ganesh Ganj, Coimbatore",Jaivik Bharat,ORG-SPI-NS48-20241209-xt50,09-12-2024,29-11-2026,11-12-2024,Pure Roots,"Pure Roots (RS Puram), Coimbatore",6,Low Stock,16738ef6d8de871b262861476d40a8091d792332eab64b19531b36c094c90243
ORG-SPI-NS48,Organic Turmeric Powder,Spices,25 Bags,950,24,"Ratti, Bera and Parsa Organic Farms","738, Ganesh Ganj, Coimbatore",Jaivik Bharat,ORG-SPI-NS48-20250114-af06,14-01-2025,04-01-2027,21-01-2025,Pure Roots,"Pure Roots (RS Puram), Coimbatore",6,Low Stock,306d1589a31a5b551afea2ebf5d0e215dbe304a955dc9069c16ffff4f057ab0f
ORG-SPI-NS48,Organic Turmeric Powder,Spices,25 Bags,950,24,"Ratti, Bera and Parsa Organic Farms","738, Ganesh Ganj, Coimbatore",Jaivik Bharat,ORG-SPI-NS48-20250301-sh05,01-03-2025,19-02-2027,10-03-2025,Eco Store,"Eco Store (Mavoor Road), Kozhikode",16,In Stock,883ea6bf02a4efecaccfee32badb2ec241e794032a05691797d8d03b8cece96d
ORG-SPI-NS48,Organic Turmeric Powder,Spices,25 Bags,950,24,"Ratti, Bera and Parsa Organic Farms","738, Ganesh Ganj, Coimbatore",Jaivik Bharat,ORG-SPI-NS48-20250419-BA17,19-04-2025,09-04-2027,30-04-2025,Nature's Basket,"Nature's Basket (Kowdiar), Thiruvananthapuram",26,In Stock,e93f3ec7fd6587a54e9de9da111a136e77adae401a58ad99b3a690b7ca6afda9
ORG-SPI-NS48,Organic Turmeric Powder,Spices,25 Bags,950,24,"Ratti, Bera and Parsa Organic Farms","738, Ganesh Ganj, Coimbatore",Jaivik Bharat,ORG-SPI-NS48-20250215-TN02,15-02-2025,05-02-2027,19-02-2025,Nature's Basket,"Nature's Basket (Kowdiar), Thiruvananthapuram",7,Low Stock,acdb19645a15a38c1d0dfce779f08e297972970c61ede38c51c4d07883ebbd9c
ORG-SPI-NS48,Organic Turmeric Powder,Spices,25 Bags,950,24,"Ratti, Bera and Parsa Organic Farms","738, Ganesh Ganj, Coimbatore",Jaivik Bharat,ORG-SPI-NS48-20241013-lX22,13-10-2024,03-10-2026,16-10-2024,Green Fields,"Green Fields (Banjara Hills), Hyderabad",25,In Stock,6189b7b62e0d4eb23c89424b1ad90107175f175b7d77eb41ac870b23a19614f8
ORG-SPI-NS48,Organic Turmeric Powder,Spices,25 Bags,950,24,"Ratti, Bera and Parsa Organic Farms","738, Ganesh Ganj, Coimbatore",Jaivik Bharat,ORG-SPI-NS48-20241001-WI51,01-10-2024,21-09-2026,13-10-2024,Namma Organic,"Namma Organic (Vijaynagar), Mysore",25,In Stock,577c668a75c7acbb9ec00c73c31e17cf20dfcbe9f15dc48416b3bc09c62cdca5
ORG-SPI-NS48,Organic Turmeric Powder,Spices,25 Bags,950,24,"Ratti, Bera and Parsa Organic Farms","738, Ganesh Ganj, Coimbatore",Jaivik Bharat,ORG-SPI-NS48-20241207-fC82,07-12-2024,27-11-2026,13-12-2024,Fresh Harvest,"Fresh Harvest (T. Nagar), Chennai",24,In Stock,ee0ac6de224c4dc2b452c6b16694376dfae9793fe736b1f18242100189516ae6
ORG-SPI-NS48,Organic Turmeric Powder,Spices,25 Bags,950,24,"Ratti, Bera and Parsa Organic Farms","738, Ganesh Ganj, Coimbatore",Jaivik Bharat,ORG-SPI-NS48-20240719-vc96,19-07-2024,09-07-2026,27-07-2024,Nature's Basket,"Nature's Basket (Kowdiar), Thiruvananthapuram",16,In Stock,31bf1a95364af3eb30a9d84999246b98339186ebe5548510ae7b194886499c3b
ORG-SPI-NS48,Organic Turmeric Powder,Spices,25 Bags,950,24,"Ratti, Bera and Parsa Organic Farms","738, Ganesh Ganj, Coimbatore",Jaivik Bharat,ORG-SPI-NS48-20240724-JZ59,24-07-2024,14-07-2026,30-07-2024,Nature's Basket,"Nature's Basket (Kowdiar), Thiruvananthapuram",1,Low Stock,2214a9a2ded126ac16f725eca14751b5aadd1608837e18ec8aa323087f17acef
ORG-SPI-NS48,Organic Turmeric Powder,Spices,25 Bags,950,24,"Ratti, Bera and Parsa Organic Farms","738, Ganesh Ganj, Coimbatore",Jaivik Bharat,ORG-SPI-NS48-20241014-js41,14-10-2024,04-10-2026,20-10-2024,Farm Fresh,"Farm Fresh (Vytilla), Ernakulam",36,In Stock,59ac225e6647771d27eeb3fbe6f9a991d258f8f9b25835ab1ab641de4f6918d2
ORG-SPI-NS48,Organic Turmeric Powder,Spices,25 Bags,950,24,"Ratti, Bera and Parsa Organic Farms","738, Ganesh Ganj, Coimbatore",Jaivik Bharat,ORG-SPI-NS48-20240611-Me76,11-06-2024,01-06-2026,21-06-2024,Namma Organic,"Namma Organic (Vijaynagar), Mysore",15,In Stock,1c6a86d44a64b0ea474cc171bf95cbb07e0288c0df4cf431d7c133bc57daa0dc
ORG-SPI-NS48,Organic Turmeric Powder,Spices,25 Bags,950,24,"Ratti, Bera and Parsa Organic Farms","738, Ganesh Ganj, Coimbatore",Jaivik Bharat,ORG-SPI-NS48-20241209-tK79,09-12-2024,29-11-2026,15-12-2024,Green Fields,"Green Fields (Banjara Hills), Hyderabad",38,In Stock,ace2500afedfbce783c09feb8742eff68d3ea3268da76c1857da585d7a0b8fd7
ORG-SPI-NS48,Organic Turmeric Powder,Spices,25 Bags,950,24,"Ratti, Bera and Parsa Organic Farms","738, Ganesh Ganj, Coimbatore",Jaivik Bharat,ORG-SPI-NS48-20241003-Cf70,03-10-2024,23-09-2026,17-10-2024,Pure Roots,"Pure Roots (RS Puram), Coimbatore",20,In Stock,a51b039aacf631b98987ae7a2f4e4b8ac5510b207e721be20c8415b888704f24
ORG-SPI-NS48,Organic Turmeric Powder,Spices,25 Bags,950,24,"Ratti, Bera and Parsa Organic Farms","738, Ganesh Ganj, Coimbatore",Jaivik Bharat,ORG-SPI-NS48-20250213-fd64,13-02-2025,03-02-2027,23-02-2025,Green Fields,"Green Fields (Banjara Hills), Hyderabad",17,In Stock,4ee79dc71a4557d2e12dd00ca66b3f344ec8456dac65cbe82c9947f46ee4e813
ORG-SPI-NS48,Organic Turmeric Powder,Spices,25 Bags,950,24,"Ratti, Bera and Parsa Organic Farms","738, Ganesh Ganj, Coimbatore",Jaivik Bharat,ORG-SPI-NS48-20250315-Dw38,15-03-2025,05-03-2027,18-03-2025,Green Fields,"Green Fields (Banjara Hills), Hyderabad",49,In Stock,3b8bf63490b9a1c1b03e3def14443b5839d3635bfda33e271d4a507ba43e5acd
ORG-SPI-NS48,Organic Turmeric Powder,Spices,25 Bags,950,24,"Ratti, Bera and Parsa Organic Farms","738, Ganesh Ganj, Coimbatore",Jaivik Bharat,ORG-SPI-NS48-20250109-AP25,09-01-2025,30-12-2026,16-01-2025,Eco Store,"Eco Store (Mavoor Road), Kozhikode",36,In Stock,fc88062bde9922dbc38992aa36207d1b0e3fafffcdfb8f062d2ec800a16c9a83
ORG-SPI-NS48,Organic Turmeric Powder,Spices,25 Bags,950,24,"Ratti, Bera and Parsa Organic Farms","738, Ganesh Ganj, Coimbatore",Jaivik Bharat,ORG-SPI-NS48-20240925-dL52,25-09-2024,15-09-2026,10-10-2024,Fresh Harvest,"Fresh Harvest (T. Nagar), Chennai",3,Low Stock,ac5e83d38901c2a72b35c3daebf8e4b092bd0089211e35e31d36d8eb0d471493
ORG-SPI-NS48,Organic Turmeric Powder,Spices,25 Bags,950,24,"Ratti, Bera and Parsa Organic Farms","738, Ganesh Ganj, Coimbatore",Jaivik Bharat,ORG-SPI-NS48-20241128-mS51,28-11-2024,18-11-2026,01-12-2024,Namma Organic,"Namma Organic (Vijaynagar), Mysore",16,In Stock,f156b6a3d99ed5ba98b7f0dd0c27785df79ff39081ba4baeebf21c11df9481c2
ORG-SPI-NS48,Organic Turmeric Powder,Spices,25 Bags,950,24,"Ratti, Bera and Parsa Organic Farms","738, Ganesh Ganj, Coimbatore",Jaivik Bharat,ORG-SPI-NS48-20240621-lg19,21-06-2024,11-06-2026,06-07-2024,Earthly Delights,"Earthly Delights (Koramangala), Bangalore",44,In Stock,7ab808b2d679b894e1ab8d706d2be90d9698ecb43ae2f07f151ca170b2fac8cb
ORG-SPI-NS48,Organic Turmeric Powder,Spices,25 Bags,950,24,"Ratti, Bera and Parsa Organic Farms","738, Ganesh Ganj, Coimbatore",Jaivik Bharat,ORG-SPI-NS48-20241126-Kc49,26-11-2024,16-11-2026,01-12-2024,Earthly Delights,"Earthly Delights (Koramangala), Bangalore",17,In Stock,2cf1fc665555b6b7abde4be996f16ba210f9d98870e5a288bce67d04c716a551
ORG-SPI-NS48,Organic Turmeric Powder,Spices,25 Bags,950,24,"Ratti, Bera and Parsa Organic Farms","738, Ganesh Ganj, Coimbatore",Jaivik Bharat,ORG-SPI-NS48-20240816-nh60,16-08-2024,06-08-2026,23-08-2024,Green Fields,"Green Fields (Banjara Hills), Hyderabad",45,In Stock,184145e973e386d4ea7ca8890c6d6e1e32a975811d44ece40da6bb3b1012d951
ORG-SPI-NS48,Organic Turmeric Powder,Spices,25 Bags,950,24,"Ratti, Bera and Parsa Organic Farms","738, Ganesh Ganj, Coimbatore",Jaivik Bharat,ORG-SPI-NS48-20241223-gL71,23-12-2024,13-12-2026,31-12-2024,Eco Friendly,"Eco Friendly (Gachibowli), Hyderabad",16,In Stock,aa48919242f8ba7e01ba4f40b35b73f7857f9450125211248840077b527b3350
ORG-SPI-NS48,Organic Turmeric Powder,Spices,25 Bags,950,24,"Ratti, Bera and Parsa Organic Farms","738, Ganesh Ganj, Coimbatore",Jaivik Bharat,ORG-SPI-NS48-20240910-Or57,10-09-2024,31-08-2026,20-09-2024,Green Mart,"Green Mart (Edappally), Ernakulam",16,In Stock,3f764ab975621a3c369795ecfac4a581beba7feb7e9a991739d8a444875b9a4e
ORG-SPI-NS48,Organic Turmeric Powder,Spices,25 Bags,950,24,"Ratti, Bera and Parsa Organic Farms","738, Ganesh Ganj, Coimbatore",Jaivik Bharat,ORG-SPI-NS48-20250128-ab72,28-01-2025,18-01-2027,02-02-2025,Nature's Basket,"Nature's Basket (Kowdiar), Thiruvananthapuram",14,In Stock,6bbb76c2cbd4caf885b2b186f62166f095d412d30dea9277e77d234131566248
ORG-SPI-NS48,Organic Turmeric Powder,Spices,25 Bags,950,24,"Ratti, Bera and Parsa Organic Farms","738, Ganesh Ganj, Coimbatore",Jaivik Bharat,ORG-SPI-NS48-20250127-gj09,27-01-2025,17-01-2027,03-02-2025,Namma Organic,"Namma Organic (Vijaynagar), Mysore",38,In Stock,136a7a5eee5dfe4615958001d305822a96f7001ba312e558b13d274e1f7bc17e
ORG-SPI-NS48,Organic Turmeric Powder,Spices,25 Bags,950,24,"Ratti, Bera and Parsa Organic Farms","738, Ganesh Ganj, Coimbatore",Jaivik Bharat,ORG-SPI-NS48-20241202-sy44,02-12-2024,22-11-2026,15-12-2024,Fresh Harvest,"Fresh Harvest (T. Nagar), Chennai",16,In Stock,da9ac39d576b76d927269050642af0c0040e41ed11e561defcf67b4a4c7e2aca
ORG-SPI-NS48,Organic Turmeric Powder,Spices,25 Bags,950,24,"Ratti, Bera and Parsa Organic Farms","738, Ganesh Ganj, Coimbatore",Jaivik Bharat,ORG-SPI-NS48-20250317-WU47,17-03-2025,07-03-2027,01-04-2025,Coastal Organics,"Coastal Organics (Beach Road), Visakhapatnam",35,In Stock,67ce1f923dc043627b6981fda769c30379d955b70e579be21f21d90cb34be8d7
ORG-SPI-NS48,Organic Turmeric Powder,Spices,25 Bags,950,24,"Ratti, Bera and Parsa Organic Farms","738, Ganesh Ganj, Coimbatore",Jaivik Bharat,ORG-SPI-NS48-20240518-Jr90,18-05-2024,08-05-2026,02-06-2024,Fresh Harvest,"Fresh Harvest (T. Nagar), Chennai",35,In Stock,720f862b6470d41c2be566fe45e2cea19076cf56c49a796d977ec96872ff2b87
ORG-SPI-NS48,Organic Turmeric Powder,Spices,25 Bags,950,24,"Ratti, Bera and Parsa Organic Farms","738, Ganesh Ganj, Coimbatore",Jaivik Bharat,ORG-SPI-NS48-20241119-db77,19-11-2024,09-11-2026,22-11-2024,Green Fields,"Green Fields (Banjara Hills), Hyderabad",3,Low Stock,3c1ceb3a45f36aa7c34789ea7e5f3a01a60e42725a12a6da86b80a25a2c8f402
ORG-SPI-NS48,Organic Turmeric Powder,Spices,25 Bags,950,24,"Ratti, Bera and Parsa Organic Farms","738, Ganesh Ganj, Coimbatore",Jaivik Bharat,ORG-SPI-NS48-20250113-ki94,13-01-2025,03-01-2027,14-01-2025,Eco Store,"Eco Store (Mavoor Road), Kozhikode",3,Low Stock,fc103ccaa30de46bfeeb7c074adc93f4b1574f6a5faf042939ef70172deb3680
ORG-SPI-NS48,Organic Turmeric Powder,Spices,25 Bags,950,24,"Ratti, Bera and Parsa Organic Farms","738, Ganesh Ganj, Coimbatore",Jaivik Bharat,ORG-SPI-NS48-20241231-TK01,31-12-2024,21-12-2026,02-01-2025,Namma Organic,"Namma Organic (Vijaynagar), Mysore",20,In Stock,a4b8939c29cc7c1ac4e62670e48199c012e66b93aeb69b35e1eb4aa9ab03e9ae
ORG-SPI-NS48,Organic Turmeric Powder,Spices,25 Bags,950,24,"Ratti, Bera and Parsa Organic Farms","738, Ganesh Ganj, Coimbatore",Jaivik Bharat,ORG-SPI-NS48-20240610-tO97,10-06-2024,31-05-2026,12-06-2024,Organic Heaven,"Organic Heaven (Adyar), Chennai",4,Low Stock,9796ef3b7b5f820ff500b82a24ccb481a225f6ed55fc2d5cf5aef8b4c90ec10a
ORG-SPI-NS48,Organic Turmeric Powder,Spices,25 Bags,950,24,"Ratti, Bera and Parsa Organic Farms","738, Ganesh Ganj, Coimbatore",Jaivik Bharat,ORG-SPI-NS48-20250403-xe63,03-04-2025,24-03-2027,08-04-2025,Nature's Basket,"Nature's Basket (Kowdiar), Thiruvananthapuram",24,In Stock,ce1a58e66105d89646dab2f87f0ea79ce535d4d3907d1afd6ada783a9a757d39
ORG-SPI-NS48,Organic Turmeric Powder,Spices,25 Bags,950,24,"Ratti, Bera and Parsa Organic Farms","738, Ganesh Ganj, Coimbatore",Jaivik Bharat,ORG-SPI-NS48-20240610-NR58,10-06-2024,31-05-2026,13-06-2024,Pure Roots,"Pure Roots (RS Puram), Coimbatore",6,Low Stock,f85135abfc5428b1133da25da9e0ab5322b6d21644f7405df1a2868a1f8ac676
ORG-SPI-DF67,Organic Black Pepper,Spices,500ml,459,12,"Ravi, Nath and Kaur Organic Farms","62/680, Mangal Chowk, Vijayawada",Jaivik Bharat,ORG-SPI-DF67-20250129-ah09,29-01-2025,24-01-2026,06-02-2025,Pure Roots,"Pure Roots (RS Puram), Coimbatore",26,In Stock,c76276a6ce47cd86b49e3a9dea2b3fee13933a5fbddc64e4baf5a4b4c49a7239
ORG-SPI-DF67,Organic Black Pepper,Spices,500ml,459,12,"Ravi, Nath and Kaur Organic Farms","62/680, Mangal Chowk, Vijayawada",Jaivik Bharat,ORG-SPI-DF67-20250109-uk47,09-01-2025,04-01-2026,12-01-2025,Coastal Organics,"Coastal Organics (Beach Road), Visakhapatnam",3,Low Stock,bd130a1e99fd908c7cfedc34694b74ff23a59d8d1c05f0ed49cdbcc98a583cc5
ORG-SPI-DF67,Organic Black Pepper,Spices,500ml,459,12,"Ravi, Nath and Kaur Organic Farms","62/680, Mangal Chowk, Vijayawada",Jaivik Bharat,ORG-SPI-DF67-20250111-vG05,11-01-2025,06-01-2026,15-01-2025,Earthly Delights,"Earthly Delights (Koramangala), Bangalore",20,In Stock,7f4eac5a75653c5304a12ae53120487fa825aca9346bd617d1baf9ad1a17d2c1
ORG-SPI-DF67,Organic Black Pepper,Spices,500ml,459,12,"Ravi, Nath and Kaur Organic Farms","62/680, Mangal Chowk, Vijayawada",Jaivik Bharat,ORG-SPI-DF67-20250108-yt41,08-01-2025,03-01-2026,18-01-2025,Eco Store,"Eco Store (Mavoor Road), Kozhikode",46,In Stock,d7991c0a74608b019a8bc880af39915dd64c562f9373d367ca20a2f3ad0b3e49
ORG-SPI-DF67,Organic Black Pepper,Spices,500ml,459,12,"Ravi, Nath and Kaur Organic Farms","62/680, Mangal Chowk, Vijayawada",Jaivik Bharat,ORG-SPI-DF67-20250109-iu15,09-01-2025,04-01-2026,11-01-2025,Pure Roots,"Pure Roots (RS Puram), Coimbatore",29,In Stock,aae312cf4211d90ed7dcfe7fb23f4a7e75bf0ef4f409c801e11463079c1576e6
ORG-SPI-DF67,Organic Black Pepper,Spices,500ml,459,12,"Ravi, Nath and Kaur Organic Farms","62/680, Mangal Chowk, Vijayawada",Jaivik Bharat,ORG-SPI-DF67-20250107-KJ83,07-01-2025,02-01-2026,20-01-2025,Coastal Organics,"Coastal Organics (Beach Road), Visakhapatnam",19,In Stock,d30ce21d8d593d0d2483d09a4d636fe4026ace1c09ec345e1a6d03f1a840b906
ORG-SPI-DF67,Organic Black Pepper,Spices,500ml,459,12,"Ravi, Nath and Kaur Organic Farms","62/680, Mangal Chowk, Vijayawada",Jaivik Bharat,ORG-SPI-DF67-20250110-JR59,10-01-2025,05-01-2026,20-01-2025,Farm Fresh,"Farm Fresh (Vytilla), Ernakulam",0,Out of Stock,0567f4d44da7d33ec442e7294c319a4460b74b6772f0a7725e640a6351e317d5
ORG-SPI-DF67,Organic Black Pepper,Spices,500ml,459,12,"Ravi, Nath and Kaur Organic Farms","62/680, Mangal Chowk, Vijayawada",Jaivik Bharat,ORG-SPI-DF67-20250116-Cr89,16-01-2025,11-01-2026,22-01-2025,Organic Heaven,"Organic Heaven (Adyar), Chennai",28,In Stock,d4618e8ff02404706a38042e89dd59abd9ea507a83dcc28750ad603dd5302b41
ORG-SPI-DF67,Organic Black Pepper,Spices,500ml,459,12,"Ravi, Nath and Kaur Organic Farms","62/680, Mangal Chowk, Vijayawada",Jaivik Bharat,ORG-SPI-DF67-20250110-Ob42,10-01-2025,05-01-2026,12-01-2025,Green Valley,"Green Valley (Indiranagar), Bangalore",3,Low Stock,aa16b29cee7219ed3b2dd6426c2053f231fa2a7c600d083461ffbd92b2c12478
ORG-SPI-DF67,Organic Black Pepper,Spices,500ml,459,12,"Ravi, Nath and Kaur Organic Farms","62/680, Mangal Chowk, Vijayawada",Jaivik Bharat,ORG-SPI-DF67-20250123-dV62,23-01-2025,18-01-2026,27-01-2025,Nature's Basket,"Nature's Basket (Kowdiar), Thiruvananthapuram",8,Low Stock,59248684ba032571d1b3b1efb1385c40b198b222630201aa0e59d26efab799f5
ORG-SPI-DF67,Organic Black Pepper,Spices,500ml,459,12,"Ravi, Nath and Kaur Organic Farms","62/680, Mangal Chowk, Vijayawada",Jaivik Bharat,ORG-SPI-DF67-20250130-Jj95,30-01-2025,25-01-2026,07-02-2025,Nature's Basket,"Nature's Basket (Kowdiar), Thiruvananthapuram",25,In Stock,d05fdb979304e93777934663743331f01034f1c7bf34b11ebfc596ddabd91dc7
ORG-SPI-DF67,Organic Black Pepper,Spices,500ml,459,12,"Ravi, Nath and Kaur Organic Farms","62/680, Mangal Chowk, Vijayawada",Jaivik Bharat,ORG-SPI-DF67-20250125-zi44,25-01-2025,20-01-2026,30-01-2025,Organic Heaven,"Organic Heaven (Adyar), Chennai",14,In Stock,3dd24cc33625b71f49016a2631abb41e45f2f56b993cab3a6763f472c337a922
ORG-SPI-DF67,Organic Black Pepper,Spices,500ml,459,12,"Ravi, Nath and Kaur Organic Farms","62/680, Mangal Chowk, Vijayawada",Jaivik Bharat,ORG-SPI-DF67-20250115-pL56,15-01-2025,10-01-2026,30-01-2025,Pure Roots,"Pure Roots (RS Puram), Coimbatore",4,Low Stock,a83eda48969aae5e690737aee6eea7ec8a243b859b49aae93074b8c9ad629cd0
ORG-SPI-DF67,Organic Black Pepper,Spices,500ml,459,12,"Ravi, Nath and Kaur Organic Farms","62/680, Mangal Chowk, Vijayawada",Jaivik Bharat,ORG-SPI-DF67-20250120-Gp34,20-01-2025,15-01-2026,24-01-2025,Coastal Organics,"Coastal Organics (Beach Road), Visakhapatnam",37,In Stock,2dc0ca9dfaf273d4d4e43cd29fed330baec0692bdbcf9d961597ff697ed7be19
ORG-SPI-DF67,Organic Black Pepper,Spices,500ml,459,12,"Ravi, Nath and Kaur Organic Farms","62/680, Mangal Chowk, Vijayawada",Jaivik Bharat,ORG-SPI-DF67-20250109-kD66,09-01-2025,04-01-2026,10-01-2025,Organic Heaven,"Organic Heaven (Adyar), Chennai",41,In Stock,07602372051390606d0fa85bf311dd44e6fdb7a02f9c58601a774b1e376ca91a
ORG-SPI-DF67,Organic Black Pepper,Spices,500ml,459,12,"Ravi, Nath and Kaur Organic Farms","62/680, Mangal Chowk, Vijayawada",Jaivik Bharat,ORG-SPI-DF67-20250129-we79,29-01-2025,24-01-2026,06-02-2025,Nature's Basket,"Nature's Basket (Kowdiar), Thiruvananthapuram",3,Low Stock,5d8a535909e1b6fa466e2b10382a6a7abd5ba36fa16d3e81d187510fb13f7f66
ORG-SPI-DF67,Organic Black Pepper,Spices,500ml,459,12,"Ravi, Nath and Kaur Organic Farms","62/680, Mangal Chowk, Vijayawada",Jaivik Bharat,ORG-SPI-DF67-20250113-ge36,13-01-2025,08-01-2026,28-01-2025,Organic Heaven,"Organic Heaven (Adyar), Chennai",34,In Stock,9c0a19b9981c1bbdeaa5861830e126f9830ce090e379d032cf0edaf72f022646
ORG-SPI-DF67,Organic Black Pepper,Spices,500ml,459,12,"Ravi, Nath and Kaur Organic Farms","62/680, Mangal Chowk, Vijayawada",Jaivik Bharat,ORG-SPI-DF67-20250127-rZ56,27-01-2025,22-01-2026,03-02-2025,Eco Friendly,"Eco Friendly (Gachibowli), Hyderabad",2,Low Stock,2c27c01b41e1c418789b869bbc7bd8ededcedf59f7a7e3a2a36664b7076f1ea7
ORG-SPI-DF67,Organic Black Pepper,Spices,500ml,459,12,"Ravi, Nath and Kaur Organic Farms","62/680, Mangal Chowk, Vijayawada",Jaivik Bharat,ORG-SPI-DF67-20250114-aZ65,14-01-2025,09-01-2026,25-01-2025,Namma Organic,"Namma Organic (Vijaynagar), Mysore",0,Out of Stock,916cff234b3625e84467e02f400189aee36db5a8c70f55c92fadde280a4f1bfa
ORG-SPI-DF67,Organic Black Pepper,Spices,500ml,459,12,"Ravi, Nath and Kaur Organic Farms","62/680, Mangal Chowk, Vijayawada",Jaivik Bharat,ORG-SPI-DF67-20250113-Ub20,13-01-2025,08-01-2026,18-01-2025,Organic Heaven,"Organic Heaven (Adyar), Chennai",29,In Stock,7bcad450bc0632ade6b3cb7d544e367eb22eb12c0984deda12e2df748a90de68
ORG-SPI-DF67,Organic Black Pepper,Spices,500ml,459,12,"Ravi, Nath and Kaur Organic Farms","62/680, Mangal Chowk, Vijayawada",Jaivik Bharat,ORG-SPI-DF67-20250123-SZ79,23-01-2025,18-01-2026,28-01-2025,Namma Organic,"Namma Organic (Vijaynagar), Mysore",24,In Stock,de20c20afa7ae3dc5e470d4f96f71116a8513ad7798c01f54444830a2d06de1f
ORG-SPI-DF67,Organic Black Pepper,Spices,500ml,459,12,"Ravi, Nath and Kaur Organic Farms","62/680, Mangal Chowk, Vijayawada",Jaivik Bharat,ORG-SPI-DF67-20250116-iz15,16-01-2025,11-01-2026,19-01-2025,Fresh Harvest,"Fresh Harvest (T. Nagar), Chennai",48,In Stock,39e7ed35886673ae259d8b83542ed60e01fa1648b810069688d4c617e8519cf1
ORG-SPI-DF67,Organic Black Pepper,Spices,500ml,459,12,"Ravi, Nath and Kaur Organic Farms","62/680, Mangal Chowk, Vijayawada",Jaivik Bharat,ORG-SPI-DF67-20250129-xQ32,29-01-2025,24-01-2026,13-02-2025,Fresh Harvest,"Fresh Harvest (T. Nagar), Chennai",11,In Stock,6780964ce1b71a5bdb2c88954b6629386f7c88afc8bb38094fd96c781d6de1f2
ORG-SPI-DF67,Organic Black Pepper,Spices,500ml,459,12,"Ravi, Nath and Kaur Organic Farms","62/680, Mangal Chowk, Vijayawada",Jaivik Bharat,ORG-SPI-DF67-20250105-IZ73,05-01-2025,31-12-2025,09-01-2025,Green Mart,"Green Mart (Edappally), Ernakulam",34,In Stock,e38a297ed312cfaa8a03c771f1bb11fa4b82c8aed4fd483b73afb830549f6b56
ORG-SPI-DF67,Organic Black Pepper,Spices,500ml,459,12,"Ravi, Nath and Kaur Organic Farms","62/680, Mangal Chowk, Vijayawada",Jaivik Bharat,ORG-SPI-DF67-20250116-qP86,16-01-2025,11-01-2026,19-01-2025,Pure Roots,"Pure Roots (RS Puram), Coimbatore",43,In Stock,8715336ae71c78fc4664b36bfe15c35473eada1bac0d2f6839845a19aaea75b4
ORG-SPI-DF67,Organic Black Pepper,Spices,500ml,459,12,"Ravi, Nath and Kaur Organic Farms","62/680, Mangal Chowk, Vijayawada",Jaivik Bharat,ORG-SPI-DF67-20250115-Ow02,15-01-2025,10-01-2026,22-01-2025,Eco Store,"Eco Store (Mavoor Road), Kozhikode",1,Low Stock,3b53667a17ebffc5800f3254c39c380d409163bec92af81242bd89d5edf1b83e
ORG-SPI-DF67,Organic Black Pepper,Spices,500ml,459,12,"Ravi, Nath and Kaur Organic Farms","62/680, Mangal Chowk, Vijayawada",Jaivik Bharat,ORG-SPI-DF67-20250114-tI62,14-01-2025,09-01-2026,28-01-2025,Organic World,"Organic World (Kadavanthara), Ernakulam",50,In Stock,3c0fa058122ccfdc6de2b0c549db847dfdf934fb47747592060a075138e7e9a8
ORG-SPI-DF67,Organic Black Pepper,Spices,500ml,459,12,"Ravi, Nath and Kaur Organic Farms","62/680, Mangal Chowk, Vijayawada",Jaivik Bharat,ORG-SPI-DF67-20250121-Pc84,21-01-2025,16-01-2026,24-01-2025,Farm Fresh,"Farm Fresh (Vytilla), Ernakulam",9,Low Stock,ee764eafe496992bc43ad0011c945d5145042a1b899205279b1788bfaf785527
ORG-SPI-DF67,Organic Black Pepper,Spices,500ml,459,12,"Ravi, Nath and Kaur Organic Farms","62/680, Mangal Chowk, Vijayawada",Jaivik Bharat,ORG-SPI-DF67-20250202-er48,02-02-2025,28-01-2026,13-02-2025,Nature's Basket,"Nature's Basket (Kowdiar), Thiruvananthapuram",5,Low Stock,5e6064b008b0513e43c0fff2a6dad5d720f902ed584536ecb848f6f377191829
ORG-SPI-DF67,Organic Black Pepper,Spices,500ml,459,12,"Ravi, Nath and Kaur Organic Farms","62/680, Mangal Chowk, Vijayawada",Jaivik Bharat,ORG-SPI-DF67-20250114-EM06,14-01-2025,09-01-2026,20-01-2025,Green Mart,"Green Mart (Edappally), Ernakulam",20,In Stock,d0b216d725197427bb1052adb0faef98982af9531aa271b38c7cf06de48852b3
ORG-SPI-DF67,Organic Black Pepper,Spices,500ml,459,12,"Ravi, Nath and Kaur Organic Farms","62/680, Mangal Chowk, Vijayawada",Jaivik Bharat,ORG-SPI-DF67-20250201-MV04,01-02-2025,27-01-2026,12-02-2025,Coastal Organics,"Coastal Organics (Beach Road), Visakhapatnam",21,In Stock,8fe85ce4a68aae1369a7de39fe07a0a196106690bae3b8668d2e8d489470e242
ORG-SPI-DF67,Organic Black Pepper,Spices,500ml,459,12,"Ravi, Nath and Kaur Organic Farms","62/680, Mangal Chowk, Vijayawada",Jaivik Bharat,ORG-SPI-DF67-20250113-Ig27,13-01-2025,08-01-2026,27-01-2025,Green Mart,"Green Mart (Edappally), Ernakulam",42,In Stock,c6830f1d3af360dcd484bffb4badd3868212289430867f32fcd0b6e91d2a07df
ORG-SPI-DF67,Organic Black Pepper,Spices,500ml,459,12,"Ravi, Nath and Kaur Organic Farms","62/680, Mangal Chowk, Vijayawada",Jaivik Bharat,ORG-SPI-DF67-20250225-hb62,25-02-2025,20-02-2026,27-02-2025,Pure Roots,"Pure Roots (RS Puram), Coimbatore",50,In Stock,1c3643c7572cc8ecaf895952b456f50f6d7e149188e1d856a4d935b787733e7d
ORG-SPI-DF67,Organic Black Pepper,Spices,500ml,459,12,"Ravi, Nath and Kaur Organic Farms","62/680, Mangal Chowk, Vijayawada",Jaivik Bharat,ORG-SPI-DF67-20250105-eM13,05-01-2025,31-12-2025,19-01-2025,Farm Fresh,"Farm Fresh (Vytilla), Ernakulam",29,In Stock,752bf2c8f256d441892f45e6df9e35b4c7f6a9dd324e351126ccad0c3593680e
ORG-SPI-DF67,Organic Black Pepper,Spices,500ml,459,12,"Ravi, Nath and Kaur Organic Farms","62/680, Mangal Chowk, Vijayawada",Jaivik Bharat,ORG-SPI-DF67-20250105-Yt82,05-01-2025,31-12-2025,17-01-2025,Nature's Basket,"Nature's Basket (Kowdiar), Thiruvananthapuram",13,In Stock,07b97240ca5619ed5dea06ba870789b705b17154078fe42b44d93d5760baf567
ORG-SPI-DF67,Organic Black Pepper,Spices,500ml,459,12,"Ravi, Nath and Kaur Organic Farms","62/680, Mangal Chowk, Vijayawada",Jaivik Bharat,ORG-SPI-DF67-20250120-IH96,20-01-2025,15-01-2026,23-01-2025,Pure Roots,"Pure Roots (RS Puram), Coimbatore",23,In Stock,65318190d7c8617ad340821930fb2d8b018fb13ef2e04073cb9c2bc9877e9bff
ORG-SPI-DF67,Organic Black Pepper,Spices,500ml,459,12,"Ravi, Nath and Kaur Organic Farms","62/680, Mangal Chowk, Vijayawada",Jaivik Bharat,ORG-SPI-DF67-20250212-Ss59,12-02-2025,07-02-2026,26-02-2025,Coastal Organics,"Coastal Organics (Beach Road), Visakhapatnam",7,Low Stock,d8d93aa47d9dd2ffba2900e437b262f3b067c4e0d198af33eb58f743e8739b1d
ORG-SPI-DF67,Organic Black Pepper,Spices,500ml,459,12,"Ravi, Nath and Kaur Organic Farms","62/680, Mangal Chowk, Vijayawada",Jaivik Bharat,ORG-SPI-DF67-20250202-Cy55,02-02-2025,28-01-2026,03-02-2025,Namma Organic,"Namma Organic (Vijaynagar), Mysore",23,In Stock,a15a34b4370729a22499b4d91aff8b1d326222b36b7ad7c90f1ea59861b428d7
ORG-SPI-DF67,Organic Black Pepper,Spices,500ml,459,12,"Ravi, Nath and Kaur Organic Farms","62/680, Mangal Chowk, Vijayawada",Jaivik Bharat,ORG-SPI-DF67-20250123-IA78,23-01-2025,18-01-2026,25-01-2025,Green Fields,"Green Fields (Banjara Hills), Hyderabad",36,In Stock,60a95d5b1e8eb60d3214c0c2895cafdfe257b63ee827723a65b7d034427ee149
ORG-SPI-DF67,Organic Black Pepper,Spices,500ml,459,12,"Ravi, Nath and Kaur Organic Farms","62/680, Mangal Chowk, Vijayawada",Jaivik Bharat,ORG-SPI-DF67-20250330-YM18,30-03-2025,25-03-2026,10-04-2025,Eco Store,"Eco Store (Mavoor Road), Kozhikode",23,In Stock,9048615a96170442488de4e3942d4574390c1508df85ff736b9140597ef3056e
ORG-SPI-DF67,Organic Black Pepper,Spices,500ml,459,12,"Ravi, Nath and Kaur Organic Farms","62/680, Mangal Chowk, Vijayawada",Jaivik Bharat,ORG-SPI-DF67-20250123-fc30,23-01-2025,18-01-2026,03-02-2025,Pure Roots,"Pure Roots (RS Puram), Coimbatore",12,In Stock,27c4208bd7e12e991a818970ae98be29a5c4d06405bbc9df06411d71dc7eba42
ORG-SPI-DF67,Organic Black Pepper,Spices,500ml,459,12,"Ravi, Nath and Kaur Organic Farms","62/680, Mangal Chowk, Vijayawada",Jaivik Bharat,ORG-SPI-DF67-20250124-nl58,24-01-2025,19-01-2026,27-01-2025,Farm Fresh,"Farm Fresh (Vytilla), Ernakulam",15,In Stock,e57e736394f31fade98066d2130a2c38af1a7c992108f75879601d1006000d63
ORG-SPI-DF67,Organic Black Pepper,Spices,500ml,459,12,"Ravi, Nath and Kaur Organic Farms","62/680, Mangal Chowk, Vijayawada",Jaivik Bharat,ORG-SPI-DF67-20250115-sY09,15-01-2025,10-01-2026,28-01-2025,Earthly Delights,"Earthly Delights (Koramangala), Bangalore",30,In Stock,4ebd95ec8742be0adb26250e8aa555b67c3f38a69bfe9a0d1d3124b4820f531d
ORG-SPI-DF67,Organic Black Pepper,Spices,500ml,459,12,"Ravi, Nath and Kaur Organic Farms","62/680, Mangal Chowk, Vijayawada",Jaivik Bharat,ORG-SPI-DF67-20250109-tP84,09-01-2025,04-01-2026,22-01-2025,Eco Friendly,"Eco Friendly (Gachibowli), Hyderabad",24,In Stock,5e2299ca400e82c35d2f2a86d9e786fdbd37e02b711029fe42c9813472d8ed3b
ORG-SPI-DF67,Organic Black Pepper,Spices,500ml,459,12,"Ravi, Nath and Kaur Organic Farms","62/680, Mangal Chowk, Vijayawada",Jaivik Bharat,ORG-SPI-DF67-20250108-RB35,08-01-2025,03-01-2026,18-01-2025,Eco Store,"Eco Store (Mavoor Road), Kozhikode",32,In Stock,a5d132eef8fa0009c05099453361ed98c019b1086c8a6f5f58a58b2f5eba55ac
ORG-SPI-DF67,Organic Black Pepper,Spices,500ml,459,12,"Ravi, Nath and Kaur Organic Farms","62/680, Mangal Chowk, Vijayawada",Jaivik Bharat,ORG-SPI-DF67-20250210-lw75,10-02-2025,05-02-2026,11-02-2025,Nature's Basket,"Nature's Basket (Kowdiar), Thiruvananthapuram",18,In Stock,5eb8ac5c56f7b6a92b5f3fd5e27edf4b7baa92eeef6627f4be46c532353d656b
ORG-SPI-DF67,Organic Black Pepper,Spices,500ml,459,12,"Ravi, Nath and Kaur Organic Farms","62/680, Mangal Chowk, Vijayawada",Jaivik Bharat,ORG-SPI-DF67-20250114-dU42,14-01-2025,09-01-2026,26-01-2025,Eco Friendly,"Eco Friendly (Gachibowli), Hyderabad",14,In Stock,486578a19b88659921a966a55c1d13cdff7af44bb5ca0f441912d3a940928fbf
ORG-SPI-DF67,Organic Black Pepper,Spices,500ml,459,12,"Ravi, Nath and Kaur Organic Farms","62/680, Mangal Chowk, Vijayawada",Jaivik Bharat,ORG-SPI-DF67-20250220-tN24,20-02-2025,15-02-2026,01-03-2025,Namma Organic,"Namma Organic (Vijaynagar), Mysore",7,Low Stock,dca28ed3c8715956d163ed1fdd42a2e297b7664ba879af0a2130e561bead2f9b
ORG-SPI-DF67,Organic Black Pepper,Spices,500ml,459,12,"Ravi, Nath and Kaur Organic Farms","62/680, Mangal Chowk, Vijayawada",Jaivik Bharat,ORG-SPI-DF67-20250111-el03,11-01-2025,06-01-2026,23-01-2025,Organic World,"Organic World (Kadavanthara), Ernakulam",17,In Stock,360ced4c33eca7e2f2acf9af72417878389c782103f2ba16435d08711dba623a
ORG-SPI-DF67,Organic Black Pepper,Spices,500ml,459,12,"Ravi, Nath and Kaur Organic Farms","62/680, Mangal Chowk, Vijayawada",Jaivik Bharat,ORG-SPI-DF67-20250123-uE58,23-01-2025,18-01-2026,05-02-2025,Green Fields,"Green Fields (Banjara Hills), Hyderabad",39,In Stock,f2e7ffbb67f58d06262d1a39afbc246ea15b2f7f0baea661bc4603758c3fa409
ORG-SPI-GK60,Organic Cinnamon,Spices,500g,790,12,Chakrabarti-Ganesh Organic Farms,"36/812, Mitter Zila, Visakhapatnam",India Organic,ORG-SPI-GK60-20250114-Ir17,14-01-2025,09-01-2026,28-01-2025,Coastal Organics,"Coastal Organics (Beach Road), Visakhapatnam",49,In Stock,d7644048c70028e4ff1904942deadd9ca59d72f2988e60823ef1cb3f13de799b
ORG-SPI-GK60,Organic Cinnamon,Spices,500g,790,12,Chakrabarti-Ganesh Organic Farms,"36/812, Mitter Zila, Visakhapatnam",India Organic,ORG-SPI-GK60-20250106-ds11,06-01-2025,01-01-2026,15-01-2025,Namma Organic,"Namma Organic (Vijaynagar), Mysore",7,Low Stock,f2c361b18b7868f3b5e803471fa98b9a15fc9a0620400df0706f159210ffb0cf
ORG-SPI-GK60,Organic Cinnamon,Spices,500g,790,12,Chakrabarti-Ganesh Organic Farms,"36/812, Mitter Zila, Visakhapatnam",India Organic,ORG-SPI-GK60-20250303-iX80,03-03-2025,26-02-2026,14-03-2025,Green Mart,"Green Mart (Edappally), Ernakulam",40,In Stock,ee31fe780d43e60d007211f15ec586d7654d457db4544a1991a247f7bf267998
ORG-SPI-GK60,Organic Cinnamon,Spices,500g,790,12,Chakrabarti-Ganesh Organic Farms,"36/812, Mitter Zila, Visakhapatnam",India Organic,ORG-SPI-GK60-20250217-oS75,17-02-2025,12-02-2026,04-03-2025,Earthly Delights,"Earthly Delights (Koramangala), Bangalore",18,In Stock,b47e1b6ffe2f6e80d2aef743d2199e40dc815725db2b1e2fed6f4d9352c4f828
ORG-SPI-GK60,Organic Cinnamon,Spices,500g,790,12,Chakrabarti-Ganesh Organic Farms,"36/812, Mitter Zila, Visakhapatnam",India Organic,ORG-SPI-GK60-20250112-lO10,12-01-2025,07-01-2026,17-01-2025,Nature's Basket,"Nature's Basket (Kowdiar), Thiruvananthapuram",10,Low Stock,934e86450e193ed78a406c7d2371ab89d5d1294088aff0bf9b3b48df6283241e
ORG-SPI-GK60,Organic Cinnamon,Spices,500g,790,12,Chakrabarti-Ganesh Organic Farms,"36/812, Mitter Zila, Visakhapatnam",India Organic,ORG-SPI-GK60-20250427-Lo09,27-04-2025,22-04-2026,10-05-2025,Pure Roots,"Pure Roots (RS Puram), Coimbatore",29,In Stock,cf6f55fbf432680d4f2079d86dcf4ece4192b6f14a1549a52a47ad80ba70f773
ORG-SPI-GK60,Organic Cinnamon,Spices,500g,790,12,Chakrabarti-Ganesh Organic Farms,"36/812, Mitter Zila, Visakhapatnam",India Organic,ORG-SPI-GK60-20250131-wI99,31-01-2025,26-01-2026,01-02-2025,Earthly Delights,"Earthly Delights (Koramangala), Bangalore",10,Low Stock,f20bb78b327694100264ad2b6351ab3fffd65254a650ab9f927650f59595c982
ORG-SPI-GK60,Organic Cinnamon,Spices,500g,790,12,Chakrabarti-Ganesh Organic Farms,"36/812, Mitter Zila, Visakhapatnam",India Organic,ORG-SPI-GK60-20250202-zT30,02-02-2025,28-01-2026,09-02-2025,Pure Roots,"Pure Roots (RS Puram), Coimbatore",46,In Stock,6a74fc1870233d37b1fa8fb8d4a6aa22a4f573a49c19b64eaa6292bf789da8a6
ORG-SPI-GK60,Organic Cinnamon,Spices,500g,790,12,Chakrabarti-Ganesh Organic Farms,"36/812, Mitter Zila, Visakhapatnam",India Organic,ORG-SPI-GK60-20250124-Ot18,24-01-2025,19-01-2026,07-02-2025,Green Valley,"Green Valley (Indiranagar), Bangalore",43,In Stock,5903ef9ba5e4f73130346dae19d7aaef998c0545b51f2b96323bf14240ca7160
ORG-SPI-GK60,Organic Cinnamon,Spices,500g,790,12,Chakrabarti-Ganesh Organic Farms,"36/812, Mitter Zila, Visakhapatnam",India Organic,ORG-SPI-GK60-20250202-Yc33,02-02-2025,28-01-2026,11-02-2025,Coastal Organics,"Coastal Organics (Beach Road), Visakhapatnam",5,Low Stock,07792e0ee034c25ffd00d82889653c1772fa02a992e806a45e36e7f5c65eacdb
ORG-SPI-GK60,Organic Cinnamon,Spices,500g,790,12,Chakrabarti-Ganesh Organic Farms,"36/812, Mitter Zila, Visakhapatnam",India Organic,ORG-SPI-GK60-20250401-Bu56,01-04-2025,27-03-2026,12-04-2025,Nature's Basket,"Nature's Basket (Kowdiar), Thiruvananthapuram",46,In Stock,f2d67e97fe984860648fd78844acc4578d60d20a1167bdf65a2629c07083b598
ORG-SPI-GK60,Organic Cinnamon,Spices,500g,790,12,Chakrabarti-Ganesh Organic Farms,"36/812, Mitter Zila, Visakhapatnam",India Organic,ORG-SPI-GK60-20250220-hG31,20-02-2025,15-02-2026,27-02-2025,Pure Roots,"Pure Roots (RS Puram), Coimbatore",20,In Stock,fc82fb4a31264e28c49c531382a868083d2e25e740aeaefe5708d1ba46ad330d
ORG-SPI-GK60,Organic Cinnamon,Spices,500g,790,12,Chakrabarti-Ganesh Organic Farms,"36/812, Mitter Zila, Visakhapatnam",India Organic,ORG-SPI-GK60-20250110-PP81,10-01-2025,05-01-2026,19-01-2025,Coastal Organics,"Coastal Organics (Beach Road), Visakhapatnam",15,In Stock,99a30bf56f109a1b33ef22a6100568264c2112bbf8451ee409d5b7942bce2e68
ORG-SPI-GK60,Organic Cinnamon,Spices,500g,790,12,Chakrabarti-Ganesh Organic Farms,"36/812, Mitter Zila, Visakhapatnam",India Organic,ORG-SPI-GK60-20250115-zN23,15-01-2025,10-01-2026,19-01-2025,Nature's Basket,"Nature's Basket (Kowdiar), Thiruvananthapuram",32,In Stock,eb8089de451e3750172e3a5156fb94ce7533cddb95512a09c48455f8a652ac17
ORG-SPI-GK60,Organic Cinnamon,Spices,500g,790,12,Chakrabarti-Ganesh Organic Farms,"36/812, Mitter Zila, Visakhapatnam",India Organic,ORG-SPI-GK60-20250120-fE22,20-01-2025,15-01-2026,01-02-2025,Nature's Basket,"Nature's Basket (Kowdiar), Thiruvananthapuram",34,In Stock,d98b3b545a7dad2c7fd07de358042279b47e02e4799caf4c6569413865c13cea
ORG-SPI-GK60,Organic Cinnamon,Spices,500g,790,12,Chakrabarti-Ganesh Organic Farms,"36/812, Mitter Zila, Visakhapatnam",India Organic,ORG-SPI-GK60-20250108-Ki92,08-01-2025,03-01-2026,15-01-2025,Coastal Organics,"Coastal Organics (Beach Road), Visakhapatnam",15,In Stock,47600db1ec2d47b9d60cd0f39b66835aac6d997f026472d5c9854854369ea7f7
ORG-SPI-GK60,Organic Cinnamon,Spices,500g,790,12,Chakrabarti-Ganesh Organic Farms,"36/812, Mitter Zila, Visakhapatnam",India Organic,ORG-SPI-GK60-20250117-iX86,17-01-2025,12-01-2026,25-01-2025,Green Valley,"Green Valley (Indiranagar), Bangalore",13,In Stock,a625cc3fecbc667b38aa678060a2f11108d502f926e246d9af330b6dc3983ca3
ORG-SPI-GK60,Organic Cinnamon,Spices,500g,790,12,Chakrabarti-Ganesh Organic Farms,"36/812, Mitter Zila, Visakhapatnam",India Organic,ORG-SPI-GK60-20250423-Na45,23-04-2025,18-04-2026,25-04-2025,Pure Roots,"Pure Roots (RS Puram), Coimbatore",34,In Stock,30e63399a17e226f538abd89af7b57710659416b2e33a95bc3b19de881a15c05
ORG-SPI-GK60,Organic Cinnamon,Spices,500g,790,12,Chakrabarti-Ganesh Organic Farms,"36/812, Mitter Zila, Visakhapatnam",India Organic,ORG-SPI-GK60-20250120-is54,20-01-2025,15-01-2026,25-01-2025,Eco Friendly,"Eco Friendly (Gachibowli), Hyderabad",47,In Stock,9cb0fe0b68410434e9be8e298a8637d6eb9f00474a0dde8c0bdf346ebbcf0c44
ORG-SPI-GK60,Organic Cinnamon,Spices,500g,790,12,Chakrabarti-Ganesh Organic Farms,"36/812, Mitter Zila, Visakhapatnam",India Organic,ORG-SPI-GK60-20250110-tE70,10-01-2025,05-01-2026,12-01-2025,Pure Roots,"Pure Roots (RS Puram), Coimbatore",45,In Stock,dbd5b456040a67795b0e737e8c645e17d5c1339064766b22679c133d7689af7d
ORG-SPI-GK60,Organic Cinnamon,Spices,500g,790,12,Chakrabarti-Ganesh Organic Farms,"36/812, Mitter Zila, Visakhapatnam",India Organic,ORG-SPI-GK60-20250126-va14,26-01-2025,21-01-2026,09-02-2025,Coastal Organics,"Coastal Organics (Beach Road), Visakhapatnam",26,In Stock,01afbb798df67f589a9d7ce6619d5024f7e0bc3cd60ae0be6e1b6abb4efbbfc9
ORG-SPI-GK60,Organic Cinnamon,Spices,500g,790,12,Chakrabarti-Ganesh Organic Farms,"36/812, Mitter Zila, Visakhapatnam",India Organic,ORG-SPI-GK60-20250414-kl01,14-04-2025,09-04-2026,18-04-2025,Green Mart,"Green Mart (Edappally), Ernakulam",31,In Stock,63f8a9dd110cc340d936e48dae35cb036e49abc3dbe0095a4966070ac2f3face
ORG-SPI-GK60,Organic Cinnamon,Spices,500g,790,12,Chakrabarti-Ganesh Organic Farms,"36/812, Mitter Zila, Visakhapatnam",India Organic,ORG-SPI-GK60-20250118-uK36,18-01-2025,13-01-2026,30-01-2025,Green Fields,"Green Fields (Banjara Hills), Hyderabad",40,In Stock,b09836937072a204b035d76c724e4a4f1c528f3bb83b8de52b3d2e393638f8cb
ORG-SPI-GK60,Organic Cinnamon,Spices,500g,790,12,Chakrabarti-Ganesh Organic Farms,"36/812, Mitter Zila, Visakhapatnam",India Organic,ORG-SPI-GK60-20250507-Wd67,07-05-2025,02-05-2026,08-05-2025,Green Mart,"Green Mart (Edappally), Ernakulam",25,In Stock,07f222633fa900cd7d3072e312082f057b472aa76542e9d7965cc14d0d4f2772
ORG-SPI-GK60,Organic Cinnamon,Spices,500g,790,12,Chakrabarti-Ganesh Organic Farms,"36/812, Mitter Zila, Visakhapatnam",India Organic,ORG-SPI-GK60-20250130-yx54,30-01-2025,25-01-2026,01-02-2025,Green Fields,"Green Fields (Banjara Hills), Hyderabad",4,Low Stock,027069ad9050cb559022dbf99521baa0e2a33287913c1497fd8a9170a4e373ab
ORG-SPI-GK60,Organic Cinnamon,Spices,500g,790,12,Chakrabarti-Ganesh Organic Farms,"36/812, Mitter Zila, Visakhapatnam",India Organic,ORG-SPI-GK60-20250106-ko65,06-01-2025,01-01-2026,12-01-2025,Earthly Delights,"Earthly Delights (Koramangala), Bangalore",42,In Stock,8b48d0a1e8dde8d066c0218bd6989c74456295d609db9ea775cc3c1c03bd22b4
ORG-SPI-GK60,Organic Cinnamon,Spices,500g,790,12,Chakrabarti-Ganesh Organic Farms,"36/812, Mitter Zila, Visakhapatnam",India Organic,ORG-SPI-GK60-20250108-tB24,08-01-2025,03-01-2026,12-01-2025,Fresh Harvest,"Fresh Harvest (T. Nagar), Chennai",5,Low Stock,35270926e3c836e471f34549af15d290934530f42ac7d8ab98e5e603ecf8a2df
ORG-SPI-GK60,Organic Cinnamon,Spices,500g,790,12,Chakrabarti-Ganesh Organic Farms,"36/812, Mitter Zila, Visakhapatnam",India Organic,ORG-SPI-GK60-20250115-vX16,15-01-2025,10-01-2026,28-01-2025,Organic World,"Organic World (Kadavanthara), Ernakulam",0,Out of Stock,6f995f1cb85658ba4e20c6a25acce608450daf936b1a9c099fc9064d970f1ce5
ORG-SPI-GK60,Organic Cinnamon,Spices,500g,790,12,Chakrabarti-Ganesh Organic Farms,"36/812, Mitter Zila, Visakhapatnam",India Organic,ORG-SPI-GK60-20250321-RF74,21-03-2025,16-03-2026,01-04-2025,Eco Store,"Eco Store (Mavoor Road), Kozhikode",20,In Stock,78244e5fcd1246b91070590b13e39ebddaf750d62c9b6266283f4683a417f763
ORG-SPI-GK60,Organic Cinnamon,Spices,500g,790,12,Chakrabarti-Ganesh Organic Farms,"36/812, Mitter Zila, Visakhapatnam",India Organic,ORG-SPI-GK60-20250121-Ib06,21-01-2025,16-01-2026,28-01-2025,Namma Organic,"Namma Organic (Vijaynagar), Mysore",8,Low Stock,1b59b991b4431ecd5f3c3b5084c5f4c407f2f037448777c07b00c3bdca5e8f92
ORG-SPI-GK60,Organic Cinnamon,Spices,500g,790,12,Chakrabarti-Ganesh Organic Farms,"36/812, Mitter Zila, Visakhapatnam",India Organic,ORG-SPI-GK60-20250126-Tn93,26-01-2025,21-01-2026,07-02-2025,Earthly Delights,"Earthly Delights (Koramangala), Bangalore",15,In Stock,d6ee970c1f0ab995d99a6aeb027ec093c48ff2a2261d9767b17dc637e29e2c85
ORG-SPI-GK60,Organic Cinnamon,Spices,500g,790,12,Chakrabarti-Ganesh Organic Farms,"36/812, Mitter Zila, Visakhapatnam",India Organic,ORG-SPI-GK60-20250202-lR62,02-02-2025,28-01-2026,04-02-2025,Farm Fresh,"Farm Fresh (Vytilla), Ernakulam",32,In Stock,deee4f02e2b48fc02386b212a4fa07592b088544cf87fbc75d1b1b78706728f6
ORG-SPI-GK60,Organic Cinnamon,Spices,500g,790,12,Chakrabarti-Ganesh Organic Farms,"36/812, Mitter Zila, Visakhapatnam",India Organic,ORG-SPI-GK60-20250410-bz94,10-04-2025,05-04-2026,15-04-2025,Fresh Harvest,"Fresh Harvest (T. Nagar), Chennai",36,In Stock,cd759350ae0878ce61819e54a61edc1a44b17cde0102d97a3d2bcadc4726c5b4
ORG-SPI-GK60,Organic Cinnamon,Spices,500g,790,12,Chakrabarti-Ganesh Organic Farms,"36/812, Mitter Zila, Visakhapatnam",India Organic,ORG-SPI-GK60-20250307-aE72,07-03-2025,02-03-2026,08-03-2025,Coastal Organics,"Coastal Organics (Beach Road), Visakhapatnam",24,In Stock,873dc5f5ad880d508d3ebdff975599f0bb686727c7610e2447346b2c2931f6f4
ORG-SPI-GK60,Organic Cinnamon,Spices,500g,790,12,Chakrabarti-Ganesh Organic Farms,"36/812, Mitter Zila, Visakhapatnam",India Organic,ORG-SPI-GK60-20250207-Zk42,07-02-2025,02-02-2026,14-02-2025,Pure Roots,"Pure Roots (RS Puram), Coimbatore",48,In Stock,e4ba8d3b257c695da731e17f0c8684dbddd1cac492d2beb018fde8c7f6035756
ORG-SPI-GK60,Organic Cinnamon,Spices,500g,790,12,Chakrabarti-Ganesh Organic Farms,"36/812, Mitter Zila, Visakhapatnam",India Organic,ORG-SPI-GK60-20250311-zf13,11-03-2025,06-03-2026,13-03-2025,Coastal Organics,"Coastal Organics (Beach Road), Visakhapatnam",0,Out of Stock,96f810b322324f4d862531eba9d177e008ee90979009bd554d0a38ef2667f201
ORG-SPI-GK60,Organic Cinnamon,Spices,500g,790,12,Chakrabarti-Ganesh Organic Farms,"36/812, Mitter Zila, Visakhapatnam",India Organic,ORG-SPI-GK60-20250108-xG61,08-01-2025,03-01-2026,17-01-2025,Organic Heaven,"Organic Heaven (Adyar), Chennai",46,In Stock,bf1fe4fa918610cc1c78ede2069aac649ff441c2d40e4fee9c5fa0c3dbb8b162
ORG-SPI-GK60,Organic Cinnamon,Spices,500g,790,12,Chakrabarti-Ganesh Organic Farms,"36/812, Mitter Zila, Visakhapatnam",India Organic,ORG-SPI-GK60-20250109-Rd64,09-01-2025,04-01-2026,17-01-2025,Green Valley,"Green Valley (Indiranagar), Bangalore",2,Low Stock,e9f1937a6e0b0f39dc6e04095102aabb441aa9c9bf167d30a40e5b3fc5439a82
ORG-SPI-GK60,Organic Cinnamon,Spices,500g,790,12,Chakrabarti-Ganesh Organic Farms,"36/812, Mitter Zila, Visakhapatnam",India Organic,ORG-SPI-GK60-20250202-Hx27,02-02-2025,28-01-2026,03-02-2025,Nature's Basket,"Nature's Basket (Kowdiar), Thiruvananthapuram",18,In Stock,17aaab165058a2ecc27ab1d3e12fc746615f17853953ff052d1c555236cd21c4
ORG-SPI-GK60,Organic Cinnamon,Spices,500g,790,12,Chakrabarti-Ganesh Organic Farms,"36/812, Mitter Zila, Visakhapatnam",India Organic,ORG-SPI-GK60-20250111-ZU01,11-01-2025,06-01-2026,20-01-2025,Green Mart,"Green Mart (Edappally), Ernakulam",42,In Stock,ff5a08acd9d4852ae4f5217a69f512faad796df9642955ea1fd4d1039321e854
ORG-SPI-GK60,Organic Cinnamon,Spices,500g,790,12,Chakrabarti-Ganesh Organic Farms,"36/812, Mitter Zila, Visakhapatnam",India Organic,ORG-SPI-GK60-20250121-gz09,21-01-2025,16-01-2026,22-01-2025,Fresh Harvest,"Fresh Harvest (T. Nagar), Chennai",18,In Stock,b2893781e5559a987527982c319366f226dc29df4d0646109663e348a1a045bd
ORG-SPI-GK60,Organic Cinnamon,Spices,500g,790,12,Chakrabarti-Ganesh Organic Farms,"36/812, Mitter Zila, Visakhapatnam",India Organic,ORG-SPI-GK60-20250110-aG93,10-01-2025,05-01-2026,25-01-2025,Farm Fresh,"Farm Fresh (Vytilla), Ernakulam",46,In Stock,77d43344ce2aee7dab72a0c76fd1ceda925eefc9fcc062ca74e4fc3b2437bcc8
ORG-SPI-GK60,Organic Cinnamon,Spices,500g,790,12,Chakrabarti-Ganesh Organic Farms,"36/812, Mitter Zila, Visakhapatnam",India Organic,ORG-SPI-GK60-20250131-SJ69,31-01-2025,26-01-2026,05-02-2025,Namma Organic,"Namma Organic (Vijaynagar), Mysore",29,In Stock,dc715de7431bb5eeeb082267e50db1f3583710ab794bb554826d1aa87f6958e3
ORG-SPI-GK60,Organic Cinnamon,Spices,500g,790,12,Chakrabarti-Ganesh Organic Farms,"36/812, Mitter Zila, Visakhapatnam",India Organic,ORG-SPI-GK60-20250208-NJ79,08-02-2025,03-02-2026,19-02-2025,Namma Organic,"Namma Organic (Vijaynagar), Mysore",12,In Stock,8baf80a80f803c07bb20b0bca5e17396cb5785799f11acb8e9934934d4bab617
ORG-SPI-GK60,Organic Cinnamon,Spices,500g,790,12,Chakrabarti-Ganesh Organic Farms,"36/812, Mitter Zila, Visakhapatnam",India Organic,ORG-SPI-GK60-20250113-cL58,13-01-2025,08-01-2026,21-01-2025,Earthly Delights,"Earthly Delights (Koramangala), Bangalore",6,Low Stock,20e1b69d1b692892477f86cdfeb4ef4db55db98b51819f6160eda62194021a2d
ORG-SPI-GK60,Organic Cinnamon,Spices,500g,790,12,Chakrabarti-Ganesh Organic Farms,"36/812, Mitter Zila, Visakhapatnam",India Organic,ORG-SPI-GK60-20250131-gX61,31-01-2025,26-01-2026,02-02-2025,Namma Organic,"Namma Organic (Vijaynagar), Mysore",29,In Stock,ee18319007ac9c0c71fc0212d0cc10280010a2836bcc007915b1389c738c4cb3
ORG-SPI-GK60,Organic Cinnamon,Spices,500g,790,12,Chakrabarti-Ganesh Organic Farms,"36/812, Mitter Zila, Visakhapatnam",India Organic,ORG-SPI-GK60-20250212-ja86,12-02-2025,07-02-2026,25-02-2025,Earthly Delights,"Earthly Delights (Koramangala), Bangalore",49,In Stock,337f45c86f44208c10ec88d90f67c532806e2a4a1db3bf2f6776823fe435fa25
ORG-SPI-GK60,Organic Cinnamon,Spices,500g,790,12,Chakrabarti-Ganesh Organic Farms,"36/812, Mitter Zila, Visakhapatnam",India Organic,ORG-SPI-GK60-20250128-QR14,28-01-2025,23-01-2026,09-02-2025,Fresh Harvest,"Fresh Harvest (T. Nagar), Chennai",42,In Stock,1a014efd547fa105c56158d40c35317121c1a5b553dc05f9afbd29b74ffa10f8
ORG-SPI-GK60,Organic Cinnamon,Spices,500g,790,12,Chakrabarti-Ganesh Organic Farms,"36/812, Mitter Zila, Visakhapatnam",India Organic,ORG-SPI-GK60-20250108-dq58,08-01-2025,03-01-2026,09-01-2025,Farm Fresh,"Farm Fresh (Vytilla), Ernakulam",42,In Stock,ed7bce4b83f5a1803643a3b606a8da136f1421768753bb05218e97be712533d7
ORG-SPI-GK60,Organic Cinnamon,Spices,500g,790,12,Chakrabarti-Ganesh Organic Farms,"36/812, Mitter Zila, Visakhapatnam",India Organic,ORG-SPI-GK60-20250111-Hx14,11-01-2025,06-01-2026,21-01-2025,Pure Roots,"Pure Roots (RS Puram), Coimbatore",9,Low Stock,716b1d8d512b96e813c8e85df7cc80d166dfd5910621d873ab377db43aa92f53
